10:24:44 AM [vite] (client) Re-optimizing dependencies because vite config has changed

  VITE v8.0.10  ready in 425 ms

  ➜  Local:   [REDACTED:TEST_BASE_URL_OVERRIDE]/
10:25:06 AM [vite] (client) [console.warn] Sentry DSN not configured, skipping initialization
10:25:07 AM [vite] (client) [console.warn] Clerk: Clerk has been loaded with development keys. Development instances have strict usage limits and should not be used when deploying your application to production. Learn more: https://clerk.com/docs/deployments/overview
10:25:07 AM [vite] (client) [Unhandled rejection] Error: Maximum update depth exceeded. This can happen when a component repeatedly calls setState inside componentWillUpdate or componentDidUpdate. React limits the number of nested updates to prevent infinite loops.
 > getRootForUpdatedFiber ../../node_modules/.bun/react-dom@19.2.5+3f10a4be4e334a9b/node_modules/react-dom/cjs/react-dom-client.development.js:4624:10
 > enqueueConcurrentHookUpdate ../../node_modules/.bun/react-dom@19.2.5+3f10a4be4e334a9b/node_modules/react-dom/cjs/react-dom-client.development.js:4584:13
 > dispatchSetStateInternal ../../node_modules/.bun/react-dom@19.2.5+3f10a4be4e334a9b/node_modules/react-dom/cjs/react-dom-client.development.js:9167:17
 > dispatchSetState ../../node_modules/.bun/react-dom@19.2.5+3f10a4be4e334a9b/node_modules/react-dom/cjs/react-dom-client.development.js:9127:6
 > Transitioner.router.startTransition ../../node_modules/.bun/@tanstack+react-router@1.168.25+21ccd8898788a04d/node_modules/@tanstack/react-router/dist/esm/Transitioner.js:23:2
 > ../../node_modules/.bun/@tanstack+router-core@1.168.17/node_modules/@tanstack/router-core/dist/esm/router.js:526:9
 > RouterCore.load ../../node_modules/.bun/@tanstack+router-core@1.168.17/node_modules/@tanstack/router-core/dist/esm/router.js:525:17
 > RouterCore.commitLocation ../../node_modules/.bun/@tanstack+router-core@1.168.17/node_modules/@tanstack/router-core/dist/esm/router.js:387:40
 > RouterCore.buildAndCommitLocation ../../node_modules/.bun/@tanstack+router-core@1.168.17/node_modules/@tanstack/router-core/dist/esm/router.js:433:30

10:25:07 AM [vite] (client) [Unhandled rejection] Error: Maximum update depth exceeded. This can happen when a component repeatedly calls setState inside componentWillUpdate or componentDidUpdate. React limits the number of nested updates to prevent infinite loops.
 > getRootForUpdatedFiber ../../node_modules/.bun/react-dom@19.2.5+3f10a4be4e334a9b/node_modules/react-dom/cjs/react-dom-client.development.js:4624:10
 > enqueueConcurrentHookUpdate ../../node_modules/.bun/react-dom@19.2.5+3f10a4be4e334a9b/node_modules/react-dom/cjs/react-dom-client.development.js:4584:13
 > dispatchSetStateInternal ../../node_modules/.bun/react-dom@19.2.5+3f10a4be4e334a9b/node_modules/react-dom/cjs/react-dom-client.development.js:9167:17
 > dispatchSetState ../../node_modules/.bun/react-dom@19.2.5+3f10a4be4e334a9b/node_modules/react-dom/cjs/react-dom-client.development.js:9127:6
 > Transitioner.router.startTransition ../../node_modules/.bun/@tanstack+react-router@1.168.25+21ccd8898788a04d/node_modules/@tanstack/react-router/dist/esm/Transitioner.js:23:2
 > ../../node_modules/.bun/@tanstack+router-core@1.168.17/node_modules/@tanstack/router-core/dist/esm/router.js:526:9
 > RouterCore.load ../../node_modules/.bun/@tanstack+router-core@1.168.17/node_modules/@tanstack/router-core/dist/esm/router.js:525:17
 > RouterCore.commitLocation ../../node_modules/.bun/@tanstack+router-core@1.168.17/node_modules/@tanstack/router-core/dist/esm/router.js:387:40
 > RouterCore.buildAndCommitLocation ../../node_modules/.bun/@tanstack+router-core@1.168.17/node_modules/@tanstack/router-core/dist/esm/router.js:433:30

10:25:07 AM [vite] (client) [Unhandled rejection] Error: Maximum update depth exceeded. This can happen when a component repeatedly calls setState inside componentWillUpdate or componentDidUpdate. React limits the number of nested updates to prevent infinite loops.
 > getRootForUpdatedFiber ../../node_modules/.bun/react-dom@19.2.5+3f10a4be4e334a9b/node_modules/react-dom/cjs/react-dom-client.development.js:4624:10
 > enqueueConcurrentHookUpdate ../../node_modules/.bun/react-dom@19.2.5+3f10a4be4e334a9b/node_modules/react-dom/cjs/react-dom-client.development.js:4584:13
 > dispatchSetStateInternal ../../node_modules/.bun/react-dom@19.2.5+3f10a4be4e334a9b/node_modules/react-dom/cjs/react-dom-client.development.js:9167:17
 > dispatchSetState ../../node_modules/.bun/react-dom@19.2.5+3f10a4be4e334a9b/node_modules/react-dom/cjs/react-dom-client.development.js:9127:6
 > Transitioner.router.startTransition ../../node_modules/.bun/@tanstack+react-router@1.168.25+21ccd8898788a04d/node_modules/@tanstack/react-router/dist/esm/Transitioner.js:23:2
 > ../../node_modules/.bun/@tanstack+router-core@1.168.17/node_modules/@tanstack/router-core/dist/esm/router.js:526:9
 > RouterCore.load ../../node_modules/.bun/@tanstack+router-core@1.168.17/node_modules/@tanstack/router-core/dist/esm/router.js:525:17
 > RouterCore.commitLocation ../../node_modules/.bun/@tanstack+router-core@1.168.17/node_modules/@tanstack/router-core/dist/esm/router.js:387:40
 > RouterCore.buildAndCommitLocation ../../node_modules/.bun/@tanstack+router-core@1.168.17/node_modules/@tanstack/router-core/dist/esm/router.js:433:30

10:25:07 AM [vite] (client) [Unhandled rejection] Error: Maximum update depth exceeded. This can happen when a component repeatedly calls setState inside componentWillUpdate or componentDidUpdate. React limits the number of nested updates to prevent infinite loops.
 > getRootForUpdatedFiber ../../node_modules/.bun/react-dom@19.2.5+3f10a4be4e334a9b/node_modules/react-dom/cjs/react-dom-client.development.js:4624:10
 > enqueueConcurrentHookUpdate ../../node_modules/.bun/react-dom@19.2.5+3f10a4be4e334a9b/node_modules/react-dom/cjs/react-dom-client.development.js:4584:13
 > dispatchSetStateInternal ../../node_modules/.bun/react-dom@19.2.5+3f10a4be4e334a9b/node_modules/react-dom/cjs/react-dom-client.development.js:9167:17
 > dispatchSetState ../../node_modules/.bun/react-dom@19.2.5+3f10a4be4e334a9b/node_modules/react-dom/cjs/react-dom-client.development.js:9127:6
 > Transitioner.router.startTransition ../../node_modules/.bun/@tanstack+react-router@1.168.25+21ccd8898788a04d/node_modules/@tanstack/react-router/dist/esm/Transitioner.js:23:2
 > ../../node_modules/.bun/@tanstack+router-core@1.168.17/node_modules/@tanstack/router-core/dist/esm/router.js:526:9
 > RouterCore.load ../../node_modules/.bun/@tanstack+router-core@1.168.17/node_modules/@tanstack/router-core/dist/esm/router.js:525:17
 > RouterCore.commitLocation ../../node_modules/.bun/@tanstack+router-core@1.168.17/node_modules/@tanstack/router-core/dist/esm/router.js:387:40
 > RouterCore.buildAndCommitLocation ../../node_modules/.bun/@tanstack+router-core@1.168.17/node_modules/@tanstack/router-core/dist/esm/router.js:433:30

10:25:07 AM [vite] (client) [Unhandled rejection] Error: Maximum update depth exceeded. This can happen when a component repeatedly calls setState inside componentWillUpdate or componentDidUpdate. React limits the number of nested updates to prevent infinite loops.
 > getRootForUpdatedFiber ../../node_modules/.bun/react-dom@19.2.5+3f10a4be4e334a9b/node_modules/react-dom/cjs/react-dom-client.development.js:4624:10
 > enqueueConcurrentHookUpdate ../../node_modules/.bun/react-dom@19.2.5+3f10a4be4e334a9b/node_modules/react-dom/cjs/react-dom-client.development.js:4584:13
 > dispatchSetStateInternal ../../node_modules/.bun/react-dom@19.2.5+3f10a4be4e334a9b/node_modules/react-dom/cjs/react-dom-client.development.js:9167:17
 > dispatchSetState ../../node_modules/.bun/react-dom@19.2.5+3f10a4be4e334a9b/node_modules/react-dom/cjs/react-dom-client.development.js:9127:6
 > Transitioner.router.startTransition ../../node_modules/.bun/@tanstack+react-router@1.168.25+21ccd8898788a04d/node_modules/@tanstack/react-router/dist/esm/Transitioner.js:23:2
 > ../../node_modules/.bun/@tanstack+router-core@1.168.17/node_modules/@tanstack/router-core/dist/esm/router.js:526:9
 > RouterCore.load ../../node_modules/.bun/@tanstack+router-core@1.168.17/node_modules/@tanstack/router-core/dist/esm/router.js:525:17
 > RouterCore.commitLocation ../../node_modules/.bun/@tanstack+router-core@1.168.17/node_modules/@tanstack/router-core/dist/esm/router.js:387:40
 > RouterCore.buildAndCommitLocation ../../node_modules/.bun/@tanstack+router-core@1.168.17/node_modules/@tanstack/router-core/dist/esm/router.js:433:30

10:25:07 AM [vite] (client) [Unhandled rejection] Error: Maximum update depth exceeded. This can happen when a component repeatedly calls setState inside componentWillUpdate or componentDidUpdate. React limits the number of nested updates to prevent infinite loops.
 > getRootForUpdatedFiber ../../node_modules/.bun/react-dom@19.2.5+3f10a4be4e334a9b/node_modules/react-dom/cjs/react-dom-client.development.js:4624:10
 > enqueueConcurrentHookUpdate ../../node_modules/.bun/react-dom@19.2.5+3f10a4be4e334a9b/node_modules/react-dom/cjs/react-dom-client.development.js:4584:13
 > dispatchSetStateInternal ../../node_modules/.bun/react-dom@19.2.5+3f10a4be4e334a9b/node_modules/react-dom/cjs/react-dom-client.development.js:9167:17
 > dispatchSetState ../../node_modules/.bun/react-dom@19.2.5+3f10a4be4e334a9b/node_modules/react-dom/cjs/react-dom-client.development.js:9127:6
 > Transitioner.router.startTransition ../../node_modules/.bun/@tanstack+react-router@1.168.25+21ccd8898788a04d/node_modules/@tanstack/react-router/dist/esm/Transitioner.js:23:2
 > ../../node_modules/.bun/@tanstack+router-core@1.168.17/node_modules/@tanstack/router-core/dist/esm/router.js:526:9
 > RouterCore.load ../../node_modules/.bun/@tanstack+router-core@1.168.17/node_modules/@tanstack/router-core/dist/esm/router.js:525:17
 > RouterCore.commitLocation ../../node_modules/.bun/@tanstack+router-core@1.168.17/node_modules/@tanstack/router-core/dist/esm/router.js:387:40
 > RouterCore.buildAndCommitLocation ../../node_modules/.bun/@tanstack+router-core@1.168.17/node_modules/@tanstack/router-core/dist/esm/router.js:433:30

10:25:07 AM [vite] (client) [Unhandled rejection] Error: Maximum update depth exceeded. This can happen when a component repeatedly calls setState inside componentWillUpdate or componentDidUpdate. React limits the number of nested updates to prevent infinite loops.
 > getRootForUpdatedFiber ../../node_modules/.bun/react-dom@19.2.5+3f10a4be4e334a9b/node_modules/react-dom/cjs/react-dom-client.development.js:4624:10
 > enqueueConcurrentHookUpdate ../../node_modules/.bun/react-dom@19.2.5+3f10a4be4e334a9b/node_modules/react-dom/cjs/react-dom-client.development.js:4584:13
 > dispatchSetStateInternal ../../node_modules/.bun/react-dom@19.2.5+3f10a4be4e334a9b/node_modules/react-dom/cjs/react-dom-client.development.js:9167:17
 > dispatchSetState ../../node_modules/.bun/react-dom@19.2.5+3f10a4be4e334a9b/node_modules/react-dom/cjs/react-dom-client.development.js:9127:6
 > Transitioner.router.startTransition ../../node_modules/.bun/@tanstack+react-router@1.168.25+21ccd8898788a04d/node_modules/@tanstack/react-router/dist/esm/Transitioner.js:23:2
 > ../../node_modules/.bun/@tanstack+router-core@1.168.17/node_modules/@tanstack/router-core/dist/esm/router.js:526:9
 > RouterCore.load ../../node_modules/.bun/@tanstack+router-core@1.168.17/node_modules/@tanstack/router-core/dist/esm/router.js:525:17
 > RouterCore.commitLocation ../../node_modules/.bun/@tanstack+router-core@1.168.17/node_modules/@tanstack/router-core/dist/esm/router.js:387:40
 > RouterCore.buildAndCommitLocation ../../node_modules/.bun/@tanstack+router-core@1.168.17/node_modules/@tanstack/router-core/dist/esm/router.js:433:30

10:25:07 AM [vite] (client) [Unhandled rejection] Error: Maximum update depth exceeded. This can happen when a component repeatedly calls setState inside componentWillUpdate or componentDidUpdate. React limits the number of nested updates to prevent infinite loops.
 > getRootForUpdatedFiber ../../node_modules/.bun/react-dom@19.2.5+3f10a4be4e334a9b/node_modules/react-dom/cjs/react-dom-client.development.js:4624:10
 > enqueueConcurrentHookUpdate ../../node_modules/.bun/react-dom@19.2.5+3f10a4be4e334a9b/node_modules/react-dom/cjs/react-dom-client.development.js:4584:13
 > dispatchSetStateInternal ../../node_modules/.bun/react-dom@19.2.5+3f10a4be4e334a9b/node_modules/react-dom/cjs/react-dom-client.development.js:9167:17
 > dispatchSetState ../../node_modules/.bun/react-dom@19.2.5+3f10a4be4e334a9b/node_modules/react-dom/cjs/react-dom-client.development.js:9127:6
 > Transitioner.router.startTransition ../../node_modules/.bun/@tanstack+react-router@1.168.25+21ccd8898788a04d/node_modules/@tanstack/react-router/dist/esm/Transitioner.js:23:2
 > ../../node_modules/.bun/@tanstack+router-core@1.168.17/node_modules/@tanstack/router-core/dist/esm/router.js:526:9
 > RouterCore.load ../../node_modules/.bun/@tanstack+router-core@1.168.17/node_modules/@tanstack/router-core/dist/esm/router.js:525:17
 > RouterCore.commitLocation ../../node_modules/.bun/@tanstack+router-core@1.168.17/node_modules/@tanstack/router-core/dist/esm/router.js:387:40
 > RouterCore.buildAndCommitLocation ../../node_modules/.bun/@tanstack+router-core@1.168.17/node_modules/@tanstack/router-core/dist/esm/router.js:433:30

10:25:07 AM [vite] (client) [Unhandled rejection] Error: Maximum update depth exceeded. This can happen when a component repeatedly calls setState inside componentWillUpdate or componentDidUpdate. React limits the number of nested updates to prevent infinite loops.
 > getRootForUpdatedFiber ../../node_modules/.bun/react-dom@19.2.5+3f10a4be4e334a9b/node_modules/react-dom/cjs/react-dom-client.development.js:4624:10
 > enqueueConcurrentHookUpdate ../../node_modules/.bun/react-dom@19.2.5+3f10a4be4e334a9b/node_modules/react-dom/cjs/react-dom-client.development.js:4584:13
 > dispatchSetStateInternal ../../node_modules/.bun/react-dom@19.2.5+3f10a4be4e334a9b/node_modules/react-dom/cjs/react-dom-client.development.js:9167:17
 > dispatchSetState ../../node_modules/.bun/react-dom@19.2.5+3f10a4be4e334a9b/node_modules/react-dom/cjs/react-dom-client.development.js:9127:6
 > Transitioner.router.startTransition ../../node_modules/.bun/@tanstack+react-router@1.168.25+21ccd8898788a04d/node_modules/@tanstack/react-router/dist/esm/Transitioner.js:23:2
 > ../../node_modules/.bun/@tanstack+router-core@1.168.17/node_modules/@tanstack/router-core/dist/esm/router.js:526:9
 > RouterCore.load ../../node_modules/.bun/@tanstack+router-core@1.168.17/node_modules/@tanstack/router-core/dist/esm/router.js:525:17
 > RouterCore.commitLocation ../../node_modules/.bun/@tanstack+router-core@1.168.17/node_modules/@tanstack/router-core/dist/esm/router.js:387:40
 > RouterCore.buildAndCommitLocation ../../node_modules/.bun/@tanstack+router-core@1.168.17/node_modules/@tanstack/router-core/dist/esm/router.js:433:30

10:25:07 AM [vite] (client) [Unhandled rejection] Error: Maximum update depth exceeded. This can happen when a component repeatedly calls setState inside componentWillUpdate or componentDidUpdate. React limits the number of nested updates to prevent infinite loops.
 > getRootForUpdatedFiber ../../node_modules/.bun/react-dom@19.2.5+3f10a4be4e334a9b/node_modules/react-dom/cjs/react-dom-client.development.js:4624:10
 > enqueueConcurrentHookUpdate ../../node_modules/.bun/react-dom@19.2.5+3f10a4be4e334a9b/node_modules/react-dom/cjs/react-dom-client.development.js:4584:13
 > dispatchSetStateInternal ../../node_modules/.bun/react-dom@19.2.5+3f10a4be4e334a9b/node_modules/react-dom/cjs/react-dom-client.development.js:9167:17
 > dispatchSetState ../../node_modules/.bun/react-dom@19.2.5+3f10a4be4e334a9b/node_modules/react-dom/cjs/react-dom-client.development.js:9127:6
 > Transitioner.router.startTransition ../../node_modules/.bun/@tanstack+react-router@1.168.25+21ccd8898788a04d/node_modules/@tanstack/react-router/dist/esm/Transitioner.js:23:2
 > ../../node_modules/.bun/@tanstack+router-core@1.168.17/node_modules/@tanstack/router-core/dist/esm/router.js:526:9
 > RouterCore.load ../../node_modules/.bun/@tanstack+router-core@1.168.17/node_modules/@tanstack/router-core/dist/esm/router.js:525:17
 > RouterCore.commitLocation ../../node_modules/.bun/@tanstack+router-core@1.168.17/node_modules/@tanstack/router-core/dist/esm/router.js:387:40
 > RouterCore.buildAndCommitLocation ../../node_modules/.bun/@tanstack+router-core@1.168.17/node_modules/@tanstack/router-core/dist/esm/router.js:433:30

10:25:07 AM [vite] (client) [Unhandled rejection] Error: Maximum update depth exceeded. This can happen when a component repeatedly calls setState inside componentWillUpdate or componentDidUpdate. React limits the number of nested updates to prevent infinite loops.
 > getRootForUpdatedFiber ../../node_modules/.bun/react-dom@19.2.5+3f10a4be4e334a9b/node_modules/react-dom/cjs/react-dom-client.development.js:4624:10
 > enqueueConcurrentHookUpdate ../../node_modules/.bun/react-dom@19.2.5+3f10a4be4e334a9b/node_modules/react-dom/cjs/react-dom-client.development.js:4584:13
 > dispatchSetStateInternal ../../node_modules/.bun/react-dom@19.2.5+3f10a4be4e334a9b/node_modules/react-dom/cjs/react-dom-client.development.js:9167:17
 > dispatchSetState ../../node_modules/.bun/react-dom@19.2.5+3f10a4be4e334a9b/node_modules/react-dom/cjs/react-dom-client.development.js:9127:6
 > Transitioner.router.startTransition ../../node_modules/.bun/@tanstack+react-router@1.168.25+21ccd8898788a04d/node_modules/@tanstack/react-router/dist/esm/Transitioner.js:23:2
 > ../../node_modules/.bun/@tanstack+router-core@1.168.17/node_modules/@tanstack/router-core/dist/esm/router.js:526:9
 > RouterCore.load ../../node_modules/.bun/@tanstack+router-core@1.168.17/node_modules/@tanstack/router-core/dist/esm/router.js:525:17
 > RouterCore.commitLocation ../../node_modules/.bun/@tanstack+router-core@1.168.17/node_modules/@tanstack/router-core/dist/esm/router.js:387:40
 > RouterCore.buildAndCommitLocation ../../node_modules/.bun/@tanstack+router-core@1.168.17/node_modules/@tanstack/router-core/dist/esm/router.js:433:30

10:25:07 AM [vite] (client) [Unhandled rejection] Error: Maximum update depth exceeded. This can happen when a component repeatedly calls setState inside componentWillUpdate or componentDidUpdate. React limits the number of nested updates to prevent infinite loops.
 > getRootForUpdatedFiber ../../node_modules/.bun/react-dom@19.2.5+3f10a4be4e334a9b/node_modules/react-dom/cjs/react-dom-client.development.js:4624:10
 > enqueueConcurrentHookUpdate ../../node_modules/.bun/react-dom@19.2.5+3f10a4be4e334a9b/node_modules/react-dom/cjs/react-dom-client.development.js:4584:13
 > dispatchSetStateInternal ../../node_modules/.bun/react-dom@19.2.5+3f10a4be4e334a9b/node_modules/react-dom/cjs/react-dom-client.development.js:9167:17
 > dispatchSetState ../../node_modules/.bun/react-dom@19.2.5+3f10a4be4e334a9b/node_modules/react-dom/cjs/react-dom-client.development.js:9127:6
 > Transitioner.router.startTransition ../../node_modules/.bun/@tanstack+react-router@1.168.25+21ccd8898788a04d/node_modules/@tanstack/react-router/dist/esm/Transitioner.js:23:2
 > ../../node_modules/.bun/@tanstack+router-core@1.168.17/node_modules/@tanstack/router-core/dist/esm/router.js:526:9
 > RouterCore.load ../../node_modules/.bun/@tanstack+router-core@1.168.17/node_modules/@tanstack/router-core/dist/esm/router.js:525:17
 > RouterCore.commitLocation ../../node_modules/.bun/@tanstack+router-core@1.168.17/node_modules/@tanstack/router-core/dist/esm/router.js:387:40
 > RouterCore.buildAndCommitLocation ../../node_modules/.bun/@tanstack+router-core@1.168.17/node_modules/@tanstack/router-core/dist/esm/router.js:433:30

10:25:07 AM [vite] (client) [Unhandled rejection] Error: Maximum update depth exceeded. This can happen when a component repeatedly calls setState inside componentWillUpdate or componentDidUpdate. React limits the number of nested updates to prevent infinite loops.
 > getRootForUpdatedFiber ../../node_modules/.bun/react-dom@19.2.5+3f10a4be4e334a9b/node_modules/react-dom/cjs/react-dom-client.development.js:4624:10
 > enqueueConcurrentHookUpdate ../../node_modules/.bun/react-dom@19.2.5+3f10a4be4e334a9b/node_modules/react-dom/cjs/react-dom-client.development.js:4584:13
 > dispatchSetStateInternal ../../node_modules/.bun/react-dom@19.2.5+3f10a4be4e334a9b/node_modules/react-dom/cjs/react-dom-client.development.js:9167:17
 > dispatchSetState ../../node_modules/.bun/react-dom@19.2.5+3f10a4be4e334a9b/node_modules/react-dom/cjs/react-dom-client.development.js:9127:6
 > Transitioner.router.startTransition ../../node_modules/.bun/@tanstack+react-router@1.168.25+21ccd8898788a04d/node_modules/@tanstack/react-router/dist/esm/Transitioner.js:23:2
 > ../../node_modules/.bun/@tanstack+router-core@1.168.17/node_modules/@tanstack/router-core/dist/esm/router.js:526:9
 > RouterCore.load ../../node_modules/.bun/@tanstack+router-core@1.168.17/node_modules/@tanstack/router-core/dist/esm/router.js:525:17
 > RouterCore.commitLocation ../../node_modules/.bun/@tanstack+router-core@1.168.17/node_modules/@tanstack/router-core/dist/esm/router.js:387:40
 > RouterCore.buildAndCommitLocation ../../node_modules/.bun/@tanstack+router-core@1.168.17/node_modules/@tanstack/router-core/dist/esm/router.js:433:30

10:25:07 AM [vite] (client) [Unhandled rejection] Error: Maximum update depth exceeded. This can happen when a component repeatedly calls setState inside componentWillUpdate or componentDidUpdate. React limits the number of nested updates to prevent infinite loops.
 > getRootForUpdatedFiber ../../node_modules/.bun/react-dom@19.2.5+3f10a4be4e334a9b/node_modules/react-dom/cjs/react-dom-client.development.js:4624:10
 > enqueueConcurrentHookUpdate ../../node_modules/.bun/react-dom@19.2.5+3f10a4be4e334a9b/node_modules/react-dom/cjs/react-dom-client.development.js:4584:13
 > dispatchSetStateInternal ../../node_modules/.bun/react-dom@19.2.5+3f10a4be4e334a9b/node_modules/react-dom/cjs/react-dom-client.development.js:9167:17
 > dispatchSetState ../../node_modules/.bun/react-dom@19.2.5+3f10a4be4e334a9b/node_modules/react-dom/cjs/react-dom-client.development.js:9127:6
 > Transitioner.router.startTransition ../../node_modules/.bun/@tanstack+react-router@1.168.25+21ccd8898788a04d/node_modules/@tanstack/react-router/dist/esm/Transitioner.js:23:2
 > ../../node_modules/.bun/@tanstack+router-core@1.168.17/node_modules/@tanstack/router-core/dist/esm/router.js:526:9
 > RouterCore.load ../../node_modules/.bun/@tanstack+router-core@1.168.17/node_modules/@tanstack/router-core/dist/esm/router.js:525:17
 > RouterCore.commitLocation ../../node_modules/.bun/@tanstack+router-core@1.168.17/node_modules/@tanstack/router-core/dist/esm/router.js:387:40
 > RouterCore.buildAndCommitLocation ../../node_modules/.bun/@tanstack+router-core@1.168.17/node_modules/@tanstack/router-core/dist/esm/router.js:433:30

10:25:07 AM [vite] (client) [Unhandled rejection] Error: Maximum update depth exceeded. This can happen when a component repeatedly calls setState inside componentWillUpdate or componentDidUpdate. React limits the number of nested updates to prevent infinite loops.
 > getRootForUpdatedFiber ../../node_modules/.bun/react-dom@19.2.5+3f10a4be4e334a9b/node_modules/react-dom/cjs/react-dom-client.development.js:4624:10
 > enqueueConcurrentHookUpdate ../../node_modules/.bun/react-dom@19.2.5+3f10a4be4e334a9b/node_modules/react-dom/cjs/react-dom-client.development.js:4584:13
 > dispatchSetStateInternal ../../node_modules/.bun/react-dom@19.2.5+3f10a4be4e334a9b/node_modules/react-dom/cjs/react-dom-client.development.js:9167:17
 > dispatchSetState ../../node_modules/.bun/react-dom@19.2.5+3f10a4be4e334a9b/node_modules/react-dom/cjs/react-dom-client.development.js:9127:6
 > Transitioner.router.startTransition ../../node_modules/.bun/@tanstack+react-router@1.168.25+21ccd8898788a04d/node_modules/@tanstack/react-router/dist/esm/Transitioner.js:23:2
 > ../../node_modules/.bun/@tanstack+router-core@1.168.17/node_modules/@tanstack/router-core/dist/esm/router.js:526:9
 > RouterCore.load ../../node_modules/.bun/@tanstack+router-core@1.168.17/node_modules/@tanstack/router-core/dist/esm/router.js:525:17
 > RouterCore.commitLocation ../../node_modules/.bun/@tanstack+router-core@1.168.17/node_modules/@tanstack/router-core/dist/esm/router.js:387:40
 > RouterCore.buildAndCommitLocation ../../node_modules/.bun/@tanstack+router-core@1.168.17/node_modules/@tanstack/router-core/dist/esm/router.js:433:30

10:25:07 AM [vite] (client) [Unhandled rejection] Error: Maximum update depth exceeded. This can happen when a component repeatedly calls setState inside componentWillUpdate or componentDidUpdate. React limits the number of nested updates to prevent infinite loops.
 > getRootForUpdatedFiber ../../node_modules/.bun/react-dom@19.2.5+3f10a4be4e334a9b/node_modules/react-dom/cjs/react-dom-client.development.js:4624:10
 > enqueueConcurrentHookUpdate ../../node_modules/.bun/react-dom@19.2.5+3f10a4be4e334a9b/node_modules/react-dom/cjs/react-dom-client.development.js:4584:13
 > dispatchSetStateInternal ../../node_modules/.bun/react-dom@19.2.5+3f10a4be4e334a9b/node_modules/react-dom/cjs/react-dom-client.development.js:9167:17
 > dispatchSetState ../../node_modules/.bun/react-dom@19.2.5+3f10a4be4e334a9b/node_modules/react-dom/cjs/react-dom-client.development.js:9127:6
 > Transitioner.router.startTransition ../../node_modules/.bun/@tanstack+react-router@1.168.25+21ccd8898788a04d/node_modules/@tanstack/react-router/dist/esm/Transitioner.js:23:2
 > ../../node_modules/.bun/@tanstack+router-core@1.168.17/node_modules/@tanstack/router-core/dist/esm/router.js:526:9
 > RouterCore.load ../../node_modules/.bun/@tanstack+router-core@1.168.17/node_modules/@tanstack/router-core/dist/esm/router.js:525:17
 > RouterCore.commitLocation ../../node_modules/.bun/@tanstack+router-core@1.168.17/node_modules/@tanstack/router-core/dist/esm/router.js:387:40
 > RouterCore.buildAndCommitLocation ../../node_modules/.bun/@tanstack+router-core@1.168.17/node_modules/@tanstack/router-core/dist/esm/router.js:433:30

10:25:07 AM [vite] (client) [Unhandled rejection] Error: Maximum update depth exceeded. This can happen when a component repeatedly calls setState inside componentWillUpdate or componentDidUpdate. React limits the number of nested updates to prevent infinite loops.
 > getRootForUpdatedFiber ../../node_modules/.bun/react-dom@19.2.5+3f10a4be4e334a9b/node_modules/react-dom/cjs/react-dom-client.development.js:4624:10
 > enqueueConcurrentHookUpdate ../../node_modules/.bun/react-dom@19.2.5+3f10a4be4e334a9b/node_modules/react-dom/cjs/react-dom-client.development.js:4584:13
 > dispatchSetStateInternal ../../node_modules/.bun/react-dom@19.2.5+3f10a4be4e334a9b/node_modules/react-dom/cjs/react-dom-client.development.js:9167:17
 > dispatchSetState ../../node_modules/.bun/react-dom@19.2.5+3f10a4be4e334a9b/node_modules/react-dom/cjs/react-dom-client.development.js:9127:6
 > Transitioner.router.startTransition ../../node_modules/.bun/@tanstack+react-router@1.168.25+21ccd8898788a04d/node_modules/@tanstack/react-router/dist/esm/Transitioner.js:23:2
 > ../../node_modules/.bun/@tanstack+router-core@1.168.17/node_modules/@tanstack/router-core/dist/esm/router.js:526:9
 > RouterCore.load ../../node_modules/.bun/@tanstack+router-core@1.168.17/node_modules/@tanstack/router-core/dist/esm/router.js:525:17
 > RouterCore.commitLocation ../../node_modules/.bun/@tanstack+router-core@1.168.17/node_modules/@tanstack/router-core/dist/esm/router.js:387:40
 > RouterCore.buildAndCommitLocation ../../node_modules/.bun/@tanstack+router-core@1.168.17/node_modules/@tanstack/router-core/dist/esm/router.js:433:30

10:25:07 AM [vite] (client) [Unhandled rejection] Error: Maximum update depth exceeded. This can happen when a component repeatedly calls setState inside componentWillUpdate or componentDidUpdate. React limits the number of nested updates to prevent infinite loops.
 > getRootForUpdatedFiber ../../node_modules/.bun/react-dom@19.2.5+3f10a4be4e334a9b/node_modules/react-dom/cjs/react-dom-client.development.js:4624:10
 > enqueueConcurrentHookUpdate ../../node_modules/.bun/react-dom@19.2.5+3f10a4be4e334a9b/node_modules/react-dom/cjs/react-dom-client.development.js:4584:13
 > dispatchSetStateInternal ../../node_modules/.bun/react-dom@19.2.5+3f10a4be4e334a9b/node_modules/react-dom/cjs/react-dom-client.development.js:9167:17
 > dispatchSetState ../../node_modules/.bun/react-dom@19.2.5+3f10a4be4e334a9b/node_modules/react-dom/cjs/react-dom-client.development.js:9127:6
 > Transitioner.router.startTransition ../../node_modules/.bun/@tanstack+react-router@1.168.25+21ccd8898788a04d/node_modules/@tanstack/react-router/dist/esm/Transitioner.js:23:2
 > ../../node_modules/.bun/@tanstack+router-core@1.168.17/node_modules/@tanstack/router-core/dist/esm/router.js:526:9
 > RouterCore.load ../../node_modules/.bun/@tanstack+router-core@1.168.17/node_modules/@tanstack/router-core/dist/esm/router.js:525:17
 > RouterCore.commitLocation ../../node_modules/.bun/@tanstack+router-core@1.168.17/node_modules/@tanstack/router-core/dist/esm/router.js:387:40
 > RouterCore.buildAndCommitLocation ../../node_modules/.bun/@tanstack+router-core@1.168.17/node_modules/@tanstack/router-core/dist/esm/router.js:433:30

10:25:07 AM [vite] (client) [Unhandled rejection] Error: Maximum update depth exceeded. This can happen when a component repeatedly calls setState inside componentWillUpdate or componentDidUpdate. React limits the number of nested updates to prevent infinite loops.
 > getRootForUpdatedFiber ../../node_modules/.bun/react-dom@19.2.5+3f10a4be4e334a9b/node_modules/react-dom/cjs/react-dom-client.development.js:4624:10
 > enqueueConcurrentHookUpdate ../../node_modules/.bun/react-dom@19.2.5+3f10a4be4e334a9b/node_modules/react-dom/cjs/react-dom-client.development.js:4584:13
 > dispatchSetStateInternal ../../node_modules/.bun/react-dom@19.2.5+3f10a4be4e334a9b/node_modules/react-dom/cjs/react-dom-client.development.js:9167:17
 > dispatchSetState ../../node_modules/.bun/react-dom@19.2.5+3f10a4be4e334a9b/node_modules/react-dom/cjs/react-dom-client.development.js:9127:6
 > Transitioner.router.startTransition ../../node_modules/.bun/@tanstack+react-router@1.168.25+21ccd8898788a04d/node_modules/@tanstack/react-router/dist/esm/Transitioner.js:23:2
 > ../../node_modules/.bun/@tanstack+router-core@1.168.17/node_modules/@tanstack/router-core/dist/esm/router.js:526:9
 > RouterCore.load ../../node_modules/.bun/@tanstack+router-core@1.168.17/node_modules/@tanstack/router-core/dist/esm/router.js:525:17
 > RouterCore.commitLocation ../../node_modules/.bun/@tanstack+router-core@1.168.17/node_modules/@tanstack/router-core/dist/esm/router.js:387:40
 > RouterCore.buildAndCommitLocation ../../node_modules/.bun/@tanstack+router-core@1.168.17/node_modules/@tanstack/router-core/dist/esm/router.js:433:30

10:25:07 AM [vite] (client) [Unhandled rejection] Error: Maximum update depth exceeded. This can happen when a component repeatedly calls setState inside componentWillUpdate or componentDidUpdate. React limits the number of nested updates to prevent infinite loops.
 > getRootForUpdatedFiber ../../node_modules/.bun/react-dom@19.2.5+3f10a4be4e334a9b/node_modules/react-dom/cjs/react-dom-client.development.js:4624:10
 > enqueueConcurrentHookUpdate ../../node_modules/.bun/react-dom@19.2.5+3f10a4be4e334a9b/node_modules/react-dom/cjs/react-dom-client.development.js:4584:13
 > dispatchSetStateInternal ../../node_modules/.bun/react-dom@19.2.5+3f10a4be4e334a9b/node_modules/react-dom/cjs/react-dom-client.development.js:9167:17
 > dispatchSetState ../../node_modules/.bun/react-dom@19.2.5+3f10a4be4e334a9b/node_modules/react-dom/cjs/react-dom-client.development.js:9127:6
 > Transitioner.router.startTransition ../../node_modules/.bun/@tanstack+react-router@1.168.25+21ccd8898788a04d/node_modules/@tanstack/react-router/dist/esm/Transitioner.js:23:2
 > ../../node_modules/.bun/@tanstack+router-core@1.168.17/node_modules/@tanstack/router-core/dist/esm/router.js:526:9
 > RouterCore.load ../../node_modules/.bun/@tanstack+router-core@1.168.17/node_modules/@tanstack/router-core/dist/esm/router.js:525:17
 > RouterCore.commitLocation ../../node_modules/.bun/@tanstack+router-core@1.168.17/node_modules/@tanstack/router-core/dist/esm/router.js:387:40
 > RouterCore.buildAndCommitLocation ../../node_modules/.bun/@tanstack+router-core@1.168.17/node_modules/@tanstack/router-core/dist/esm/router.js:433:30

10:25:07 AM [vite] (client) [Unhandled rejection] Error: Maximum update depth exceeded. This can happen when a component repeatedly calls setState inside componentWillUpdate or componentDidUpdate. React limits the number of nested updates to prevent infinite loops.
 > getRootForUpdatedFiber ../../node_modules/.bun/react-dom@19.2.5+3f10a4be4e334a9b/node_modules/react-dom/cjs/react-dom-client.development.js:4624:10
 > enqueueConcurrentHookUpdate ../../node_modules/.bun/react-dom@19.2.5+3f10a4be4e334a9b/node_modules/react-dom/cjs/react-dom-client.development.js:4584:13
 > dispatchSetStateInternal ../../node_modules/.bun/react-dom@19.2.5+3f10a4be4e334a9b/node_modules/react-dom/cjs/react-dom-client.development.js:9167:17
 > dispatchSetState ../../node_modules/.bun/react-dom@19.2.5+3f10a4be4e334a9b/node_modules/react-dom/cjs/react-dom-client.development.js:9127:6
 > Transitioner.router.startTransition ../../node_modules/.bun/@tanstack+react-router@1.168.25+21ccd8898788a04d/node_modules/@tanstack/react-router/dist/esm/Transitioner.js:23:2
 > ../../node_modules/.bun/@tanstack+router-core@1.168.17/node_modules/@tanstack/router-core/dist/esm/router.js:526:9
 > RouterCore.load ../../node_modules/.bun/@tanstack+router-core@1.168.17/node_modules/@tanstack/router-core/dist/esm/router.js:525:17
 > RouterCore.commitLocation ../../node_modules/.bun/@tanstack+router-core@1.168.17/node_modules/@tanstack/router-core/dist/esm/router.js:387:40
 > RouterCore.buildAndCommitLocation ../../node_modules/.bun/@tanstack+router-core@1.168.17/node_modules/@tanstack/router-core/dist/esm/router.js:433:30

10:25:07 AM [vite] (client) [Unhandled rejection] Error: Maximum update depth exceeded. This can happen when a component repeatedly calls setState inside componentWillUpdate or componentDidUpdate. React limits the number of nested updates to prevent infinite loops.
 > getRootForUpdatedFiber ../../node_modules/.bun/react-dom@19.2.5+3f10a4be4e334a9b/node_modules/react-dom/cjs/react-dom-client.development.js:4624:10
 > enqueueConcurrentHookUpdate ../../node_modules/.bun/react-dom@19.2.5+3f10a4be4e334a9b/node_modules/react-dom/cjs/react-dom-client.development.js:4584:13
 > dispatchSetStateInternal ../../node_modules/.bun/react-dom@19.2.5+3f10a4be4e334a9b/node_modules/react-dom/cjs/react-dom-client.development.js:9167:17
 > dispatchSetState ../../node_modules/.bun/react-dom@19.2.5+3f10a4be4e334a9b/node_modules/react-dom/cjs/react-dom-client.development.js:9127:6
 > Transitioner.router.startTransition ../../node_modules/.bun/@tanstack+react-router@1.168.25+21ccd8898788a04d/node_modules/@tanstack/react-router/dist/esm/Transitioner.js:23:2
 > ../../node_modules/.bun/@tanstack+router-core@1.168.17/node_modules/@tanstack/router-core/dist/esm/router.js:526:9
 > RouterCore.load ../../node_modules/.bun/@tanstack+router-core@1.168.17/node_modules/@tanstack/router-core/dist/esm/router.js:525:17
 > RouterCore.commitLocation ../../node_modules/.bun/@tanstack+router-core@1.168.17/node_modules/@tanstack/router-core/dist/esm/router.js:387:40
 > RouterCore.buildAndCommitLocation ../../node_modules/.bun/@tanstack+router-core@1.168.17/node_modules/@tanstack/router-core/dist/esm/router.js:433:30

10:25:07 AM [vite] (client) [Unhandled rejection] Error: Maximum update depth exceeded. This can happen when a component repeatedly calls setState inside componentWillUpdate or componentDidUpdate. React limits the number of nested updates to prevent infinite loops.
 > getRootForUpdatedFiber ../../node_modules/.bun/react-dom@19.2.5+3f10a4be4e334a9b/node_modules/react-dom/cjs/react-dom-client.development.js:4624:10
 > enqueueConcurrentHookUpdate ../../node_modules/.bun/react-dom@19.2.5+3f10a4be4e334a9b/node_modules/react-dom/cjs/react-dom-client.development.js:4584:13
 > dispatchSetStateInternal ../../node_modules/.bun/react-dom@19.2.5+3f10a4be4e334a9b/node_modules/react-dom/cjs/react-dom-client.development.js:9167:17
 > dispatchSetState ../../node_modules/.bun/react-dom@19.2.5+3f10a4be4e334a9b/node_modules/react-dom/cjs/react-dom-client.development.js:9127:6
 > Transitioner.router.startTransition ../../node_modules/.bun/@tanstack+react-router@1.168.25+21ccd8898788a04d/node_modules/@tanstack/react-router/dist/esm/Transitioner.js:23:2
 > ../../node_modules/.bun/@tanstack+router-core@1.168.17/node_modules/@tanstack/router-core/dist/esm/router.js:526:9
 > RouterCore.load ../../node_modules/.bun/@tanstack+router-core@1.168.17/node_modules/@tanstack/router-core/dist/esm/router.js:525:17
 > RouterCore.commitLocation ../../node_modules/.bun/@tanstack+router-core@1.168.17/node_modules/@tanstack/router-core/dist/esm/router.js:387:40
 > RouterCore.buildAndCommitLocation ../../node_modules/.bun/@tanstack+router-core@1.168.17/node_modules/@tanstack/router-core/dist/esm/router.js:433:30

10:25:07 AM [vite] (client) [Unhandled rejection] Error: Maximum update depth exceeded. This can happen when a component repeatedly calls setState inside componentWillUpdate or componentDidUpdate. React limits the number of nested updates to prevent infinite loops.
 > getRootForUpdatedFiber ../../node_modules/.bun/react-dom@19.2.5+3f10a4be4e334a9b/node_modules/react-dom/cjs/react-dom-client.development.js:4624:10
 > enqueueConcurrentHookUpdate ../../node_modules/.bun/react-dom@19.2.5+3f10a4be4e334a9b/node_modules/react-dom/cjs/react-dom-client.development.js:4584:13
 > dispatchSetStateInternal ../../node_modules/.bun/react-dom@19.2.5+3f10a4be4e334a9b/node_modules/react-dom/cjs/react-dom-client.development.js:9167:17
 > dispatchSetState ../../node_modules/.bun/react-dom@19.2.5+3f10a4be4e334a9b/node_modules/react-dom/cjs/react-dom-client.development.js:9127:6
 > Transitioner.router.startTransition ../../node_modules/.bun/@tanstack+react-router@1.168.25+21ccd8898788a04d/node_modules/@tanstack/react-router/dist/esm/Transitioner.js:23:2
 > ../../node_modules/.bun/@tanstack+router-core@1.168.17/node_modules/@tanstack/router-core/dist/esm/router.js:526:9
 > RouterCore.load ../../node_modules/.bun/@tanstack+router-core@1.168.17/node_modules/@tanstack/router-core/dist/esm/router.js:525:17
 > RouterCore.commitLocation ../../node_modules/.bun/@tanstack+router-core@1.168.17/node_modules/@tanstack/router-core/dist/esm/router.js:387:40
 > RouterCore.buildAndCommitLocation ../../node_modules/.bun/@tanstack+router-core@1.168.17/node_modules/@tanstack/router-core/dist/esm/router.js:433:30

10:25:07 AM [vite] (client) [Unhandled rejection] Error: Maximum update depth exceeded. This can happen when a component repeatedly calls setState inside componentWillUpdate or componentDidUpdate. React limits the number of nested updates to prevent infinite loops.
 > getRootForUpdatedFiber ../../node_modules/.bun/react-dom@19.2.5+3f10a4be4e334a9b/node_modules/react-dom/cjs/react-dom-client.development.js:4624:10
 > enqueueConcurrentHookUpdate ../../node_modules/.bun/react-dom@19.2.5+3f10a4be4e334a9b/node_modules/react-dom/cjs/react-dom-client.development.js:4584:13
 > dispatchSetStateInternal ../../node_modules/.bun/react-dom@19.2.5+3f10a4be4e334a9b/node_modules/react-dom/cjs/react-dom-client.development.js:9167:17
 > dispatchSetState ../../node_modules/.bun/react-dom@19.2.5+3f10a4be4e334a9b/node_modules/react-dom/cjs/react-dom-client.development.js:9127:6
 > Transitioner.router.startTransition ../../node_modules/.bun/@tanstack+react-router@1.168.25+21ccd8898788a04d/node_modules/@tanstack/react-router/dist/esm/Transitioner.js:23:2
 > ../../node_modules/.bun/@tanstack+router-core@1.168.17/node_modules/@tanstack/router-core/dist/esm/router.js:526:9
 > RouterCore.load ../../node_modules/.bun/@tanstack+router-core@1.168.17/node_modules/@tanstack/router-core/dist/esm/router.js:525:17
 > RouterCore.commitLocation ../../node_modules/.bun/@tanstack+router-core@1.168.17/node_modules/@tanstack/router-core/dist/esm/router.js:387:40
 > RouterCore.buildAndCommitLocation ../../node_modules/.bun/@tanstack+router-core@1.168.17/node_modules/@tanstack/router-core/dist/esm/router.js:433:30

10:25:08 AM [vite] (client) [Unhandled rejection] Error: Maximum update depth exceeded. This can happen when a component repeatedly calls setState inside componentWillUpdate or componentDidUpdate. React limits the number of nested updates to prevent infinite loops.
 > getRootForUpdatedFiber ../../node_modules/.bun/react-dom@19.2.5+3f10a4be4e334a9b/node_modules/react-dom/cjs/react-dom-client.development.js:4624:10
 > enqueueConcurrentHookUpdate ../../node_modules/.bun/react-dom@19.2.5+3f10a4be4e334a9b/node_modules/react-dom/cjs/react-dom-client.development.js:4584:13
 > dispatchSetStateInternal ../../node_modules/.bun/react-dom@19.2.5+3f10a4be4e334a9b/node_modules/react-dom/cjs/react-dom-client.development.js:9167:17
 > dispatchSetState ../../node_modules/.bun/react-dom@19.2.5+3f10a4be4e334a9b/node_modules/react-dom/cjs/react-dom-client.development.js:9127:6
 > Transitioner.router.startTransition ../../node_modules/.bun/@tanstack+react-router@1.168.25+21ccd8898788a04d/node_modules/@tanstack/react-router/dist/esm/Transitioner.js:23:2
 > ../../node_modules/.bun/@tanstack+router-core@1.168.17/node_modules/@tanstack/router-core/dist/esm/router.js:526:9
 > RouterCore.load ../../node_modules/.bun/@tanstack+router-core@1.168.17/node_modules/@tanstack/router-core/dist/esm/router.js:525:17
 > RouterCore.commitLocation ../../node_modules/.bun/@tanstack+router-core@1.168.17/node_modules/@tanstack/router-core/dist/esm/router.js:387:40
 > RouterCore.buildAndCommitLocation ../../node_modules/.bun/@tanstack+router-core@1.168.17/node_modules/@tanstack/router-core/dist/esm/router.js:433:30

10:25:08 AM [vite] (client) [Unhandled rejection] Error: Maximum update depth exceeded. This can happen when a component repeatedly calls setState inside componentWillUpdate or componentDidUpdate. React limits the number of nested updates to prevent infinite loops.
 > getRootForUpdatedFiber ../../node_modules/.bun/react-dom@19.2.5+3f10a4be4e334a9b/node_modules/react-dom/cjs/react-dom-client.development.js:4624:10
 > enqueueConcurrentHookUpdate ../../node_modules/.bun/react-dom@19.2.5+3f10a4be4e334a9b/node_modules/react-dom/cjs/react-dom-client.development.js:4584:13
 > dispatchSetStateInternal ../../node_modules/.bun/react-dom@19.2.5+3f10a4be4e334a9b/node_modules/react-dom/cjs/react-dom-client.development.js:9167:17
 > dispatchSetState ../../node_modules/.bun/react-dom@19.2.5+3f10a4be4e334a9b/node_modules/react-dom/cjs/react-dom-client.development.js:9127:6
 > Transitioner.router.startTransition ../../node_modules/.bun/@tanstack+react-router@1.168.25+21ccd8898788a04d/node_modules/@tanstack/react-router/dist/esm/Transitioner.js:23:2
 > ../../node_modules/.bun/@tanstack+router-core@1.168.17/node_modules/@tanstack/router-core/dist/esm/router.js:526:9
 > RouterCore.load ../../node_modules/.bun/@tanstack+router-core@1.168.17/node_modules/@tanstack/router-core/dist/esm/router.js:525:17
 > RouterCore.commitLocation ../../node_modules/.bun/@tanstack+router-core@1.168.17/node_modules/@tanstack/router-core/dist/esm/router.js:387:40
 > RouterCore.buildAndCommitLocation ../../node_modules/.bun/@tanstack+router-core@1.168.17/node_modules/@tanstack/router-core/dist/esm/router.js:433:30

10:25:08 AM [vite] (client) [Unhandled rejection] Error: Maximum update depth exceeded. This can happen when a component repeatedly calls setState inside componentWillUpdate or componentDidUpdate. React limits the number of nested updates to prevent infinite loops.
 > getRootForUpdatedFiber ../../node_modules/.bun/react-dom@19.2.5+3f10a4be4e334a9b/node_modules/react-dom/cjs/react-dom-client.development.js:4624:10
 > enqueueConcurrentHookUpdate ../../node_modules/.bun/react-dom@19.2.5+3f10a4be4e334a9b/node_modules/react-dom/cjs/react-dom-client.development.js:4584:13
 > dispatchSetStateInternal ../../node_modules/.bun/react-dom@19.2.5+3f10a4be4e334a9b/node_modules/react-dom/cjs/react-dom-client.development.js:9167:17
 > dispatchSetState ../../node_modules/.bun/react-dom@19.2.5+3f10a4be4e334a9b/node_modules/react-dom/cjs/react-dom-client.development.js:9127:6
 > Transitioner.router.startTransition ../../node_modules/.bun/@tanstack+react-router@1.168.25+21ccd8898788a04d/node_modules/@tanstack/react-router/dist/esm/Transitioner.js:23:2
 > ../../node_modules/.bun/@tanstack+router-core@1.168.17/node_modules/@tanstack/router-core/dist/esm/router.js:526:9
 > RouterCore.load ../../node_modules/.bun/@tanstack+router-core@1.168.17/node_modules/@tanstack/router-core/dist/esm/router.js:525:17
 > RouterCore.commitLocation ../../node_modules/.bun/@tanstack+router-core@1.168.17/node_modules/@tanstack/router-core/dist/esm/router.js:387:40
 > RouterCore.buildAndCommitLocation ../../node_modules/.bun/@tanstack+router-core@1.168.17/node_modules/@tanstack/router-core/dist/esm/router.js:433:30

10:25:08 AM [vite] (client) [Unhandled rejection] Error: Maximum update depth exceeded. This can happen when a component repeatedly calls setState inside componentWillUpdate or componentDidUpdate. React limits the number of nested updates to prevent infinite loops.
 > getRootForUpdatedFiber ../../node_modules/.bun/react-dom@19.2.5+3f10a4be4e334a9b/node_modules/react-dom/cjs/react-dom-client.development.js:4624:10
 > enqueueConcurrentHookUpdate ../../node_modules/.bun/react-dom@19.2.5+3f10a4be4e334a9b/node_modules/react-dom/cjs/react-dom-client.development.js:4584:13
 > dispatchSetStateInternal ../../node_modules/.bun/react-dom@19.2.5+3f10a4be4e334a9b/node_modules/react-dom/cjs/react-dom-client.development.js:9167:17
 > dispatchSetState ../../node_modules/.bun/react-dom@19.2.5+3f10a4be4e334a9b/node_modules/react-dom/cjs/react-dom-client.development.js:9127:6
 > Transitioner.router.startTransition ../../node_modules/.bun/@tanstack+react-router@1.168.25+21ccd8898788a04d/node_modules/@tanstack/react-router/dist/esm/Transitioner.js:23:2
 > ../../node_modules/.bun/@tanstack+router-core@1.168.17/node_modules/@tanstack/router-core/dist/esm/router.js:526:9
 > RouterCore.load ../../node_modules/.bun/@tanstack+router-core@1.168.17/node_modules/@tanstack/router-core/dist/esm/router.js:525:17
 > RouterCore.commitLocation ../../node_modules/.bun/@tanstack+router-core@1.168.17/node_modules/@tanstack/router-core/dist/esm/router.js:387:40
 > RouterCore.buildAndCommitLocation ../../node_modules/.bun/@tanstack+router-core@1.168.17/node_modules/@tanstack/router-core/dist/esm/router.js:433:30

10:25:08 AM [vite] (client) [Unhandled rejection] Error: Maximum update depth exceeded. This can happen when a component repeatedly calls setState inside componentWillUpdate or componentDidUpdate. React limits the number of nested updates to prevent infinite loops.
 > getRootForUpdatedFiber ../../node_modules/.bun/react-dom@19.2.5+3f10a4be4e334a9b/node_modules/react-dom/cjs/react-dom-client.development.js:4624:10
 > enqueueConcurrentHookUpdate ../../node_modules/.bun/react-dom@19.2.5+3f10a4be4e334a9b/node_modules/react-dom/cjs/react-dom-client.development.js:4584:13
 > dispatchSetStateInternal ../../node_modules/.bun/react-dom@19.2.5+3f10a4be4e334a9b/node_modules/react-dom/cjs/react-dom-client.development.js:9167:17
 > dispatchSetState ../../node_modules/.bun/react-dom@19.2.5+3f10a4be4e334a9b/node_modules/react-dom/cjs/react-dom-client.development.js:9127:6
 > Transitioner.router.startTransition ../../node_modules/.bun/@tanstack+react-router@1.168.25+21ccd8898788a04d/node_modules/@tanstack/react-router/dist/esm/Transitioner.js:23:2
 > ../../node_modules/.bun/@tanstack+router-core@1.168.17/node_modules/@tanstack/router-core/dist/esm/router.js:526:9
 > RouterCore.load ../../node_modules/.bun/@tanstack+router-core@1.168.17/node_modules/@tanstack/router-core/dist/esm/router.js:525:17
 > RouterCore.commitLocation ../../node_modules/.bun/@tanstack+router-core@1.168.17/node_modules/@tanstack/router-core/dist/esm/router.js:387:40
 > RouterCore.buildAndCommitLocation ../../node_modules/.bun/@tanstack+router-core@1.168.17/node_modules/@tanstack/router-core/dist/esm/router.js:433:30

10:25:08 AM [vite] (client) [Unhandled rejection] Error: Maximum update depth exceeded. This can happen when a component repeatedly calls setState inside componentWillUpdate or componentDidUpdate. React limits the number of nested updates to prevent infinite loops.
 > getRootForUpdatedFiber ../../node_modules/.bun/react-dom@19.2.5+3f10a4be4e334a9b/node_modules/react-dom/cjs/react-dom-client.development.js:4624:10
 > enqueueConcurrentHookUpdate ../../node_modules/.bun/react-dom@19.2.5+3f10a4be4e334a9b/node_modules/react-dom/cjs/react-dom-client.development.js:4584:13
 > dispatchSetStateInternal ../../node_modules/.bun/react-dom@19.2.5+3f10a4be4e334a9b/node_modules/react-dom/cjs/react-dom-client.development.js:9167:17
 > dispatchSetState ../../node_modules/.bun/react-dom@19.2.5+3f10a4be4e334a9b/node_modules/react-dom/cjs/react-dom-client.development.js:9127:6
 > Transitioner.router.startTransition ../../node_modules/.bun/@tanstack+react-router@1.168.25+21ccd8898788a04d/node_modules/@tanstack/react-router/dist/esm/Transitioner.js:23:2
 > ../../node_modules/.bun/@tanstack+router-core@1.168.17/node_modules/@tanstack/router-core/dist/esm/router.js:526:9
 > RouterCore.load ../../node_modules/.bun/@tanstack+router-core@1.168.17/node_modules/@tanstack/router-core/dist/esm/router.js:525:17
 > RouterCore.commitLocation ../../node_modules/.bun/@tanstack+router-core@1.168.17/node_modules/@tanstack/router-core/dist/esm/router.js:387:40
 > RouterCore.buildAndCommitLocation ../../node_modules/.bun/@tanstack+router-core@1.168.17/node_modules/@tanstack/router-core/dist/esm/router.js:433:30

10:25:08 AM [vite] (client) [Unhandled rejection] Error: Maximum update depth exceeded. This can happen when a component repeatedly calls setState inside componentWillUpdate or componentDidUpdate. React limits the number of nested updates to prevent infinite loops.
 > getRootForUpdatedFiber ../../node_modules/.bun/react-dom@19.2.5+3f10a4be4e334a9b/node_modules/react-dom/cjs/react-dom-client.development.js:4624:10
 > enqueueConcurrentHookUpdate ../../node_modules/.bun/react-dom@19.2.5+3f10a4be4e334a9b/node_modules/react-dom/cjs/react-dom-client.development.js:4584:13
 > dispatchSetStateInternal ../../node_modules/.bun/react-dom@19.2.5+3f10a4be4e334a9b/node_modules/react-dom/cjs/react-dom-client.development.js:9167:17
 > dispatchSetState ../../node_modules/.bun/react-dom@19.2.5+3f10a4be4e334a9b/node_modules/react-dom/cjs/react-dom-client.development.js:9127:6
 > Transitioner.router.startTransition ../../node_modules/.bun/@tanstack+react-router@1.168.25+21ccd8898788a04d/node_modules/@tanstack/react-router/dist/esm/Transitioner.js:23:2
 > ../../node_modules/.bun/@tanstack+router-core@1.168.17/node_modules/@tanstack/router-core/dist/esm/router.js:526:9
 > RouterCore.load ../../node_modules/.bun/@tanstack+router-core@1.168.17/node_modules/@tanstack/router-core/dist/esm/router.js:525:17
 > RouterCore.commitLocation ../../node_modules/.bun/@tanstack+router-core@1.168.17/node_modules/@tanstack/router-core/dist/esm/router.js:387:40
 > RouterCore.buildAndCommitLocation ../../node_modules/.bun/@tanstack+router-core@1.168.17/node_modules/@tanstack/router-core/dist/esm/router.js:433:30

10:25:08 AM [vite] (client) [Unhandled rejection] Error: Maximum update depth exceeded. This can happen when a component repeatedly calls setState inside componentWillUpdate or componentDidUpdate. React limits the number of nested updates to prevent infinite loops.
 > getRootForUpdatedFiber ../../node_modules/.bun/react-dom@19.2.5+3f10a4be4e334a9b/node_modules/react-dom/cjs/react-dom-client.development.js:4624:10
 > enqueueConcurrentHookUpdate ../../node_modules/.bun/react-dom@19.2.5+3f10a4be4e334a9b/node_modules/react-dom/cjs/react-dom-client.development.js:4584:13
 > dispatchSetStateInternal ../../node_modules/.bun/react-dom@19.2.5+3f10a4be4e334a9b/node_modules/react-dom/cjs/react-dom-client.development.js:9167:17
 > dispatchSetState ../../node_modules/.bun/react-dom@19.2.5+3f10a4be4e334a9b/node_modules/react-dom/cjs/react-dom-client.development.js:9127:6
 > Transitioner.router.startTransition ../../node_modules/.bun/@tanstack+react-router@1.168.25+21ccd8898788a04d/node_modules/@tanstack/react-router/dist/esm/Transitioner.js:23:2
 > ../../node_modules/.bun/@tanstack+router-core@1.168.17/node_modules/@tanstack/router-core/dist/esm/router.js:526:9
 > RouterCore.load ../../node_modules/.bun/@tanstack+router-core@1.168.17/node_modules/@tanstack/router-core/dist/esm/router.js:525:17
 > RouterCore.commitLocation ../../node_modules/.bun/@tanstack+router-core@1.168.17/node_modules/@tanstack/router-core/dist/esm/router.js:387:40
 > RouterCore.buildAndCommitLocation ../../node_modules/.bun/@tanstack+router-core@1.168.17/node_modules/@tanstack/router-core/dist/esm/router.js:433:30

10:25:08 AM [vite] (client) [Unhandled rejection] Error: Maximum update depth exceeded. This can happen when a component repeatedly calls setState inside componentWillUpdate or componentDidUpdate. React limits the number of nested updates to prevent infinite loops.
 > getRootForUpdatedFiber ../../node_modules/.bun/react-dom@19.2.5+3f10a4be4e334a9b/node_modules/react-dom/cjs/react-dom-client.development.js:4624:10
 > enqueueConcurrentHookUpdate ../../node_modules/.bun/react-dom@19.2.5+3f10a4be4e334a9b/node_modules/react-dom/cjs/react-dom-client.development.js:4584:13
 > dispatchSetStateInternal ../../node_modules/.bun/react-dom@19.2.5+3f10a4be4e334a9b/node_modules/react-dom/cjs/react-dom-client.development.js:9167:17
 > dispatchSetState ../../node_modules/.bun/react-dom@19.2.5+3f10a4be4e334a9b/node_modules/react-dom/cjs/react-dom-client.development.js:9127:6
 > Transitioner.router.startTransition ../../node_modules/.bun/@tanstack+react-router@1.168.25+21ccd8898788a04d/node_modules/@tanstack/react-router/dist/esm/Transitioner.js:23:2
 > ../../node_modules/.bun/@tanstack+router-core@1.168.17/node_modules/@tanstack/router-core/dist/esm/router.js:526:9
 > RouterCore.load ../../node_modules/.bun/@tanstack+router-core@1.168.17/node_modules/@tanstack/router-core/dist/esm/router.js:525:17
 > RouterCore.commitLocation ../../node_modules/.bun/@tanstack+router-core@1.168.17/node_modules/@tanstack/router-core/dist/esm/router.js:387:40
 > RouterCore.buildAndCommitLocation ../../node_modules/.bun/@tanstack+router-core@1.168.17/node_modules/@tanstack/router-core/dist/esm/router.js:433:30

10:25:08 AM [vite] (client) [Unhandled rejection] Error: Maximum update depth exceeded. This can happen when a component repeatedly calls setState inside componentWillUpdate or componentDidUpdate. React limits the number of nested updates to prevent infinite loops.
 > getRootForUpdatedFiber ../../node_modules/.bun/react-dom@19.2.5+3f10a4be4e334a9b/node_modules/react-dom/cjs/react-dom-client.development.js:4624:10
 > enqueueConcurrentHookUpdate ../../node_modules/.bun/react-dom@19.2.5+3f10a4be4e334a9b/node_modules/react-dom/cjs/react-dom-client.development.js:4584:13
 > dispatchSetStateInternal ../../node_modules/.bun/react-dom@19.2.5+3f10a4be4e334a9b/node_modules/react-dom/cjs/react-dom-client.development.js:9167:17
 > dispatchSetState ../../node_modules/.bun/react-dom@19.2.5+3f10a4be4e334a9b/node_modules/react-dom/cjs/react-dom-client.development.js:9127:6
 > Transitioner.router.startTransition ../../node_modules/.bun/@tanstack+react-router@1.168.25+21ccd8898788a04d/node_modules/@tanstack/react-router/dist/esm/Transitioner.js:23:2
 > ../../node_modules/.bun/@tanstack+router-core@1.168.17/node_modules/@tanstack/router-core/dist/esm/router.js:526:9
 > RouterCore.load ../../node_modules/.bun/@tanstack+router-core@1.168.17/node_modules/@tanstack/router-core/dist/esm/router.js:525:17
 > RouterCore.commitLocation ../../node_modules/.bun/@tanstack+router-core@1.168.17/node_modules/@tanstack/router-core/dist/esm/router.js:387:40
 > RouterCore.buildAndCommitLocation ../../node_modules/.bun/@tanstack+router-core@1.168.17/node_modules/@tanstack/router-core/dist/esm/router.js:433:30

10:25:08 AM [vite] (client) [Unhandled rejection] Error: Maximum update depth exceeded. This can happen when a component repeatedly calls setState inside componentWillUpdate or componentDidUpdate. React limits the number of nested updates to prevent infinite loops.
 > getRootForUpdatedFiber ../../node_modules/.bun/react-dom@19.2.5+3f10a4be4e334a9b/node_modules/react-dom/cjs/react-dom-client.development.js:4624:10
 > enqueueConcurrentHookUpdate ../../node_modules/.bun/react-dom@19.2.5+3f10a4be4e334a9b/node_modules/react-dom/cjs/react-dom-client.development.js:4584:13
 > dispatchSetStateInternal ../../node_modules/.bun/react-dom@19.2.5+3f10a4be4e334a9b/node_modules/react-dom/cjs/react-dom-client.development.js:9167:17
 > dispatchSetState ../../node_modules/.bun/react-dom@19.2.5+3f10a4be4e334a9b/node_modules/react-dom/cjs/react-dom-client.development.js:9127:6
 > Transitioner.router.startTransition ../../node_modules/.bun/@tanstack+react-router@1.168.25+21ccd8898788a04d/node_modules/@tanstack/react-router/dist/esm/Transitioner.js:23:2
 > ../../node_modules/.bun/@tanstack+router-core@1.168.17/node_modules/@tanstack/router-core/dist/esm/router.js:526:9
 > RouterCore.load ../../node_modules/.bun/@tanstack+router-core@1.168.17/node_modules/@tanstack/router-core/dist/esm/router.js:525:17
 > RouterCore.commitLocation ../../node_modules/.bun/@tanstack+router-core@1.168.17/node_modules/@tanstack/router-core/dist/esm/router.js:387:40
 > RouterCore.buildAndCommitLocation ../../node_modules/.bun/@tanstack+router-core@1.168.17/node_modules/@tanstack/router-core/dist/esm/router.js:433:30

10:25:08 AM [vite] (client) [Unhandled rejection] Error: Maximum update depth exceeded. This can happen when a component repeatedly calls setState inside componentWillUpdate or componentDidUpdate. React limits the number of nested updates to prevent infinite loops.
 > getRootForUpdatedFiber ../../node_modules/.bun/react-dom@19.2.5+3f10a4be4e334a9b/node_modules/react-dom/cjs/react-dom-client.development.js:4624:10
 > enqueueConcurrentHookUpdate ../../node_modules/.bun/react-dom@19.2.5+3f10a4be4e334a9b/node_modules/react-dom/cjs/react-dom-client.development.js:4584:13
 > dispatchSetStateInternal ../../node_modules/.bun/react-dom@19.2.5+3f10a4be4e334a9b/node_modules/react-dom/cjs/react-dom-client.development.js:9167:17
 > dispatchSetState ../../node_modules/.bun/react-dom@19.2.5+3f10a4be4e334a9b/node_modules/react-dom/cjs/react-dom-client.development.js:9127:6
 > Transitioner.router.startTransition ../../node_modules/.bun/@tanstack+react-router@1.168.25+21ccd8898788a04d/node_modules/@tanstack/react-router/dist/esm/Transitioner.js:23:2
 > ../../node_modules/.bun/@tanstack+router-core@1.168.17/node_modules/@tanstack/router-core/dist/esm/router.js:526:9
 > RouterCore.load ../../node_modules/.bun/@tanstack+router-core@1.168.17/node_modules/@tanstack/router-core/dist/esm/router.js:525:17
 > RouterCore.commitLocation ../../node_modules/.bun/@tanstack+router-core@1.168.17/node_modules/@tanstack/router-core/dist/esm/router.js:387:40
 > RouterCore.buildAndCommitLocation ../../node_modules/.bun/@tanstack+router-core@1.168.17/node_modules/@tanstack/router-core/dist/esm/router.js:433:30

10:25:08 AM [vite] (client) [Unhandled rejection] Error: Maximum update depth exceeded. This can happen when a component repeatedly calls setState inside componentWillUpdate or componentDidUpdate. React limits the number of nested updates to prevent infinite loops.
 > getRootForUpdatedFiber ../../node_modules/.bun/react-dom@19.2.5+3f10a4be4e334a9b/node_modules/react-dom/cjs/react-dom-client.development.js:4624:10
 > enqueueConcurrentHookUpdate ../../node_modules/.bun/react-dom@19.2.5+3f10a4be4e334a9b/node_modules/react-dom/cjs/react-dom-client.development.js:4584:13
 > dispatchSetStateInternal ../../node_modules/.bun/react-dom@19.2.5+3f10a4be4e334a9b/node_modules/react-dom/cjs/react-dom-client.development.js:9167:17
 > dispatchSetState ../../node_modules/.bun/react-dom@19.2.5+3f10a4be4e334a9b/node_modules/react-dom/cjs/react-dom-client.development.js:9127:6
 > Transitioner.router.startTransition ../../node_modules/.bun/@tanstack+react-router@1.168.25+21ccd8898788a04d/node_modules/@tanstack/react-router/dist/esm/Transitioner.js:23:2
 > ../../node_modules/.bun/@tanstack+router-core@1.168.17/node_modules/@tanstack/router-core/dist/esm/router.js:526:9
 > RouterCore.load ../../node_modules/.bun/@tanstack+router-core@1.168.17/node_modules/@tanstack/router-core/dist/esm/router.js:525:17
 > RouterCore.commitLocation ../../node_modules/.bun/@tanstack+router-core@1.168.17/node_modules/@tanstack/router-core/dist/esm/router.js:387:40
 > RouterCore.buildAndCommitLocation ../../node_modules/.bun/@tanstack+router-core@1.168.17/node_modules/@tanstack/router-core/dist/esm/router.js:433:30

10:25:08 AM [vite] (client) [Unhandled rejection] Error: Maximum update depth exceeded. This can happen when a component repeatedly calls setState inside componentWillUpdate or componentDidUpdate. React limits the number of nested updates to prevent infinite loops.
 > getRootForUpdatedFiber ../../node_modules/.bun/react-dom@19.2.5+3f10a4be4e334a9b/node_modules/react-dom/cjs/react-dom-client.development.js:4624:10
 > enqueueConcurrentHookUpdate ../../node_modules/.bun/react-dom@19.2.5+3f10a4be4e334a9b/node_modules/react-dom/cjs/react-dom-client.development.js:4584:13
 > dispatchSetStateInternal ../../node_modules/.bun/react-dom@19.2.5+3f10a4be4e334a9b/node_modules/react-dom/cjs/react-dom-client.development.js:9167:17
 > dispatchSetState ../../node_modules/.bun/react-dom@19.2.5+3f10a4be4e334a9b/node_modules/react-dom/cjs/react-dom-client.development.js:9127:6
 > Transitioner.router.startTransition ../../node_modules/.bun/@tanstack+react-router@1.168.25+21ccd8898788a04d/node_modules/@tanstack/react-router/dist/esm/Transitioner.js:23:2
 > ../../node_modules/.bun/@tanstack+router-core@1.168.17/node_modules/@tanstack/router-core/dist/esm/router.js:526:9
 > RouterCore.load ../../node_modules/.bun/@tanstack+router-core@1.168.17/node_modules/@tanstack/router-core/dist/esm/router.js:525:17
 > RouterCore.commitLocation ../../node_modules/.bun/@tanstack+router-core@1.168.17/node_modules/@tanstack/router-core/dist/esm/router.js:387:40
 > RouterCore.buildAndCommitLocation ../../node_modules/.bun/@tanstack+router-core@1.168.17/node_modules/@tanstack/router-core/dist/esm/router.js:433:30

10:25:08 AM [vite] (client) [Unhandled rejection] Error: Maximum update depth exceeded. This can happen when a component repeatedly calls setState inside componentWillUpdate or componentDidUpdate. React limits the number of nested updates to prevent infinite loops.
 > getRootForUpdatedFiber ../../node_modules/.bun/react-dom@19.2.5+3f10a4be4e334a9b/node_modules/react-dom/cjs/react-dom-client.development.js:4624:10
 > enqueueConcurrentHookUpdate ../../node_modules/.bun/react-dom@19.2.5+3f10a4be4e334a9b/node_modules/react-dom/cjs/react-dom-client.development.js:4584:13
 > dispatchSetStateInternal ../../node_modules/.bun/react-dom@19.2.5+3f10a4be4e334a9b/node_modules/react-dom/cjs/react-dom-client.development.js:9167:17
 > dispatchSetState ../../node_modules/.bun/react-dom@19.2.5+3f10a4be4e334a9b/node_modules/react-dom/cjs/react-dom-client.development.js:9127:6
 > Transitioner.router.startTransition ../../node_modules/.bun/@tanstack+react-router@1.168.25+21ccd8898788a04d/node_modules/@tanstack/react-router/dist/esm/Transitioner.js:23:2
 > ../../node_modules/.bun/@tanstack+router-core@1.168.17/node_modules/@tanstack/router-core/dist/esm/router.js:526:9
 > RouterCore.load ../../node_modules/.bun/@tanstack+router-core@1.168.17/node_modules/@tanstack/router-core/dist/esm/router.js:525:17
 > RouterCore.commitLocation ../../node_modules/.bun/@tanstack+router-core@1.168.17/node_modules/@tanstack/router-core/dist/esm/router.js:387:40
 > RouterCore.buildAndCommitLocation ../../node_modules/.bun/@tanstack+router-core@1.168.17/node_modules/@tanstack/router-core/dist/esm/router.js:433:30

10:25:08 AM [vite] (client) [Unhandled rejection] Error: Maximum update depth exceeded. This can happen when a component repeatedly calls setState inside componentWillUpdate or componentDidUpdate. React limits the number of nested updates to prevent infinite loops.
 > getRootForUpdatedFiber ../../node_modules/.bun/react-dom@19.2.5+3f10a4be4e334a9b/node_modules/react-dom/cjs/react-dom-client.development.js:4624:10
 > enqueueConcurrentHookUpdate ../../node_modules/.bun/react-dom@19.2.5+3f10a4be4e334a9b/node_modules/react-dom/cjs/react-dom-client.development.js:4584:13
 > dispatchSetStateInternal ../../node_modules/.bun/react-dom@19.2.5+3f10a4be4e334a9b/node_modules/react-dom/cjs/react-dom-client.development.js:9167:17
 > dispatchSetState ../../node_modules/.bun/react-dom@19.2.5+3f10a4be4e334a9b/node_modules/react-dom/cjs/react-dom-client.development.js:9127:6
 > Transitioner.router.startTransition ../../node_modules/.bun/@tanstack+react-router@1.168.25+21ccd8898788a04d/node_modules/@tanstack/react-router/dist/esm/Transitioner.js:23:2
 > ../../node_modules/.bun/@tanstack+router-core@1.168.17/node_modules/@tanstack/router-core/dist/esm/router.js:526:9
 > RouterCore.load ../../node_modules/.bun/@tanstack+router-core@1.168.17/node_modules/@tanstack/router-core/dist/esm/router.js:525:17
 > RouterCore.commitLocation ../../node_modules/.bun/@tanstack+router-core@1.168.17/node_modules/@tanstack/router-core/dist/esm/router.js:387:40
 > RouterCore.buildAndCommitLocation ../../node_modules/.bun/@tanstack+router-core@1.168.17/node_modules/@tanstack/router-core/dist/esm/router.js:433:30

10:25:08 AM [vite] (client) [Unhandled rejection] Error: Maximum update depth exceeded. This can happen when a component repeatedly calls setState inside componentWillUpdate or componentDidUpdate. React limits the number of nested updates to prevent infinite loops.
 > getRootForUpdatedFiber ../../node_modules/.bun/react-dom@19.2.5+3f10a4be4e334a9b/node_modules/react-dom/cjs/react-dom-client.development.js:4624:10
 > enqueueConcurrentHookUpdate ../../node_modules/.bun/react-dom@19.2.5+3f10a4be4e334a9b/node_modules/react-dom/cjs/react-dom-client.development.js:4584:13
 > dispatchSetStateInternal ../../node_modules/.bun/react-dom@19.2.5+3f10a4be4e334a9b/node_modules/react-dom/cjs/react-dom-client.development.js:9167:17
 > dispatchSetState ../../node_modules/.bun/react-dom@19.2.5+3f10a4be4e334a9b/node_modules/react-dom/cjs/react-dom-client.development.js:9127:6
 > Transitioner.router.startTransition ../../node_modules/.bun/@tanstack+react-router@1.168.25+21ccd8898788a04d/node_modules/@tanstack/react-router/dist/esm/Transitioner.js:23:2
 > ../../node_modules/.bun/@tanstack+router-core@1.168.17/node_modules/@tanstack/router-core/dist/esm/router.js:526:9
 > RouterCore.load ../../node_modules/.bun/@tanstack+router-core@1.168.17/node_modules/@tanstack/router-core/dist/esm/router.js:525:17
 > RouterCore.commitLocation ../../node_modules/.bun/@tanstack+router-core@1.168.17/node_modules/@tanstack/router-core/dist/esm/router.js:387:40
 > RouterCore.buildAndCommitLocation ../../node_modules/.bun/@tanstack+router-core@1.168.17/node_modules/@tanstack/router-core/dist/esm/router.js:433:30

10:25:08 AM [vite] (client) [Unhandled rejection] Error: Maximum update depth exceeded. This can happen when a component repeatedly calls setState inside componentWillUpdate or componentDidUpdate. React limits the number of nested updates to prevent infinite loops.
 > getRootForUpdatedFiber ../../node_modules/.bun/react-dom@19.2.5+3f10a4be4e334a9b/node_modules/react-dom/cjs/react-dom-client.development.js:4624:10
 > enqueueConcurrentHookUpdate ../../node_modules/.bun/react-dom@19.2.5+3f10a4be4e334a9b/node_modules/react-dom/cjs/react-dom-client.development.js:4584:13
 > dispatchSetStateInternal ../../node_modules/.bun/react-dom@19.2.5+3f10a4be4e334a9b/node_modules/react-dom/cjs/react-dom-client.development.js:9167:17
 > dispatchSetState ../../node_modules/.bun/react-dom@19.2.5+3f10a4be4e334a9b/node_modules/react-dom/cjs/react-dom-client.development.js:9127:6
 > Transitioner.router.startTransition ../../node_modules/.bun/@tanstack+react-router@1.168.25+21ccd8898788a04d/node_modules/@tanstack/react-router/dist/esm/Transitioner.js:23:2
 > ../../node_modules/.bun/@tanstack+router-core@1.168.17/node_modules/@tanstack/router-core/dist/esm/router.js:526:9
 > RouterCore.load ../../node_modules/.bun/@tanstack+router-core@1.168.17/node_modules/@tanstack/router-core/dist/esm/router.js:525:17
 > RouterCore.commitLocation ../../node_modules/.bun/@tanstack+router-core@1.168.17/node_modules/@tanstack/router-core/dist/esm/router.js:387:40
 > RouterCore.buildAndCommitLocation ../../node_modules/.bun/@tanstack+router-core@1.168.17/node_modules/@tanstack/router-core/dist/esm/router.js:433:30

10:25:08 AM [vite] (client) [Unhandled rejection] Error: Maximum update depth exceeded. This can happen when a component repeatedly calls setState inside componentWillUpdate or componentDidUpdate. React limits the number of nested updates to prevent infinite loops.
 > getRootForUpdatedFiber ../../node_modules/.bun/react-dom@19.2.5+3f10a4be4e334a9b/node_modules/react-dom/cjs/react-dom-client.development.js:4624:10
 > enqueueConcurrentHookUpdate ../../node_modules/.bun/react-dom@19.2.5+3f10a4be4e334a9b/node_modules/react-dom/cjs/react-dom-client.development.js:4584:13
 > dispatchSetStateInternal ../../node_modules/.bun/react-dom@19.2.5+3f10a4be4e334a9b/node_modules/react-dom/cjs/react-dom-client.development.js:9167:17
 > dispatchSetState ../../node_modules/.bun/react-dom@19.2.5+3f10a4be4e334a9b/node_modules/react-dom/cjs/react-dom-client.development.js:9127:6
 > Transitioner.router.startTransition ../../node_modules/.bun/@tanstack+react-router@1.168.25+21ccd8898788a04d/node_modules/@tanstack/react-router/dist/esm/Transitioner.js:23:2
 > ../../node_modules/.bun/@tanstack+router-core@1.168.17/node_modules/@tanstack/router-core/dist/esm/router.js:526:9
 > RouterCore.load ../../node_modules/.bun/@tanstack+router-core@1.168.17/node_modules/@tanstack/router-core/dist/esm/router.js:525:17
 > RouterCore.commitLocation ../../node_modules/.bun/@tanstack+router-core@1.168.17/node_modules/@tanstack/router-core/dist/esm/router.js:387:40
 > RouterCore.buildAndCommitLocation ../../node_modules/.bun/@tanstack+router-core@1.168.17/node_modules/@tanstack/router-core/dist/esm/router.js:433:30

10:25:08 AM [vite] (client) [Unhandled rejection] Error: Maximum update depth exceeded. This can happen when a component repeatedly calls setState inside componentWillUpdate or componentDidUpdate. React limits the number of nested updates to prevent infinite loops.
 > getRootForUpdatedFiber ../../node_modules/.bun/react-dom@19.2.5+3f10a4be4e334a9b/node_modules/react-dom/cjs/react-dom-client.development.js:4624:10
 > enqueueConcurrentHookUpdate ../../node_modules/.bun/react-dom@19.2.5+3f10a4be4e334a9b/node_modules/react-dom/cjs/react-dom-client.development.js:4584:13
 > dispatchSetStateInternal ../../node_modules/.bun/react-dom@19.2.5+3f10a4be4e334a9b/node_modules/react-dom/cjs/react-dom-client.development.js:9167:17
 > dispatchSetState ../../node_modules/.bun/react-dom@19.2.5+3f10a4be4e334a9b/node_modules/react-dom/cjs/react-dom-client.development.js:9127:6
 > Transitioner.router.startTransition ../../node_modules/.bun/@tanstack+react-router@1.168.25+21ccd8898788a04d/node_modules/@tanstack/react-router/dist/esm/Transitioner.js:23:2
 > ../../node_modules/.bun/@tanstack+router-core@1.168.17/node_modules/@tanstack/router-core/dist/esm/router.js:526:9
 > RouterCore.load ../../node_modules/.bun/@tanstack+router-core@1.168.17/node_modules/@tanstack/router-core/dist/esm/router.js:525:17
 > RouterCore.commitLocation ../../node_modules/.bun/@tanstack+router-core@1.168.17/node_modules/@tanstack/router-core/dist/esm/router.js:387:40
 > RouterCore.buildAndCommitLocation ../../node_modules/.bun/@tanstack+router-core@1.168.17/node_modules/@tanstack/router-core/dist/esm/router.js:433:30

10:25:08 AM [vite] (client) [Unhandled rejection] Error: Maximum update depth exceeded. This can happen when a component repeatedly calls setState inside componentWillUpdate or componentDidUpdate. React limits the number of nested updates to prevent infinite loops.
 > getRootForUpdatedFiber ../../node_modules/.bun/react-dom@19.2.5+3f10a4be4e334a9b/node_modules/react-dom/cjs/react-dom-client.development.js:4624:10
 > enqueueConcurrentHookUpdate ../../node_modules/.bun/react-dom@19.2.5+3f10a4be4e334a9b/node_modules/react-dom/cjs/react-dom-client.development.js:4584:13
 > dispatchSetStateInternal ../../node_modules/.bun/react-dom@19.2.5+3f10a4be4e334a9b/node_modules/react-dom/cjs/react-dom-client.development.js:9167:17
 > dispatchSetState ../../node_modules/.bun/react-dom@19.2.5+3f10a4be4e334a9b/node_modules/react-dom/cjs/react-dom-client.development.js:9127:6
 > Transitioner.router.startTransition ../../node_modules/.bun/@tanstack+react-router@1.168.25+21ccd8898788a04d/node_modules/@tanstack/react-router/dist/esm/Transitioner.js:23:2
 > ../../node_modules/.bun/@tanstack+router-core@1.168.17/node_modules/@tanstack/router-core/dist/esm/router.js:526:9
 > RouterCore.load ../../node_modules/.bun/@tanstack+router-core@1.168.17/node_modules/@tanstack/router-core/dist/esm/router.js:525:17
 > RouterCore.commitLocation ../../node_modules/.bun/@tanstack+router-core@1.168.17/node_modules/@tanstack/router-core/dist/esm/router.js:387:40
 > RouterCore.buildAndCommitLocation ../../node_modules/.bun/@tanstack+router-core@1.168.17/node_modules/@tanstack/router-core/dist/esm/router.js:433:30

10:25:08 AM [vite] (client) [Unhandled rejection] Error: Maximum update depth exceeded. This can happen when a component repeatedly calls setState inside componentWillUpdate or componentDidUpdate. React limits the number of nested updates to prevent infinite loops.
 > getRootForUpdatedFiber ../../node_modules/.bun/react-dom@19.2.5+3f10a4be4e334a9b/node_modules/react-dom/cjs/react-dom-client.development.js:4624:10
 > enqueueConcurrentHookUpdate ../../node_modules/.bun/react-dom@19.2.5+3f10a4be4e334a9b/node_modules/react-dom/cjs/react-dom-client.development.js:4584:13
 > dispatchSetStateInternal ../../node_modules/.bun/react-dom@19.2.5+3f10a4be4e334a9b/node_modules/react-dom/cjs/react-dom-client.development.js:9167:17
 > dispatchSetState ../../node_modules/.bun/react-dom@19.2.5+3f10a4be4e334a9b/node_modules/react-dom/cjs/react-dom-client.development.js:9127:6
 > Transitioner.router.startTransition ../../node_modules/.bun/@tanstack+react-router@1.168.25+21ccd8898788a04d/node_modules/@tanstack/react-router/dist/esm/Transitioner.js:23:2
 > ../../node_modules/.bun/@tanstack+router-core@1.168.17/node_modules/@tanstack/router-core/dist/esm/router.js:526:9
 > RouterCore.load ../../node_modules/.bun/@tanstack+router-core@1.168.17/node_modules/@tanstack/router-core/dist/esm/router.js:525:17
 > RouterCore.commitLocation ../../node_modules/.bun/@tanstack+router-core@1.168.17/node_modules/@tanstack/router-core/dist/esm/router.js:387:40
 > RouterCore.buildAndCommitLocation ../../node_modules/.bun/@tanstack+router-core@1.168.17/node_modules/@tanstack/router-core/dist/esm/router.js:433:30

10:25:08 AM [vite] (client) [Unhandled rejection] Error: Maximum update depth exceeded. This can happen when a component repeatedly calls setState inside componentWillUpdate or componentDidUpdate. React limits the number of nested updates to prevent infinite loops.
 > getRootForUpdatedFiber ../../node_modules/.bun/react-dom@19.2.5+3f10a4be4e334a9b/node_modules/react-dom/cjs/react-dom-client.development.js:4624:10
 > enqueueConcurrentHookUpdate ../../node_modules/.bun/react-dom@19.2.5+3f10a4be4e334a9b/node_modules/react-dom/cjs/react-dom-client.development.js:4584:13
 > dispatchSetStateInternal ../../node_modules/.bun/react-dom@19.2.5+3f10a4be4e334a9b/node_modules/react-dom/cjs/react-dom-client.development.js:9167:17
 > dispatchSetState ../../node_modules/.bun/react-dom@19.2.5+3f10a4be4e334a9b/node_modules/react-dom/cjs/react-dom-client.development.js:9127:6
 > Transitioner.router.startTransition ../../node_modules/.bun/@tanstack+react-router@1.168.25+21ccd8898788a04d/node_modules/@tanstack/react-router/dist/esm/Transitioner.js:23:2
 > ../../node_modules/.bun/@tanstack+router-core@1.168.17/node_modules/@tanstack/router-core/dist/esm/router.js:526:9
 > RouterCore.load ../../node_modules/.bun/@tanstack+router-core@1.168.17/node_modules/@tanstack/router-core/dist/esm/router.js:525:17
 > RouterCore.commitLocation ../../node_modules/.bun/@tanstack+router-core@1.168.17/node_modules/@tanstack/router-core/dist/esm/router.js:387:40
 > RouterCore.buildAndCommitLocation ../../node_modules/.bun/@tanstack+router-core@1.168.17/node_modules/@tanstack/router-core/dist/esm/router.js:433:30

10:25:08 AM [vite] (client) [Unhandled rejection] Error: Maximum update depth exceeded. This can happen when a component repeatedly calls setState inside componentWillUpdate or componentDidUpdate. React limits the number of nested updates to prevent infinite loops.
 > getRootForUpdatedFiber ../../node_modules/.bun/react-dom@19.2.5+3f10a4be4e334a9b/node_modules/react-dom/cjs/react-dom-client.development.js:4624:10
 > enqueueConcurrentHookUpdate ../../node_modules/.bun/react-dom@19.2.5+3f10a4be4e334a9b/node_modules/react-dom/cjs/react-dom-client.development.js:4584:13
 > dispatchSetStateInternal ../../node_modules/.bun/react-dom@19.2.5+3f10a4be4e334a9b/node_modules/react-dom/cjs/react-dom-client.development.js:9167:17
 > dispatchSetState ../../node_modules/.bun/react-dom@19.2.5+3f10a4be4e334a9b/node_modules/react-dom/cjs/react-dom-client.development.js:9127:6
 > Transitioner.router.startTransition ../../node_modules/.bun/@tanstack+react-router@1.168.25+21ccd8898788a04d/node_modules/@tanstack/react-router/dist/esm/Transitioner.js:23:2
 > ../../node_modules/.bun/@tanstack+router-core@1.168.17/node_modules/@tanstack/router-core/dist/esm/router.js:526:9
 > RouterCore.load ../../node_modules/.bun/@tanstack+router-core@1.168.17/node_modules/@tanstack/router-core/dist/esm/router.js:525:17
 > RouterCore.commitLocation ../../node_modules/.bun/@tanstack+router-core@1.168.17/node_modules/@tanstack/router-core/dist/esm/router.js:387:40
 > RouterCore.buildAndCommitLocation ../../node_modules/.bun/@tanstack+router-core@1.168.17/node_modules/@tanstack/router-core/dist/esm/router.js:433:30

10:25:08 AM [vite] (client) [Unhandled rejection] Error: Maximum update depth exceeded. This can happen when a component repeatedly calls setState inside componentWillUpdate or componentDidUpdate. React limits the number of nested updates to prevent infinite loops.
 > getRootForUpdatedFiber ../../node_modules/.bun/react-dom@19.2.5+3f10a4be4e334a9b/node_modules/react-dom/cjs/react-dom-client.development.js:4624:10
 > enqueueConcurrentHookUpdate ../../node_modules/.bun/react-dom@19.2.5+3f10a4be4e334a9b/node_modules/react-dom/cjs/react-dom-client.development.js:4584:13
 > dispatchSetStateInternal ../../node_modules/.bun/react-dom@19.2.5+3f10a4be4e334a9b/node_modules/react-dom/cjs/react-dom-client.development.js:9167:17
 > dispatchSetState ../../node_modules/.bun/react-dom@19.2.5+3f10a4be4e334a9b/node_modules/react-dom/cjs/react-dom-client.development.js:9127:6
 > Transitioner.router.startTransition ../../node_modules/.bun/@tanstack+react-router@1.168.25+21ccd8898788a04d/node_modules/@tanstack/react-router/dist/esm/Transitioner.js:23:2
 > ../../node_modules/.bun/@tanstack+router-core@1.168.17/node_modules/@tanstack/router-core/dist/esm/router.js:526:9
 > RouterCore.load ../../node_modules/.bun/@tanstack+router-core@1.168.17/node_modules/@tanstack/router-core/dist/esm/router.js:525:17
 > RouterCore.commitLocation ../../node_modules/.bun/@tanstack+router-core@1.168.17/node_modules/@tanstack/router-core/dist/esm/router.js:387:40
 > RouterCore.buildAndCommitLocation ../../node_modules/.bun/@tanstack+router-core@1.168.17/node_modules/@tanstack/router-core/dist/esm/router.js:433:30

10:25:08 AM [vite] (client) [Unhandled rejection] Error: Maximum update depth exceeded. This can happen when a component repeatedly calls setState inside componentWillUpdate or componentDidUpdate. React limits the number of nested updates to prevent infinite loops.
 > getRootForUpdatedFiber ../../node_modules/.bun/react-dom@19.2.5+3f10a4be4e334a9b/node_modules/react-dom/cjs/react-dom-client.development.js:4624:10
 > enqueueConcurrentHookUpdate ../../node_modules/.bun/react-dom@19.2.5+3f10a4be4e334a9b/node_modules/react-dom/cjs/react-dom-client.development.js:4584:13
 > dispatchSetStateInternal ../../node_modules/.bun/react-dom@19.2.5+3f10a4be4e334a9b/node_modules/react-dom/cjs/react-dom-client.development.js:9167:17
 > dispatchSetState ../../node_modules/.bun/react-dom@19.2.5+3f10a4be4e334a9b/node_modules/react-dom/cjs/react-dom-client.development.js:9127:6
 > Transitioner.router.startTransition ../../node_modules/.bun/@tanstack+react-router@1.168.25+21ccd8898788a04d/node_modules/@tanstack/react-router/dist/esm/Transitioner.js:23:2
 > ../../node_modules/.bun/@tanstack+router-core@1.168.17/node_modules/@tanstack/router-core/dist/esm/router.js:526:9
 > RouterCore.load ../../node_modules/.bun/@tanstack+router-core@1.168.17/node_modules/@tanstack/router-core/dist/esm/router.js:525:17
 > RouterCore.commitLocation ../../node_modules/.bun/@tanstack+router-core@1.168.17/node_modules/@tanstack/router-core/dist/esm/router.js:387:40
 > RouterCore.buildAndCommitLocation ../../node_modules/.bun/@tanstack+router-core@1.168.17/node_modules/@tanstack/router-core/dist/esm/router.js:433:30

10:25:08 AM [vite] (client) [Unhandled rejection] Error: Maximum update depth exceeded. This can happen when a component repeatedly calls setState inside componentWillUpdate or componentDidUpdate. React limits the number of nested updates to prevent infinite loops.
 > getRootForUpdatedFiber ../../node_modules/.bun/react-dom@19.2.5+3f10a4be4e334a9b/node_modules/react-dom/cjs/react-dom-client.development.js:4624:10
 > enqueueConcurrentHookUpdate ../../node_modules/.bun/react-dom@19.2.5+3f10a4be4e334a9b/node_modules/react-dom/cjs/react-dom-client.development.js:4584:13
 > dispatchSetStateInternal ../../node_modules/.bun/react-dom@19.2.5+3f10a4be4e334a9b/node_modules/react-dom/cjs/react-dom-client.development.js:9167:17
 > dispatchSetState ../../node_modules/.bun/react-dom@19.2.5+3f10a4be4e334a9b/node_modules/react-dom/cjs/react-dom-client.development.js:9127:6
 > Transitioner.router.startTransition ../../node_modules/.bun/@tanstack+react-router@1.168.25+21ccd8898788a04d/node_modules/@tanstack/react-router/dist/esm/Transitioner.js:23:2
 > ../../node_modules/.bun/@tanstack+router-core@1.168.17/node_modules/@tanstack/router-core/dist/esm/router.js:526:9
 > RouterCore.load ../../node_modules/.bun/@tanstack+router-core@1.168.17/node_modules/@tanstack/router-core/dist/esm/router.js:525:17
 > RouterCore.commitLocation ../../node_modules/.bun/@tanstack+router-core@1.168.17/node_modules/@tanstack/router-core/dist/esm/router.js:387:40
 > RouterCore.buildAndCommitLocation ../../node_modules/.bun/@tanstack+router-core@1.168.17/node_modules/@tanstack/router-core/dist/esm/router.js:433:30

10:25:10 AM [vite] (client) [console.warn] Sentry DSN not configured, skipping initialization
10:25:10 AM [vite] (client) [console.warn] Clerk: Clerk has been loaded with development keys. Development instances have strict usage limits and should not be used when deploying your application to production. Learn more: https://clerk.com/docs/deployments/overview
10:25:21 AM [vite] (client) page reload playwright-report/index.html
10:26:20 AM [vite] (client) [console.warn] Sentry DSN not configured, skipping initialization
10:26:20 AM [vite] (client) [console.warn] Sentry DSN not configured, skipping initialization
10:26:21 AM [vite] (client) [console.warn] Clerk: Clerk has been loaded with development keys. Development instances have strict usage limits and should not be used when deploying your application to production. Learn more: https://clerk.com/docs/deployments/overview
10:26:21 AM [vite] (client) [Unhandled rejection] Error: Maximum update depth exceeded. This can happen when a component repeatedly calls setState inside componentWillUpdate or componentDidUpdate. React limits the number of nested updates to prevent infinite loops.
 > getRootForUpdatedFiber ../../node_modules/.bun/react-dom@19.2.5+3f10a4be4e334a9b/node_modules/react-dom/cjs/react-dom-client.development.js:4624:10
 > enqueueConcurrentHookUpdate ../../node_modules/.bun/react-dom@19.2.5+3f10a4be4e334a9b/node_modules/react-dom/cjs/react-dom-client.development.js:4584:13
 > dispatchSetStateInternal ../../node_modules/.bun/react-dom@19.2.5+3f10a4be4e334a9b/node_modules/react-dom/cjs/react-dom-client.development.js:9167:17
 > dispatchSetState ../../node_modules/.bun/react-dom@19.2.5+3f10a4be4e334a9b/node_modules/react-dom/cjs/react-dom-client.development.js:9127:6
 > Transitioner.router.startTransition ../../node_modules/.bun/@tanstack+react-router@1.168.25+21ccd8898788a04d/node_modules/@tanstack/react-router/dist/esm/Transitioner.js:23:2
 > ../../node_modules/.bun/@tanstack+router-core@1.168.17/node_modules/@tanstack/router-core/dist/esm/router.js:526:9
 > RouterCore.load ../../node_modules/.bun/@tanstack+router-core@1.168.17/node_modules/@tanstack/router-core/dist/esm/router.js:525:17
 > RouterCore.commitLocation ../../node_modules/.bun/@tanstack+router-core@1.168.17/node_modules/@tanstack/router-core/dist/esm/router.js:387:40
 > RouterCore.buildAndCommitLocation ../../node_modules/.bun/@tanstack+router-core@1.168.17/node_modules/@tanstack/router-core/dist/esm/router.js:433:30

10:26:21 AM [vite] (client) [Unhandled rejection] Error: Maximum update depth exceeded. This can happen when a component repeatedly calls setState inside componentWillUpdate or componentDidUpdate. React limits the number of nested updates to prevent infinite loops.
 > getRootForUpdatedFiber ../../node_modules/.bun/react-dom@19.2.5+3f10a4be4e334a9b/node_modules/react-dom/cjs/react-dom-client.development.js:4624:10
 > enqueueConcurrentHookUpdate ../../node_modules/.bun/react-dom@19.2.5+3f10a4be4e334a9b/node_modules/react-dom/cjs/react-dom-client.development.js:4584:13
 > dispatchSetStateInternal ../../node_modules/.bun/react-dom@19.2.5+3f10a4be4e334a9b/node_modules/react-dom/cjs/react-dom-client.development.js:9167:17
 > dispatchSetState ../../node_modules/.bun/react-dom@19.2.5+3f10a4be4e334a9b/node_modules/react-dom/cjs/react-dom-client.development.js:9127:6
 > Transitioner.router.startTransition ../../node_modules/.bun/@tanstack+react-router@1.168.25+21ccd8898788a04d/node_modules/@tanstack/react-router/dist/esm/Transitioner.js:23:2
 > ../../node_modules/.bun/@tanstack+router-core@1.168.17/node_modules/@tanstack/router-core/dist/esm/router.js:526:9
 > RouterCore.load ../../node_modules/.bun/@tanstack+router-core@1.168.17/node_modules/@tanstack/router-core/dist/esm/router.js:525:17
 > RouterCore.commitLocation ../../node_modules/.bun/@tanstack+router-core@1.168.17/node_modules/@tanstack/router-core/dist/esm/router.js:387:40
 > RouterCore.buildAndCommitLocation ../../node_modules/.bun/@tanstack+router-core@1.168.17/node_modules/@tanstack/router-core/dist/esm/router.js:433:30

10:26:21 AM [vite] (client) [Unhandled rejection] Error: Maximum update depth exceeded. This can happen when a component repeatedly calls setState inside componentWillUpdate or componentDidUpdate. React limits the number of nested updates to prevent infinite loops.
 > getRootForUpdatedFiber ../../node_modules/.bun/react-dom@19.2.5+3f10a4be4e334a9b/node_modules/react-dom/cjs/react-dom-client.development.js:4624:10
 > enqueueConcurrentHookUpdate ../../node_modules/.bun/react-dom@19.2.5+3f10a4be4e334a9b/node_modules/react-dom/cjs/react-dom-client.development.js:4584:13
 > dispatchSetStateInternal ../../node_modules/.bun/react-dom@19.2.5+3f10a4be4e334a9b/node_modules/react-dom/cjs/react-dom-client.development.js:9167:17
 > dispatchSetState ../../node_modules/.bun/react-dom@19.2.5+3f10a4be4e334a9b/node_modules/react-dom/cjs/react-dom-client.development.js:9127:6
 > Transitioner.router.startTransition ../../node_modules/.bun/@tanstack+react-router@1.168.25+21ccd8898788a04d/node_modules/@tanstack/react-router/dist/esm/Transitioner.js:23:2
 > ../../node_modules/.bun/@tanstack+router-core@1.168.17/node_modules/@tanstack/router-core/dist/esm/router.js:526:9
 > RouterCore.load ../../node_modules/.bun/@tanstack+router-core@1.168.17/node_modules/@tanstack/router-core/dist/esm/router.js:525:17
 > RouterCore.commitLocation ../../node_modules/.bun/@tanstack+router-core@1.168.17/node_modules/@tanstack/router-core/dist/esm/router.js:387:40
 > RouterCore.buildAndCommitLocation ../../node_modules/.bun/@tanstack+router-core@1.168.17/node_modules/@tanstack/router-core/dist/esm/router.js:433:30

10:26:21 AM [vite] (client) [Unhandled rejection] Error: Maximum update depth exceeded. This can happen when a component repeatedly calls setState inside componentWillUpdate or componentDidUpdate. React limits the number of nested updates to prevent infinite loops.
 > getRootForUpdatedFiber ../../node_modules/.bun/react-dom@19.2.5+3f10a4be4e334a9b/node_modules/react-dom/cjs/react-dom-client.development.js:4624:10
 > enqueueConcurrentHookUpdate ../../node_modules/.bun/react-dom@19.2.5+3f10a4be4e334a9b/node_modules/react-dom/cjs/react-dom-client.development.js:4584:13
 > dispatchSetStateInternal ../../node_modules/.bun/react-dom@19.2.5+3f10a4be4e334a9b/node_modules/react-dom/cjs/react-dom-client.development.js:9167:17
 > dispatchSetState ../../node_modules/.bun/react-dom@19.2.5+3f10a4be4e334a9b/node_modules/react-dom/cjs/react-dom-client.development.js:9127:6
 > Transitioner.router.startTransition ../../node_modules/.bun/@tanstack+react-router@1.168.25+21ccd8898788a04d/node_modules/@tanstack/react-router/dist/esm/Transitioner.js:23:2
 > ../../node_modules/.bun/@tanstack+router-core@1.168.17/node_modules/@tanstack/router-core/dist/esm/router.js:526:9
 > RouterCore.load ../../node_modules/.bun/@tanstack+router-core@1.168.17/node_modules/@tanstack/router-core/dist/esm/router.js:525:17
 > RouterCore.commitLocation ../../node_modules/.bun/@tanstack+router-core@1.168.17/node_modules/@tanstack/router-core/dist/esm/router.js:387:40
 > RouterCore.buildAndCommitLocation ../../node_modules/.bun/@tanstack+router-core@1.168.17/node_modules/@tanstack/router-core/dist/esm/router.js:433:30

10:26:21 AM [vite] (client) [Unhandled rejection] Error: Maximum update depth exceeded. This can happen when a component repeatedly calls setState inside componentWillUpdate or componentDidUpdate. React limits the number of nested updates to prevent infinite loops.
 > getRootForUpdatedFiber ../../node_modules/.bun/react-dom@19.2.5+3f10a4be4e334a9b/node_modules/react-dom/cjs/react-dom-client.development.js:4624:10
 > enqueueConcurrentHookUpdate ../../node_modules/.bun/react-dom@19.2.5+3f10a4be4e334a9b/node_modules/react-dom/cjs/react-dom-client.development.js:4584:13
 > dispatchSetStateInternal ../../node_modules/.bun/react-dom@19.2.5+3f10a4be4e334a9b/node_modules/react-dom/cjs/react-dom-client.development.js:9167:17
 > dispatchSetState ../../node_modules/.bun/react-dom@19.2.5+3f10a4be4e334a9b/node_modules/react-dom/cjs/react-dom-client.development.js:9127:6
 > Transitioner.router.startTransition ../../node_modules/.bun/@tanstack+react-router@1.168.25+21ccd8898788a04d/node_modules/@tanstack/react-router/dist/esm/Transitioner.js:23:2
 > ../../node_modules/.bun/@tanstack+router-core@1.168.17/node_modules/@tanstack/router-core/dist/esm/router.js:526:9
 > RouterCore.load ../../node_modules/.bun/@tanstack+router-core@1.168.17/node_modules/@tanstack/router-core/dist/esm/router.js:525:17
 > RouterCore.commitLocation ../../node_modules/.bun/@tanstack+router-core@1.168.17/node_modules/@tanstack/router-core/dist/esm/router.js:387:40
 > RouterCore.buildAndCommitLocation ../../node_modules/.bun/@tanstack+router-core@1.168.17/node_modules/@tanstack/router-core/dist/esm/router.js:433:30

10:26:21 AM [vite] (client) [Unhandled rejection] Error: Maximum update depth exceeded. This can happen when a component repeatedly calls setState inside componentWillUpdate or componentDidUpdate. React limits the number of nested updates to prevent infinite loops.
 > getRootForUpdatedFiber ../../node_modules/.bun/react-dom@19.2.5+3f10a4be4e334a9b/node_modules/react-dom/cjs/react-dom-client.development.js:4624:10
 > enqueueConcurrentHookUpdate ../../node_modules/.bun/react-dom@19.2.5+3f10a4be4e334a9b/node_modules/react-dom/cjs/react-dom-client.development.js:4584:13
 > dispatchSetStateInternal ../../node_modules/.bun/react-dom@19.2.5+3f10a4be4e334a9b/node_modules/react-dom/cjs/react-dom-client.development.js:9167:17
 > dispatchSetState ../../node_modules/.bun/react-dom@19.2.5+3f10a4be4e334a9b/node_modules/react-dom/cjs/react-dom-client.development.js:9127:6
 > Transitioner.router.startTransition ../../node_modules/.bun/@tanstack+react-router@1.168.25+21ccd8898788a04d/node_modules/@tanstack/react-router/dist/esm/Transitioner.js:23:2
 > ../../node_modules/.bun/@tanstack+router-core@1.168.17/node_modules/@tanstack/router-core/dist/esm/router.js:526:9
 > RouterCore.load ../../node_modules/.bun/@tanstack+router-core@1.168.17/node_modules/@tanstack/router-core/dist/esm/router.js:525:17
 > RouterCore.commitLocation ../../node_modules/.bun/@tanstack+router-core@1.168.17/node_modules/@tanstack/router-core/dist/esm/router.js:387:40
 > RouterCore.buildAndCommitLocation ../../node_modules/.bun/@tanstack+router-core@1.168.17/node_modules/@tanstack/router-core/dist/esm/router.js:433:30

10:26:21 AM [vite] (client) [Unhandled rejection] Error: Maximum update depth exceeded. This can happen when a component repeatedly calls setState inside componentWillUpdate or componentDidUpdate. React limits the number of nested updates to prevent infinite loops.
 > getRootForUpdatedFiber ../../node_modules/.bun/react-dom@19.2.5+3f10a4be4e334a9b/node_modules/react-dom/cjs/react-dom-client.development.js:4624:10
 > enqueueConcurrentHookUpdate ../../node_modules/.bun/react-dom@19.2.5+3f10a4be4e334a9b/node_modules/react-dom/cjs/react-dom-client.development.js:4584:13
 > dispatchSetStateInternal ../../node_modules/.bun/react-dom@19.2.5+3f10a4be4e334a9b/node_modules/react-dom/cjs/react-dom-client.development.js:9167:17
 > dispatchSetState ../../node_modules/.bun/react-dom@19.2.5+3f10a4be4e334a9b/node_modules/react-dom/cjs/react-dom-client.development.js:9127:6
 > Transitioner.router.startTransition ../../node_modules/.bun/@tanstack+react-router@1.168.25+21ccd8898788a04d/node_modules/@tanstack/react-router/dist/esm/Transitioner.js:23:2
 > ../../node_modules/.bun/@tanstack+router-core@1.168.17/node_modules/@tanstack/router-core/dist/esm/router.js:526:9
 > RouterCore.load ../../node_modules/.bun/@tanstack+router-core@1.168.17/node_modules/@tanstack/router-core/dist/esm/router.js:525:17
 > RouterCore.commitLocation ../../node_modules/.bun/@tanstack+router-core@1.168.17/node_modules/@tanstack/router-core/dist/esm/router.js:387:40
 > RouterCore.buildAndCommitLocation ../../node_modules/.bun/@tanstack+router-core@1.168.17/node_modules/@tanstack/router-core/dist/esm/router.js:433:30

10:26:21 AM [vite] (client) [Unhandled rejection] Error: Maximum update depth exceeded. This can happen when a component repeatedly calls setState inside componentWillUpdate or componentDidUpdate. React limits the number of nested updates to prevent infinite loops.
 > getRootForUpdatedFiber ../../node_modules/.bun/react-dom@19.2.5+3f10a4be4e334a9b/node_modules/react-dom/cjs/react-dom-client.development.js:4624:10
 > enqueueConcurrentHookUpdate ../../node_modules/.bun/react-dom@19.2.5+3f10a4be4e334a9b/node_modules/react-dom/cjs/react-dom-client.development.js:4584:13
 > dispatchSetStateInternal ../../node_modules/.bun/react-dom@19.2.5+3f10a4be4e334a9b/node_modules/react-dom/cjs/react-dom-client.development.js:9167:17
 > dispatchSetState ../../node_modules/.bun/react-dom@19.2.5+3f10a4be4e334a9b/node_modules/react-dom/cjs/react-dom-client.development.js:9127:6
 > Transitioner.router.startTransition ../../node_modules/.bun/@tanstack+react-router@1.168.25+21ccd8898788a04d/node_modules/@tanstack/react-router/dist/esm/Transitioner.js:23:2
 > ../../node_modules/.bun/@tanstack+router-core@1.168.17/node_modules/@tanstack/router-core/dist/esm/router.js:526:9
 > RouterCore.load ../../node_modules/.bun/@tanstack+router-core@1.168.17/node_modules/@tanstack/router-core/dist/esm/router.js:525:17
 > RouterCore.commitLocation ../../node_modules/.bun/@tanstack+router-core@1.168.17/node_modules/@tanstack/router-core/dist/esm/router.js:387:40
 > RouterCore.buildAndCommitLocation ../../node_modules/.bun/@tanstack+router-core@1.168.17/node_modules/@tanstack/router-core/dist/esm/router.js:433:30

10:26:21 AM [vite] (client) [Unhandled rejection] Error: Maximum update depth exceeded. This can happen when a component repeatedly calls setState inside componentWillUpdate or componentDidUpdate. React limits the number of nested updates to prevent infinite loops.
 > getRootForUpdatedFiber ../../node_modules/.bun/react-dom@19.2.5+3f10a4be4e334a9b/node_modules/react-dom/cjs/react-dom-client.development.js:4624:10
 > enqueueConcurrentHookUpdate ../../node_modules/.bun/react-dom@19.2.5+3f10a4be4e334a9b/node_modules/react-dom/cjs/react-dom-client.development.js:4584:13
 > dispatchSetStateInternal ../../node_modules/.bun/react-dom@19.2.5+3f10a4be4e334a9b/node_modules/react-dom/cjs/react-dom-client.development.js:9167:17
 > dispatchSetState ../../node_modules/.bun/react-dom@19.2.5+3f10a4be4e334a9b/node_modules/react-dom/cjs/react-dom-client.development.js:9127:6
 > Transitioner.router.startTransition ../../node_modules/.bun/@tanstack+react-router@1.168.25+21ccd8898788a04d/node_modules/@tanstack/react-router/dist/esm/Transitioner.js:23:2
 > ../../node_modules/.bun/@tanstack+router-core@1.168.17/node_modules/@tanstack/router-core/dist/esm/router.js:526:9
 > RouterCore.load ../../node_modules/.bun/@tanstack+router-core@1.168.17/node_modules/@tanstack/router-core/dist/esm/router.js:525:17
 > RouterCore.commitLocation ../../node_modules/.bun/@tanstack+router-core@1.168.17/node_modules/@tanstack/router-core/dist/esm/router.js:387:40
 > RouterCore.buildAndCommitLocation ../../node_modules/.bun/@tanstack+router-core@1.168.17/node_modules/@tanstack/router-core/dist/esm/router.js:433:30

10:26:21 AM [vite] (client) [Unhandled rejection] Error: Maximum update depth exceeded. This can happen when a component repeatedly calls setState inside componentWillUpdate or componentDidUpdate. React limits the number of nested updates to prevent infinite loops.
 > getRootForUpdatedFiber ../../node_modules/.bun/react-dom@19.2.5+3f10a4be4e334a9b/node_modules/react-dom/cjs/react-dom-client.development.js:4624:10
 > enqueueConcurrentHookUpdate ../../node_modules/.bun/react-dom@19.2.5+3f10a4be4e334a9b/node_modules/react-dom/cjs/react-dom-client.development.js:4584:13
 > dispatchSetStateInternal ../../node_modules/.bun/react-dom@19.2.5+3f10a4be4e334a9b/node_modules/react-dom/cjs/react-dom-client.development.js:9167:17
 > dispatchSetState ../../node_modules/.bun/react-dom@19.2.5+3f10a4be4e334a9b/node_modules/react-dom/cjs/react-dom-client.development.js:9127:6
 > Transitioner.router.startTransition ../../node_modules/.bun/@tanstack+react-router@1.168.25+21ccd8898788a04d/node_modules/@tanstack/react-router/dist/esm/Transitioner.js:23:2
 > ../../node_modules/.bun/@tanstack+router-core@1.168.17/node_modules/@tanstack/router-core/dist/esm/router.js:526:9
 > RouterCore.load ../../node_modules/.bun/@tanstack+router-core@1.168.17/node_modules/@tanstack/router-core/dist/esm/router.js:525:17
 > RouterCore.commitLocation ../../node_modules/.bun/@tanstack+router-core@1.168.17/node_modules/@tanstack/router-core/dist/esm/router.js:387:40
 > RouterCore.buildAndCommitLocation ../../node_modules/.bun/@tanstack+router-core@1.168.17/node_modules/@tanstack/router-core/dist/esm/router.js:433:30

10:26:21 AM [vite] (client) [Unhandled rejection] Error: Maximum update depth exceeded. This can happen when a component repeatedly calls setState inside componentWillUpdate or componentDidUpdate. React limits the number of nested updates to prevent infinite loops.
 > getRootForUpdatedFiber ../../node_modules/.bun/react-dom@19.2.5+3f10a4be4e334a9b/node_modules/react-dom/cjs/react-dom-client.development.js:4624:10
 > enqueueConcurrentHookUpdate ../../node_modules/.bun/react-dom@19.2.5+3f10a4be4e334a9b/node_modules/react-dom/cjs/react-dom-client.development.js:4584:13
 > dispatchSetStateInternal ../../node_modules/.bun/react-dom@19.2.5+3f10a4be4e334a9b/node_modules/react-dom/cjs/react-dom-client.development.js:9167:17
 > dispatchSetState ../../node_modules/.bun/react-dom@19.2.5+3f10a4be4e334a9b/node_modules/react-dom/cjs/react-dom-client.development.js:9127:6
 > Transitioner.router.startTransition ../../node_modules/.bun/@tanstack+react-router@1.168.25+21ccd8898788a04d/node_modules/@tanstack/react-router/dist/esm/Transitioner.js:23:2
 > ../../node_modules/.bun/@tanstack+router-core@1.168.17/node_modules/@tanstack/router-core/dist/esm/router.js:526:9
 > RouterCore.load ../../node_modules/.bun/@tanstack+router-core@1.168.17/node_modules/@tanstack/router-core/dist/esm/router.js:525:17
 > RouterCore.commitLocation ../../node_modules/.bun/@tanstack+router-core@1.168.17/node_modules/@tanstack/router-core/dist/esm/router.js:387:40
 > RouterCore.buildAndCommitLocation ../../node_modules/.bun/@tanstack+router-core@1.168.17/node_modules/@tanstack/router-core/dist/esm/router.js:433:30

10:26:21 AM [vite] (client) [Unhandled rejection] Error: Maximum update depth exceeded. This can happen when a component repeatedly calls setState inside componentWillUpdate or componentDidUpdate. React limits the number of nested updates to prevent infinite loops.
 > getRootForUpdatedFiber ../../node_modules/.bun/react-dom@19.2.5+3f10a4be4e334a9b/node_modules/react-dom/cjs/react-dom-client.development.js:4624:10
 > enqueueConcurrentHookUpdate ../../node_modules/.bun/react-dom@19.2.5+3f10a4be4e334a9b/node_modules/react-dom/cjs/react-dom-client.development.js:4584:13
 > dispatchSetStateInternal ../../node_modules/.bun/react-dom@19.2.5+3f10a4be4e334a9b/node_modules/react-dom/cjs/react-dom-client.development.js:9167:17
 > dispatchSetState ../../node_modules/.bun/react-dom@19.2.5+3f10a4be4e334a9b/node_modules/react-dom/cjs/react-dom-client.development.js:9127:6
 > Transitioner.router.startTransition ../../node_modules/.bun/@tanstack+react-router@1.168.25+21ccd8898788a04d/node_modules/@tanstack/react-router/dist/esm/Transitioner.js:23:2
 > ../../node_modules/.bun/@tanstack+router-core@1.168.17/node_modules/@tanstack/router-core/dist/esm/router.js:526:9
 > RouterCore.load ../../node_modules/.bun/@tanstack+router-core@1.168.17/node_modules/@tanstack/router-core/dist/esm/router.js:525:17
 > RouterCore.commitLocation ../../node_modules/.bun/@tanstack+router-core@1.168.17/node_modules/@tanstack/router-core/dist/esm/router.js:387:40
 > RouterCore.buildAndCommitLocation ../../node_modules/.bun/@tanstack+router-core@1.168.17/node_modules/@tanstack/router-core/dist/esm/router.js:433:30

10:26:21 AM [vite] (client) [Unhandled rejection] Error: Maximum update depth exceeded. This can happen when a component repeatedly calls setState inside componentWillUpdate or componentDidUpdate. React limits the number of nested updates to prevent infinite loops.
 > getRootForUpdatedFiber ../../node_modules/.bun/react-dom@19.2.5+3f10a4be4e334a9b/node_modules/react-dom/cjs/react-dom-client.development.js:4624:10
 > enqueueConcurrentHookUpdate ../../node_modules/.bun/react-dom@19.2.5+3f10a4be4e334a9b/node_modules/react-dom/cjs/react-dom-client.development.js:4584:13
 > dispatchSetStateInternal ../../node_modules/.bun/react-dom@19.2.5+3f10a4be4e334a9b/node_modules/react-dom/cjs/react-dom-client.development.js:9167:17
 > dispatchSetState ../../node_modules/.bun/react-dom@19.2.5+3f10a4be4e334a9b/node_modules/react-dom/cjs/react-dom-client.development.js:9127:6
 > Transitioner.router.startTransition ../../node_modules/.bun/@tanstack+react-router@1.168.25+21ccd8898788a04d/node_modules/@tanstack/react-router/dist/esm/Transitioner.js:23:2
 > ../../node_modules/.bun/@tanstack+router-core@1.168.17/node_modules/@tanstack/router-core/dist/esm/router.js:526:9
 > RouterCore.load ../../node_modules/.bun/@tanstack+router-core@1.168.17/node_modules/@tanstack/router-core/dist/esm/router.js:525:17
 > RouterCore.commitLocation ../../node_modules/.bun/@tanstack+router-core@1.168.17/node_modules/@tanstack/router-core/dist/esm/router.js:387:40
 > RouterCore.buildAndCommitLocation ../../node_modules/.bun/@tanstack+router-core@1.168.17/node_modules/@tanstack/router-core/dist/esm/router.js:433:30

10:26:21 AM [vite] (client) [Unhandled rejection] Error: Maximum update depth exceeded. This can happen when a component repeatedly calls setState inside componentWillUpdate or componentDidUpdate. React limits the number of nested updates to prevent infinite loops.
 > getRootForUpdatedFiber ../../node_modules/.bun/react-dom@19.2.5+3f10a4be4e334a9b/node_modules/react-dom/cjs/react-dom-client.development.js:4624:10
 > enqueueConcurrentHookUpdate ../../node_modules/.bun/react-dom@19.2.5+3f10a4be4e334a9b/node_modules/react-dom/cjs/react-dom-client.development.js:4584:13
 > dispatchSetStateInternal ../../node_modules/.bun/react-dom@19.2.5+3f10a4be4e334a9b/node_modules/react-dom/cjs/react-dom-client.development.js:9167:17
 > dispatchSetState ../../node_modules/.bun/react-dom@19.2.5+3f10a4be4e334a9b/node_modules/react-dom/cjs/react-dom-client.development.js:9127:6
 > Transitioner.router.startTransition ../../node_modules/.bun/@tanstack+react-router@1.168.25+21ccd8898788a04d/node_modules/@tanstack/react-router/dist/esm/Transitioner.js:23:2
 > ../../node_modules/.bun/@tanstack+router-core@1.168.17/node_modules/@tanstack/router-core/dist/esm/router.js:526:9
 > RouterCore.load ../../node_modules/.bun/@tanstack+router-core@1.168.17/node_modules/@tanstack/router-core/dist/esm/router.js:525:17
 > RouterCore.commitLocation ../../node_modules/.bun/@tanstack+router-core@1.168.17/node_modules/@tanstack/router-core/dist/esm/router.js:387:40
 > RouterCore.buildAndCommitLocation ../../node_modules/.bun/@tanstack+router-core@1.168.17/node_modules/@tanstack/router-core/dist/esm/router.js:433:30

10:26:21 AM [vite] (client) [Unhandled rejection] Error: Maximum update depth exceeded. This can happen when a component repeatedly calls setState inside componentWillUpdate or componentDidUpdate. React limits the number of nested updates to prevent infinite loops.
 > getRootForUpdatedFiber ../../node_modules/.bun/react-dom@19.2.5+3f10a4be4e334a9b/node_modules/react-dom/cjs/react-dom-client.development.js:4624:10
 > enqueueConcurrentHookUpdate ../../node_modules/.bun/react-dom@19.2.5+3f10a4be4e334a9b/node_modules/react-dom/cjs/react-dom-client.development.js:4584:13
 > dispatchSetStateInternal ../../node_modules/.bun/react-dom@19.2.5+3f10a4be4e334a9b/node_modules/react-dom/cjs/react-dom-client.development.js:9167:17
 > dispatchSetState ../../node_modules/.bun/react-dom@19.2.5+3f10a4be4e334a9b/node_modules/react-dom/cjs/react-dom-client.development.js:9127:6
 > Transitioner.router.startTransition ../../node_modules/.bun/@tanstack+react-router@1.168.25+21ccd8898788a04d/node_modules/@tanstack/react-router/dist/esm/Transitioner.js:23:2
 > ../../node_modules/.bun/@tanstack+router-core@1.168.17/node_modules/@tanstack/router-core/dist/esm/router.js:526:9
 > RouterCore.load ../../node_modules/.bun/@tanstack+router-core@1.168.17/node_modules/@tanstack/router-core/dist/esm/router.js:525:17
 > RouterCore.commitLocation ../../node_modules/.bun/@tanstack+router-core@1.168.17/node_modules/@tanstack/router-core/dist/esm/router.js:387:40
 > RouterCore.buildAndCommitLocation ../../node_modules/.bun/@tanstack+router-core@1.168.17/node_modules/@tanstack/router-core/dist/esm/router.js:433:30

10:26:21 AM [vite] (client) [Unhandled rejection] Error: Maximum update depth exceeded. This can happen when a component repeatedly calls setState inside componentWillUpdate or componentDidUpdate. React limits the number of nested updates to prevent infinite loops.
 > getRootForUpdatedFiber ../../node_modules/.bun/react-dom@19.2.5+3f10a4be4e334a9b/node_modules/react-dom/cjs/react-dom-client.development.js:4624:10
 > enqueueConcurrentHookUpdate ../../node_modules/.bun/react-dom@19.2.5+3f10a4be4e334a9b/node_modules/react-dom/cjs/react-dom-client.development.js:4584:13
 > dispatchSetStateInternal ../../node_modules/.bun/react-dom@19.2.5+3f10a4be4e334a9b/node_modules/react-dom/cjs/react-dom-client.development.js:9167:17
 > dispatchSetState ../../node_modules/.bun/react-dom@19.2.5+3f10a4be4e334a9b/node_modules/react-dom/cjs/react-dom-client.development.js:9127:6
 > Transitioner.router.startTransition ../../node_modules/.bun/@tanstack+react-router@1.168.25+21ccd8898788a04d/node_modules/@tanstack/react-router/dist/esm/Transitioner.js:23:2
 > ../../node_modules/.bun/@tanstack+router-core@1.168.17/node_modules/@tanstack/router-core/dist/esm/router.js:526:9
 > RouterCore.load ../../node_modules/.bun/@tanstack+router-core@1.168.17/node_modules/@tanstack/router-core/dist/esm/router.js:525:17
 > RouterCore.commitLocation ../../node_modules/.bun/@tanstack+router-core@1.168.17/node_modules/@tanstack/router-core/dist/esm/router.js:387:40
 > RouterCore.buildAndCommitLocation ../../node_modules/.bun/@tanstack+router-core@1.168.17/node_modules/@tanstack/router-core/dist/esm/router.js:433:30

10:26:21 AM [vite] (client) [Unhandled rejection] Error: Maximum update depth exceeded. This can happen when a component repeatedly calls setState inside componentWillUpdate or componentDidUpdate. React limits the number of nested updates to prevent infinite loops.
 > getRootForUpdatedFiber ../../node_modules/.bun/react-dom@19.2.5+3f10a4be4e334a9b/node_modules/react-dom/cjs/react-dom-client.development.js:4624:10
 > enqueueConcurrentHookUpdate ../../node_modules/.bun/react-dom@19.2.5+3f10a4be4e334a9b/node_modules/react-dom/cjs/react-dom-client.development.js:4584:13
 > dispatchSetStateInternal ../../node_modules/.bun/react-dom@19.2.5+3f10a4be4e334a9b/node_modules/react-dom/cjs/react-dom-client.development.js:9167:17
 > dispatchSetState ../../node_modules/.bun/react-dom@19.2.5+3f10a4be4e334a9b/node_modules/react-dom/cjs/react-dom-client.development.js:9127:6
 > Transitioner.router.startTransition ../../node_modules/.bun/@tanstack+react-router@1.168.25+21ccd8898788a04d/node_modules/@tanstack/react-router/dist/esm/Transitioner.js:23:2
 > ../../node_modules/.bun/@tanstack+router-core@1.168.17/node_modules/@tanstack/router-core/dist/esm/router.js:526:9
 > RouterCore.load ../../node_modules/.bun/@tanstack+router-core@1.168.17/node_modules/@tanstack/router-core/dist/esm/router.js:525:17
 > RouterCore.commitLocation ../../node_modules/.bun/@tanstack+router-core@1.168.17/node_modules/@tanstack/router-core/dist/esm/router.js:387:40
 > RouterCore.buildAndCommitLocation ../../node_modules/.bun/@tanstack+router-core@1.168.17/node_modules/@tanstack/router-core/dist/esm/router.js:433:30

10:26:21 AM [vite] (client) [Unhandled rejection] Error: Maximum update depth exceeded. This can happen when a component repeatedly calls setState inside componentWillUpdate or componentDidUpdate. React limits the number of nested updates to prevent infinite loops.
 > getRootForUpdatedFiber ../../node_modules/.bun/react-dom@19.2.5+3f10a4be4e334a9b/node_modules/react-dom/cjs/react-dom-client.development.js:4624:10
 > enqueueConcurrentHookUpdate ../../node_modules/.bun/react-dom@19.2.5+3f10a4be4e334a9b/node_modules/react-dom/cjs/react-dom-client.development.js:4584:13
 > dispatchSetStateInternal ../../node_modules/.bun/react-dom@19.2.5+3f10a4be4e334a9b/node_modules/react-dom/cjs/react-dom-client.development.js:9167:17
 > dispatchSetState ../../node_modules/.bun/react-dom@19.2.5+3f10a4be4e334a9b/node_modules/react-dom/cjs/react-dom-client.development.js:9127:6
 > Transitioner.router.startTransition ../../node_modules/.bun/@tanstack+react-router@1.168.25+21ccd8898788a04d/node_modules/@tanstack/react-router/dist/esm/Transitioner.js:23:2
 > ../../node_modules/.bun/@tanstack+router-core@1.168.17/node_modules/@tanstack/router-core/dist/esm/router.js:526:9
 > RouterCore.load ../../node_modules/.bun/@tanstack+router-core@1.168.17/node_modules/@tanstack/router-core/dist/esm/router.js:525:17
 > RouterCore.commitLocation ../../node_modules/.bun/@tanstack+router-core@1.168.17/node_modules/@tanstack/router-core/dist/esm/router.js:387:40
 > RouterCore.buildAndCommitLocation ../../node_modules/.bun/@tanstack+router-core@1.168.17/node_modules/@tanstack/router-core/dist/esm/router.js:433:30

10:26:21 AM [vite] (client) [Unhandled rejection] Error: Maximum update depth exceeded. This can happen when a component repeatedly calls setState inside componentWillUpdate or componentDidUpdate. React limits the number of nested updates to prevent infinite loops.
 > getRootForUpdatedFiber ../../node_modules/.bun/react-dom@19.2.5+3f10a4be4e334a9b/node_modules/react-dom/cjs/react-dom-client.development.js:4624:10
 > enqueueConcurrentHookUpdate ../../node_modules/.bun/react-dom@19.2.5+3f10a4be4e334a9b/node_modules/react-dom/cjs/react-dom-client.development.js:4584:13
 > dispatchSetStateInternal ../../node_modules/.bun/react-dom@19.2.5+3f10a4be4e334a9b/node_modules/react-dom/cjs/react-dom-client.development.js:9167:17
 > dispatchSetState ../../node_modules/.bun/react-dom@19.2.5+3f10a4be4e334a9b/node_modules/react-dom/cjs/react-dom-client.development.js:9127:6
 > Transitioner.router.startTransition ../../node_modules/.bun/@tanstack+react-router@1.168.25+21ccd8898788a04d/node_modules/@tanstack/react-router/dist/esm/Transitioner.js:23:2
 > ../../node_modules/.bun/@tanstack+router-core@1.168.17/node_modules/@tanstack/router-core/dist/esm/router.js:526:9
 > RouterCore.load ../../node_modules/.bun/@tanstack+router-core@1.168.17/node_modules/@tanstack/router-core/dist/esm/router.js:525:17
 > RouterCore.commitLocation ../../node_modules/.bun/@tanstack+router-core@1.168.17/node_modules/@tanstack/router-core/dist/esm/router.js:387:40
 > RouterCore.buildAndCommitLocation ../../node_modules/.bun/@tanstack+router-core@1.168.17/node_modules/@tanstack/router-core/dist/esm/router.js:433:30

10:26:21 AM [vite] (client) [Unhandled rejection] Error: Maximum update depth exceeded. This can happen when a component repeatedly calls setState inside componentWillUpdate or componentDidUpdate. React limits the number of nested updates to prevent infinite loops.
 > getRootForUpdatedFiber ../../node_modules/.bun/react-dom@19.2.5+3f10a4be4e334a9b/node_modules/react-dom/cjs/react-dom-client.development.js:4624:10
 > enqueueConcurrentHookUpdate ../../node_modules/.bun/react-dom@19.2.5+3f10a4be4e334a9b/node_modules/react-dom/cjs/react-dom-client.development.js:4584:13
 > dispatchSetStateInternal ../../node_modules/.bun/react-dom@19.2.5+3f10a4be4e334a9b/node_modules/react-dom/cjs/react-dom-client.development.js:9167:17
 > dispatchSetState ../../node_modules/.bun/react-dom@19.2.5+3f10a4be4e334a9b/node_modules/react-dom/cjs/react-dom-client.development.js:9127:6
 > Transitioner.router.startTransition ../../node_modules/.bun/@tanstack+react-router@1.168.25+21ccd8898788a04d/node_modules/@tanstack/react-router/dist/esm/Transitioner.js:23:2
 > ../../node_modules/.bun/@tanstack+router-core@1.168.17/node_modules/@tanstack/router-core/dist/esm/router.js:526:9
 > RouterCore.load ../../node_modules/.bun/@tanstack+router-core@1.168.17/node_modules/@tanstack/router-core/dist/esm/router.js:525:17
 > RouterCore.commitLocation ../../node_modules/.bun/@tanstack+router-core@1.168.17/node_modules/@tanstack/router-core/dist/esm/router.js:387:40
 > RouterCore.buildAndCommitLocation ../../node_modules/.bun/@tanstack+router-core@1.168.17/node_modules/@tanstack/router-core/dist/esm/router.js:433:30

10:26:21 AM [vite] (client) [Unhandled rejection] Error: Maximum update depth exceeded. This can happen when a component repeatedly calls setState inside componentWillUpdate or componentDidUpdate. React limits the number of nested updates to prevent infinite loops.
 > getRootForUpdatedFiber ../../node_modules/.bun/react-dom@19.2.5+3f10a4be4e334a9b/node_modules/react-dom/cjs/react-dom-client.development.js:4624:10
 > enqueueConcurrentHookUpdate ../../node_modules/.bun/react-dom@19.2.5+3f10a4be4e334a9b/node_modules/react-dom/cjs/react-dom-client.development.js:4584:13
 > dispatchSetStateInternal ../../node_modules/.bun/react-dom@19.2.5+3f10a4be4e334a9b/node_modules/react-dom/cjs/react-dom-client.development.js:9167:17
 > dispatchSetState ../../node_modules/.bun/react-dom@19.2.5+3f10a4be4e334a9b/node_modules/react-dom/cjs/react-dom-client.development.js:9127:6
 > Transitioner.router.startTransition ../../node_modules/.bun/@tanstack+react-router@1.168.25+21ccd8898788a04d/node_modules/@tanstack/react-router/dist/esm/Transitioner.js:23:2
 > ../../node_modules/.bun/@tanstack+router-core@1.168.17/node_modules/@tanstack/router-core/dist/esm/router.js:526:9
 > RouterCore.load ../../node_modules/.bun/@tanstack+router-core@1.168.17/node_modules/@tanstack/router-core/dist/esm/router.js:525:17
 > RouterCore.commitLocation ../../node_modules/.bun/@tanstack+router-core@1.168.17/node_modules/@tanstack/router-core/dist/esm/router.js:387:40
 > RouterCore.buildAndCommitLocation ../../node_modules/.bun/@tanstack+router-core@1.168.17/node_modules/@tanstack/router-core/dist/esm/router.js:433:30

10:26:21 AM [vite] (client) [Unhandled rejection] Error: Maximum update depth exceeded. This can happen when a component repeatedly calls setState inside componentWillUpdate or componentDidUpdate. React limits the number of nested updates to prevent infinite loops.
 > getRootForUpdatedFiber ../../node_modules/.bun/react-dom@19.2.5+3f10a4be4e334a9b/node_modules/react-dom/cjs/react-dom-client.development.js:4624:10
 > enqueueConcurrentHookUpdate ../../node_modules/.bun/react-dom@19.2.5+3f10a4be4e334a9b/node_modules/react-dom/cjs/react-dom-client.development.js:4584:13
 > dispatchSetStateInternal ../../node_modules/.bun/react-dom@19.2.5+3f10a4be4e334a9b/node_modules/react-dom/cjs/react-dom-client.development.js:9167:17
 > dispatchSetState ../../node_modules/.bun/react-dom@19.2.5+3f10a4be4e334a9b/node_modules/react-dom/cjs/react-dom-client.development.js:9127:6
 > Transitioner.router.startTransition ../../node_modules/.bun/@tanstack+react-router@1.168.25+21ccd8898788a04d/node_modules/@tanstack/react-router/dist/esm/Transitioner.js:23:2
 > ../../node_modules/.bun/@tanstack+router-core@1.168.17/node_modules/@tanstack/router-core/dist/esm/router.js:526:9
 > RouterCore.load ../../node_modules/.bun/@tanstack+router-core@1.168.17/node_modules/@tanstack/router-core/dist/esm/router.js:525:17
 > RouterCore.commitLocation ../../node_modules/.bun/@tanstack+router-core@1.168.17/node_modules/@tanstack/router-core/dist/esm/router.js:387:40
 > RouterCore.buildAndCommitLocation ../../node_modules/.bun/@tanstack+router-core@1.168.17/node_modules/@tanstack/router-core/dist/esm/router.js:433:30

10:26:21 AM [vite] (client) [Unhandled rejection] Error: Maximum update depth exceeded. This can happen when a component repeatedly calls setState inside componentWillUpdate or componentDidUpdate. React limits the number of nested updates to prevent infinite loops.
 > getRootForUpdatedFiber ../../node_modules/.bun/react-dom@19.2.5+3f10a4be4e334a9b/node_modules/react-dom/cjs/react-dom-client.development.js:4624:10
 > enqueueConcurrentHookUpdate ../../node_modules/.bun/react-dom@19.2.5+3f10a4be4e334a9b/node_modules/react-dom/cjs/react-dom-client.development.js:4584:13
 > dispatchSetStateInternal ../../node_modules/.bun/react-dom@19.2.5+3f10a4be4e334a9b/node_modules/react-dom/cjs/react-dom-client.development.js:9167:17
 > dispatchSetState ../../node_modules/.bun/react-dom@19.2.5+3f10a4be4e334a9b/node_modules/react-dom/cjs/react-dom-client.development.js:9127:6
 > Transitioner.router.startTransition ../../node_modules/.bun/@tanstack+react-router@1.168.25+21ccd8898788a04d/node_modules/@tanstack/react-router/dist/esm/Transitioner.js:23:2
 > ../../node_modules/.bun/@tanstack+router-core@1.168.17/node_modules/@tanstack/router-core/dist/esm/router.js:526:9
 > RouterCore.load ../../node_modules/.bun/@tanstack+router-core@1.168.17/node_modules/@tanstack/router-core/dist/esm/router.js:525:17
 > RouterCore.commitLocation ../../node_modules/.bun/@tanstack+router-core@1.168.17/node_modules/@tanstack/router-core/dist/esm/router.js:387:40
 > RouterCore.buildAndCommitLocation ../../node_modules/.bun/@tanstack+router-core@1.168.17/node_modules/@tanstack/router-core/dist/esm/router.js:433:30

10:26:21 AM [vite] (client) [Unhandled rejection] Error: Maximum update depth exceeded. This can happen when a component repeatedly calls setState inside componentWillUpdate or componentDidUpdate. React limits the number of nested updates to prevent infinite loops.
 > getRootForUpdatedFiber ../../node_modules/.bun/react-dom@19.2.5+3f10a4be4e334a9b/node_modules/react-dom/cjs/react-dom-client.development.js:4624:10
 > enqueueConcurrentHookUpdate ../../node_modules/.bun/react-dom@19.2.5+3f10a4be4e334a9b/node_modules/react-dom/cjs/react-dom-client.development.js:4584:13
 > dispatchSetStateInternal ../../node_modules/.bun/react-dom@19.2.5+3f10a4be4e334a9b/node_modules/react-dom/cjs/react-dom-client.development.js:9167:17
 > dispatchSetState ../../node_modules/.bun/react-dom@19.2.5+3f10a4be4e334a9b/node_modules/react-dom/cjs/react-dom-client.development.js:9127:6
 > Transitioner.router.startTransition ../../node_modules/.bun/@tanstack+react-router@1.168.25+21ccd8898788a04d/node_modules/@tanstack/react-router/dist/esm/Transitioner.js:23:2
 > ../../node_modules/.bun/@tanstack+router-core@1.168.17/node_modules/@tanstack/router-core/dist/esm/router.js:526:9
 > RouterCore.load ../../node_modules/.bun/@tanstack+router-core@1.168.17/node_modules/@tanstack/router-core/dist/esm/router.js:525:17
 > RouterCore.commitLocation ../../node_modules/.bun/@tanstack+router-core@1.168.17/node_modules/@tanstack/router-core/dist/esm/router.js:387:40
 > RouterCore.buildAndCommitLocation ../../node_modules/.bun/@tanstack+router-core@1.168.17/node_modules/@tanstack/router-core/dist/esm/router.js:433:30

10:26:21 AM [vite] (client) [Unhandled rejection] Error: Maximum update depth exceeded. This can happen when a component repeatedly calls setState inside componentWillUpdate or componentDidUpdate. React limits the number of nested updates to prevent infinite loops.
 > getRootForUpdatedFiber ../../node_modules/.bun/react-dom@19.2.5+3f10a4be4e334a9b/node_modules/react-dom/cjs/react-dom-client.development.js:4624:10
 > enqueueConcurrentHookUpdate ../../node_modules/.bun/react-dom@19.2.5+3f10a4be4e334a9b/node_modules/react-dom/cjs/react-dom-client.development.js:4584:13
 > dispatchSetStateInternal ../../node_modules/.bun/react-dom@19.2.5+3f10a4be4e334a9b/node_modules/react-dom/cjs/react-dom-client.development.js:9167:17
 > dispatchSetState ../../node_modules/.bun/react-dom@19.2.5+3f10a4be4e334a9b/node_modules/react-dom/cjs/react-dom-client.development.js:9127:6
 > Transitioner.router.startTransition ../../node_modules/.bun/@tanstack+react-router@1.168.25+21ccd8898788a04d/node_modules/@tanstack/react-router/dist/esm/Transitioner.js:23:2
 > ../../node_modules/.bun/@tanstack+router-core@1.168.17/node_modules/@tanstack/router-core/dist/esm/router.js:526:9
 > RouterCore.load ../../node_modules/.bun/@tanstack+router-core@1.168.17/node_modules/@tanstack/router-core/dist/esm/router.js:525:17
 > RouterCore.commitLocation ../../node_modules/.bun/@tanstack+router-core@1.168.17/node_modules/@tanstack/router-core/dist/esm/router.js:387:40
 > RouterCore.buildAndCommitLocation ../../node_modules/.bun/@tanstack+router-core@1.168.17/node_modules/@tanstack/router-core/dist/esm/router.js:433:30

10:26:21 AM [vite] (client) [Unhandled rejection] Error: Maximum update depth exceeded. This can happen when a component repeatedly calls setState inside componentWillUpdate or componentDidUpdate. React limits the number of nested updates to prevent infinite loops.
 > getRootForUpdatedFiber ../../node_modules/.bun/react-dom@19.2.5+3f10a4be4e334a9b/node_modules/react-dom/cjs/react-dom-client.development.js:4624:10
 > enqueueConcurrentHookUpdate ../../node_modules/.bun/react-dom@19.2.5+3f10a4be4e334a9b/node_modules/react-dom/cjs/react-dom-client.development.js:4584:13
 > dispatchSetStateInternal ../../node_modules/.bun/react-dom@19.2.5+3f10a4be4e334a9b/node_modules/react-dom/cjs/react-dom-client.development.js:9167:17
 > dispatchSetState ../../node_modules/.bun/react-dom@19.2.5+3f10a4be4e334a9b/node_modules/react-dom/cjs/react-dom-client.development.js:9127:6
 > Transitioner.router.startTransition ../../node_modules/.bun/@tanstack+react-router@1.168.25+21ccd8898788a04d/node_modules/@tanstack/react-router/dist/esm/Transitioner.js:23:2
 > ../../node_modules/.bun/@tanstack+router-core@1.168.17/node_modules/@tanstack/router-core/dist/esm/router.js:526:9
 > RouterCore.load ../../node_modules/.bun/@tanstack+router-core@1.168.17/node_modules/@tanstack/router-core/dist/esm/router.js:525:17
 > RouterCore.commitLocation ../../node_modules/.bun/@tanstack+router-core@1.168.17/node_modules/@tanstack/router-core/dist/esm/router.js:387:40
 > RouterCore.buildAndCommitLocation ../../node_modules/.bun/@tanstack+router-core@1.168.17/node_modules/@tanstack/router-core/dist/esm/router.js:433:30

10:26:21 AM [vite] (client) [Unhandled rejection] Error: Maximum update depth exceeded. This can happen when a component repeatedly calls setState inside componentWillUpdate or componentDidUpdate. React limits the number of nested updates to prevent infinite loops.
 > getRootForUpdatedFiber ../../node_modules/.bun/react-dom@19.2.5+3f10a4be4e334a9b/node_modules/react-dom/cjs/react-dom-client.development.js:4624:10
 > enqueueConcurrentHookUpdate ../../node_modules/.bun/react-dom@19.2.5+3f10a4be4e334a9b/node_modules/react-dom/cjs/react-dom-client.development.js:4584:13
 > dispatchSetStateInternal ../../node_modules/.bun/react-dom@19.2.5+3f10a4be4e334a9b/node_modules/react-dom/cjs/react-dom-client.development.js:9167:17
 > dispatchSetState ../../node_modules/.bun/react-dom@19.2.5+3f10a4be4e334a9b/node_modules/react-dom/cjs/react-dom-client.development.js:9127:6
 > Transitioner.router.startTransition ../../node_modules/.bun/@tanstack+react-router@1.168.25+21ccd8898788a04d/node_modules/@tanstack/react-router/dist/esm/Transitioner.js:23:2
 > ../../node_modules/.bun/@tanstack+router-core@1.168.17/node_modules/@tanstack/router-core/dist/esm/router.js:526:9
 > RouterCore.load ../../node_modules/.bun/@tanstack+router-core@1.168.17/node_modules/@tanstack/router-core/dist/esm/router.js:525:17
 > RouterCore.commitLocation ../../node_modules/.bun/@tanstack+router-core@1.168.17/node_modules/@tanstack/router-core/dist/esm/router.js:387:40
 > RouterCore.buildAndCommitLocation ../../node_modules/.bun/@tanstack+router-core@1.168.17/node_modules/@tanstack/router-core/dist/esm/router.js:433:30

10:26:21 AM [vite] (client) [Unhandled rejection] Error: Maximum update depth exceeded. This can happen when a component repeatedly calls setState inside componentWillUpdate or componentDidUpdate. React limits the number of nested updates to prevent infinite loops.
 > getRootForUpdatedFiber ../../node_modules/.bun/react-dom@19.2.5+3f10a4be4e334a9b/node_modules/react-dom/cjs/react-dom-client.development.js:4624:10
 > enqueueConcurrentHookUpdate ../../node_modules/.bun/react-dom@19.2.5+3f10a4be4e334a9b/node_modules/react-dom/cjs/react-dom-client.development.js:4584:13
 > dispatchSetStateInternal ../../node_modules/.bun/react-dom@19.2.5+3f10a4be4e334a9b/node_modules/react-dom/cjs/react-dom-client.development.js:9167:17
 > dispatchSetState ../../node_modules/.bun/react-dom@19.2.5+3f10a4be4e334a9b/node_modules/react-dom/cjs/react-dom-client.development.js:9127:6
 > Transitioner.router.startTransition ../../node_modules/.bun/@tanstack+react-router@1.168.25+21ccd8898788a04d/node_modules/@tanstack/react-router/dist/esm/Transitioner.js:23:2
 > ../../node_modules/.bun/@tanstack+router-core@1.168.17/node_modules/@tanstack/router-core/dist/esm/router.js:526:9
 > RouterCore.load ../../node_modules/.bun/@tanstack+router-core@1.168.17/node_modules/@tanstack/router-core/dist/esm/router.js:525:17
 > RouterCore.commitLocation ../../node_modules/.bun/@tanstack+router-core@1.168.17/node_modules/@tanstack/router-core/dist/esm/router.js:387:40
 > RouterCore.buildAndCommitLocation ../../node_modules/.bun/@tanstack+router-core@1.168.17/node_modules/@tanstack/router-core/dist/esm/router.js:433:30

10:26:21 AM [vite] (client) [Unhandled rejection] Error: Maximum update depth exceeded. This can happen when a component repeatedly calls setState inside componentWillUpdate or componentDidUpdate. React limits the number of nested updates to prevent infinite loops.
 > getRootForUpdatedFiber ../../node_modules/.bun/react-dom@19.2.5+3f10a4be4e334a9b/node_modules/react-dom/cjs/react-dom-client.development.js:4624:10
 > enqueueConcurrentHookUpdate ../../node_modules/.bun/react-dom@19.2.5+3f10a4be4e334a9b/node_modules/react-dom/cjs/react-dom-client.development.js:4584:13
 > dispatchSetStateInternal ../../node_modules/.bun/react-dom@19.2.5+3f10a4be4e334a9b/node_modules/react-dom/cjs/react-dom-client.development.js:9167:17
 > dispatchSetState ../../node_modules/.bun/react-dom@19.2.5+3f10a4be4e334a9b/node_modules/react-dom/cjs/react-dom-client.development.js:9127:6
 > Transitioner.router.startTransition ../../node_modules/.bun/@tanstack+react-router@1.168.25+21ccd8898788a04d/node_modules/@tanstack/react-router/dist/esm/Transitioner.js:23:2
 > ../../node_modules/.bun/@tanstack+router-core@1.168.17/node_modules/@tanstack/router-core/dist/esm/router.js:526:9
 > RouterCore.load ../../node_modules/.bun/@tanstack+router-core@1.168.17/node_modules/@tanstack/router-core/dist/esm/router.js:525:17
 > RouterCore.commitLocation ../../node_modules/.bun/@tanstack+router-core@1.168.17/node_modules/@tanstack/router-core/dist/esm/router.js:387:40
 > RouterCore.buildAndCommitLocation ../../node_modules/.bun/@tanstack+router-core@1.168.17/node_modules/@tanstack/router-core/dist/esm/router.js:433:30

10:26:21 AM [vite] (client) [Unhandled rejection] Error: Maximum update depth exceeded. This can happen when a component repeatedly calls setState inside componentWillUpdate or componentDidUpdate. React limits the number of nested updates to prevent infinite loops.
 > getRootForUpdatedFiber ../../node_modules/.bun/react-dom@19.2.5+3f10a4be4e334a9b/node_modules/react-dom/cjs/react-dom-client.development.js:4624:10
 > enqueueConcurrentHookUpdate ../../node_modules/.bun/react-dom@19.2.5+3f10a4be4e334a9b/node_modules/react-dom/cjs/react-dom-client.development.js:4584:13
 > dispatchSetStateInternal ../../node_modules/.bun/react-dom@19.2.5+3f10a4be4e334a9b/node_modules/react-dom/cjs/react-dom-client.development.js:9167:17
 > dispatchSetState ../../node_modules/.bun/react-dom@19.2.5+3f10a4be4e334a9b/node_modules/react-dom/cjs/react-dom-client.development.js:9127:6
 > Transitioner.router.startTransition ../../node_modules/.bun/@tanstack+react-router@1.168.25+21ccd8898788a04d/node_modules/@tanstack/react-router/dist/esm/Transitioner.js:23:2
 > ../../node_modules/.bun/@tanstack+router-core@1.168.17/node_modules/@tanstack/router-core/dist/esm/router.js:526:9
 > RouterCore.load ../../node_modules/.bun/@tanstack+router-core@1.168.17/node_modules/@tanstack/router-core/dist/esm/router.js:525:17
 > RouterCore.commitLocation ../../node_modules/.bun/@tanstack+router-core@1.168.17/node_modules/@tanstack/router-core/dist/esm/router.js:387:40
 > RouterCore.buildAndCommitLocation ../../node_modules/.bun/@tanstack+router-core@1.168.17/node_modules/@tanstack/router-core/dist/esm/router.js:433:30

10:26:21 AM [vite] (client) [Unhandled rejection] Error: Maximum update depth exceeded. This can happen when a component repeatedly calls setState inside componentWillUpdate or componentDidUpdate. React limits the number of nested updates to prevent infinite loops.
 > getRootForUpdatedFiber ../../node_modules/.bun/react-dom@19.2.5+3f10a4be4e334a9b/node_modules/react-dom/cjs/react-dom-client.development.js:4624:10
 > enqueueConcurrentHookUpdate ../../node_modules/.bun/react-dom@19.2.5+3f10a4be4e334a9b/node_modules/react-dom/cjs/react-dom-client.development.js:4584:13
 > dispatchSetStateInternal ../../node_modules/.bun/react-dom@19.2.5+3f10a4be4e334a9b/node_modules/react-dom/cjs/react-dom-client.development.js:9167:17
 > dispatchSetState ../../node_modules/.bun/react-dom@19.2.5+3f10a4be4e334a9b/node_modules/react-dom/cjs/react-dom-client.development.js:9127:6
 > Transitioner.router.startTransition ../../node_modules/.bun/@tanstack+react-router@1.168.25+21ccd8898788a04d/node_modules/@tanstack/react-router/dist/esm/Transitioner.js:23:2
 > ../../node_modules/.bun/@tanstack+router-core@1.168.17/node_modules/@tanstack/router-core/dist/esm/router.js:526:9
 > RouterCore.load ../../node_modules/.bun/@tanstack+router-core@1.168.17/node_modules/@tanstack/router-core/dist/esm/router.js:525:17
 > RouterCore.commitLocation ../../node_modules/.bun/@tanstack+router-core@1.168.17/node_modules/@tanstack/router-core/dist/esm/router.js:387:40
 > RouterCore.buildAndCommitLocation ../../node_modules/.bun/@tanstack+router-core@1.168.17/node_modules/@tanstack/router-core/dist/esm/router.js:433:30

10:26:21 AM [vite] (client) [Unhandled rejection] Error: Maximum update depth exceeded. This can happen when a component repeatedly calls setState inside componentWillUpdate or componentDidUpdate. React limits the number of nested updates to prevent infinite loops.
 > getRootForUpdatedFiber ../../node_modules/.bun/react-dom@19.2.5+3f10a4be4e334a9b/node_modules/react-dom/cjs/react-dom-client.development.js:4624:10
 > enqueueConcurrentHookUpdate ../../node_modules/.bun/react-dom@19.2.5+3f10a4be4e334a9b/node_modules/react-dom/cjs/react-dom-client.development.js:4584:13
 > dispatchSetStateInternal ../../node_modules/.bun/react-dom@19.2.5+3f10a4be4e334a9b/node_modules/react-dom/cjs/react-dom-client.development.js:9167:17
 > dispatchSetState ../../node_modules/.bun/react-dom@19.2.5+3f10a4be4e334a9b/node_modules/react-dom/cjs/react-dom-client.development.js:9127:6
 > Transitioner.router.startTransition ../../node_modules/.bun/@tanstack+react-router@1.168.25+21ccd8898788a04d/node_modules/@tanstack/react-router/dist/esm/Transitioner.js:23:2
 > ../../node_modules/.bun/@tanstack+router-core@1.168.17/node_modules/@tanstack/router-core/dist/esm/router.js:526:9
 > RouterCore.load ../../node_modules/.bun/@tanstack+router-core@1.168.17/node_modules/@tanstack/router-core/dist/esm/router.js:525:17
 > RouterCore.commitLocation ../../node_modules/.bun/@tanstack+router-core@1.168.17/node_modules/@tanstack/router-core/dist/esm/router.js:387:40
 > RouterCore.buildAndCommitLocation ../../node_modules/.bun/@tanstack+router-core@1.168.17/node_modules/@tanstack/router-core/dist/esm/router.js:433:30

10:26:21 AM [vite] (client) [Unhandled rejection] Error: Maximum update depth exceeded. This can happen when a component repeatedly calls setState inside componentWillUpdate or componentDidUpdate. React limits the number of nested updates to prevent infinite loops.
 > getRootForUpdatedFiber ../../node_modules/.bun/react-dom@19.2.5+3f10a4be4e334a9b/node_modules/react-dom/cjs/react-dom-client.development.js:4624:10
 > enqueueConcurrentHookUpdate ../../node_modules/.bun/react-dom@19.2.5+3f10a4be4e334a9b/node_modules/react-dom/cjs/react-dom-client.development.js:4584:13
 > dispatchSetStateInternal ../../node_modules/.bun/react-dom@19.2.5+3f10a4be4e334a9b/node_modules/react-dom/cjs/react-dom-client.development.js:9167:17
 > dispatchSetState ../../node_modules/.bun/react-dom@19.2.5+3f10a4be4e334a9b/node_modules/react-dom/cjs/react-dom-client.development.js:9127:6
 > Transitioner.router.startTransition ../../node_modules/.bun/@tanstack+react-router@1.168.25+21ccd8898788a04d/node_modules/@tanstack/react-router/dist/esm/Transitioner.js:23:2
 > ../../node_modules/.bun/@tanstack+router-core@1.168.17/node_modules/@tanstack/router-core/dist/esm/router.js:526:9
 > RouterCore.load ../../node_modules/.bun/@tanstack+router-core@1.168.17/node_modules/@tanstack/router-core/dist/esm/router.js:525:17
 > RouterCore.commitLocation ../../node_modules/.bun/@tanstack+router-core@1.168.17/node_modules/@tanstack/router-core/dist/esm/router.js:387:40
 > RouterCore.buildAndCommitLocation ../../node_modules/.bun/@tanstack+router-core@1.168.17/node_modules/@tanstack/router-core/dist/esm/router.js:433:30

10:26:21 AM [vite] (client) [Unhandled rejection] Error: Maximum update depth exceeded. This can happen when a component repeatedly calls setState inside componentWillUpdate or componentDidUpdate. React limits the number of nested updates to prevent infinite loops.
 > getRootForUpdatedFiber ../../node_modules/.bun/react-dom@19.2.5+3f10a4be4e334a9b/node_modules/react-dom/cjs/react-dom-client.development.js:4624:10
 > enqueueConcurrentHookUpdate ../../node_modules/.bun/react-dom@19.2.5+3f10a4be4e334a9b/node_modules/react-dom/cjs/react-dom-client.development.js:4584:13
 > dispatchSetStateInternal ../../node_modules/.bun/react-dom@19.2.5+3f10a4be4e334a9b/node_modules/react-dom/cjs/react-dom-client.development.js:9167:17
 > dispatchSetState ../../node_modules/.bun/react-dom@19.2.5+3f10a4be4e334a9b/node_modules/react-dom/cjs/react-dom-client.development.js:9127:6
 > Transitioner.router.startTransition ../../node_modules/.bun/@tanstack+react-router@1.168.25+21ccd8898788a04d/node_modules/@tanstack/react-router/dist/esm/Transitioner.js:23:2
 > ../../node_modules/.bun/@tanstack+router-core@1.168.17/node_modules/@tanstack/router-core/dist/esm/router.js:526:9
 > RouterCore.load ../../node_modules/.bun/@tanstack+router-core@1.168.17/node_modules/@tanstack/router-core/dist/esm/router.js:525:17
 > RouterCore.commitLocation ../../node_modules/.bun/@tanstack+router-core@1.168.17/node_modules/@tanstack/router-core/dist/esm/router.js:387:40
 > RouterCore.buildAndCommitLocation ../../node_modules/.bun/@tanstack+router-core@1.168.17/node_modules/@tanstack/router-core/dist/esm/router.js:433:30

10:26:21 AM [vite] (client) [Unhandled rejection] Error: Maximum update depth exceeded. This can happen when a component repeatedly calls setState inside componentWillUpdate or componentDidUpdate. React limits the number of nested updates to prevent infinite loops.
 > getRootForUpdatedFiber ../../node_modules/.bun/react-dom@19.2.5+3f10a4be4e334a9b/node_modules/react-dom/cjs/react-dom-client.development.js:4624:10
 > enqueueConcurrentHookUpdate ../../node_modules/.bun/react-dom@19.2.5+3f10a4be4e334a9b/node_modules/react-dom/cjs/react-dom-client.development.js:4584:13
 > dispatchSetStateInternal ../../node_modules/.bun/react-dom@19.2.5+3f10a4be4e334a9b/node_modules/react-dom/cjs/react-dom-client.development.js:9167:17
 > dispatchSetState ../../node_modules/.bun/react-dom@19.2.5+3f10a4be4e334a9b/node_modules/react-dom/cjs/react-dom-client.development.js:9127:6
 > Transitioner.router.startTransition ../../node_modules/.bun/@tanstack+react-router@1.168.25+21ccd8898788a04d/node_modules/@tanstack/react-router/dist/esm/Transitioner.js:23:2
 > ../../node_modules/.bun/@tanstack+router-core@1.168.17/node_modules/@tanstack/router-core/dist/esm/router.js:526:9
 > RouterCore.load ../../node_modules/.bun/@tanstack+router-core@1.168.17/node_modules/@tanstack/router-core/dist/esm/router.js:525:17
 > RouterCore.commitLocation ../../node_modules/.bun/@tanstack+router-core@1.168.17/node_modules/@tanstack/router-core/dist/esm/router.js:387:40
 > RouterCore.buildAndCommitLocation ../../node_modules/.bun/@tanstack+router-core@1.168.17/node_modules/@tanstack/router-core/dist/esm/router.js:433:30

10:26:21 AM [vite] (client) [Unhandled rejection] Error: Maximum update depth exceeded. This can happen when a component repeatedly calls setState inside componentWillUpdate or componentDidUpdate. React limits the number of nested updates to prevent infinite loops.
 > getRootForUpdatedFiber ../../node_modules/.bun/react-dom@19.2.5+3f10a4be4e334a9b/node_modules/react-dom/cjs/react-dom-client.development.js:4624:10
 > enqueueConcurrentHookUpdate ../../node_modules/.bun/react-dom@19.2.5+3f10a4be4e334a9b/node_modules/react-dom/cjs/react-dom-client.development.js:4584:13
 > dispatchSetStateInternal ../../node_modules/.bun/react-dom@19.2.5+3f10a4be4e334a9b/node_modules/react-dom/cjs/react-dom-client.development.js:9167:17
 > dispatchSetState ../../node_modules/.bun/react-dom@19.2.5+3f10a4be4e334a9b/node_modules/react-dom/cjs/react-dom-client.development.js:9127:6
 > Transitioner.router.startTransition ../../node_modules/.bun/@tanstack+react-router@1.168.25+21ccd8898788a04d/node_modules/@tanstack/react-router/dist/esm/Transitioner.js:23:2
 > ../../node_modules/.bun/@tanstack+router-core@1.168.17/node_modules/@tanstack/router-core/dist/esm/router.js:526:9
 > RouterCore.load ../../node_modules/.bun/@tanstack+router-core@1.168.17/node_modules/@tanstack/router-core/dist/esm/router.js:525:17
 > RouterCore.commitLocation ../../node_modules/.bun/@tanstack+router-core@1.168.17/node_modules/@tanstack/router-core/dist/esm/router.js:387:40
 > RouterCore.buildAndCommitLocation ../../node_modules/.bun/@tanstack+router-core@1.168.17/node_modules/@tanstack/router-core/dist/esm/router.js:433:30

10:26:21 AM [vite] (client) [Unhandled rejection] Error: Maximum update depth exceeded. This can happen when a component repeatedly calls setState inside componentWillUpdate or componentDidUpdate. React limits the number of nested updates to prevent infinite loops.
 > getRootForUpdatedFiber ../../node_modules/.bun/react-dom@19.2.5+3f10a4be4e334a9b/node_modules/react-dom/cjs/react-dom-client.development.js:4624:10
 > enqueueConcurrentHookUpdate ../../node_modules/.bun/react-dom@19.2.5+3f10a4be4e334a9b/node_modules/react-dom/cjs/react-dom-client.development.js:4584:13
 > dispatchSetStateInternal ../../node_modules/.bun/react-dom@19.2.5+3f10a4be4e334a9b/node_modules/react-dom/cjs/react-dom-client.development.js:9167:17
 > dispatchSetState ../../node_modules/.bun/react-dom@19.2.5+3f10a4be4e334a9b/node_modules/react-dom/cjs/react-dom-client.development.js:9127:6
 > Transitioner.router.startTransition ../../node_modules/.bun/@tanstack+react-router@1.168.25+21ccd8898788a04d/node_modules/@tanstack/react-router/dist/esm/Transitioner.js:23:2
 > ../../node_modules/.bun/@tanstack+router-core@1.168.17/node_modules/@tanstack/router-core/dist/esm/router.js:526:9
 > RouterCore.load ../../node_modules/.bun/@tanstack+router-core@1.168.17/node_modules/@tanstack/router-core/dist/esm/router.js:525:17
 > RouterCore.commitLocation ../../node_modules/.bun/@tanstack+router-core@1.168.17/node_modules/@tanstack/router-core/dist/esm/router.js:387:40
 > RouterCore.buildAndCommitLocation ../../node_modules/.bun/@tanstack+router-core@1.168.17/node_modules/@tanstack/router-core/dist/esm/router.js:433:30

10:26:21 AM [vite] (client) [Unhandled rejection] Error: Maximum update depth exceeded. This can happen when a component repeatedly calls setState inside componentWillUpdate or componentDidUpdate. React limits the number of nested updates to prevent infinite loops.
 > getRootForUpdatedFiber ../../node_modules/.bun/react-dom@19.2.5+3f10a4be4e334a9b/node_modules/react-dom/cjs/react-dom-client.development.js:4624:10
 > enqueueConcurrentHookUpdate ../../node_modules/.bun/react-dom@19.2.5+3f10a4be4e334a9b/node_modules/react-dom/cjs/react-dom-client.development.js:4584:13
 > dispatchSetStateInternal ../../node_modules/.bun/react-dom@19.2.5+3f10a4be4e334a9b/node_modules/react-dom/cjs/react-dom-client.development.js:9167:17
 > dispatchSetState ../../node_modules/.bun/react-dom@19.2.5+3f10a4be4e334a9b/node_modules/react-dom/cjs/react-dom-client.development.js:9127:6
 > Transitioner.router.startTransition ../../node_modules/.bun/@tanstack+react-router@1.168.25+21ccd8898788a04d/node_modules/@tanstack/react-router/dist/esm/Transitioner.js:23:2
 > ../../node_modules/.bun/@tanstack+router-core@1.168.17/node_modules/@tanstack/router-core/dist/esm/router.js:526:9
 > RouterCore.load ../../node_modules/.bun/@tanstack+router-core@1.168.17/node_modules/@tanstack/router-core/dist/esm/router.js:525:17
 > RouterCore.commitLocation ../../node_modules/.bun/@tanstack+router-core@1.168.17/node_modules/@tanstack/router-core/dist/esm/router.js:387:40
 > RouterCore.buildAndCommitLocation ../../node_modules/.bun/@tanstack+router-core@1.168.17/node_modules/@tanstack/router-core/dist/esm/router.js:433:30

10:26:21 AM [vite] (client) [Unhandled rejection] Error: Maximum update depth exceeded. This can happen when a component repeatedly calls setState inside componentWillUpdate or componentDidUpdate. React limits the number of nested updates to prevent infinite loops.
 > getRootForUpdatedFiber ../../node_modules/.bun/react-dom@19.2.5+3f10a4be4e334a9b/node_modules/react-dom/cjs/react-dom-client.development.js:4624:10
 > enqueueConcurrentHookUpdate ../../node_modules/.bun/react-dom@19.2.5+3f10a4be4e334a9b/node_modules/react-dom/cjs/react-dom-client.development.js:4584:13
 > dispatchSetStateInternal ../../node_modules/.bun/react-dom@19.2.5+3f10a4be4e334a9b/node_modules/react-dom/cjs/react-dom-client.development.js:9167:17
 > dispatchSetState ../../node_modules/.bun/react-dom@19.2.5+3f10a4be4e334a9b/node_modules/react-dom/cjs/react-dom-client.development.js:9127:6
 > Transitioner.router.startTransition ../../node_modules/.bun/@tanstack+react-router@1.168.25+21ccd8898788a04d/node_modules/@tanstack/react-router/dist/esm/Transitioner.js:23:2
 > ../../node_modules/.bun/@tanstack+router-core@1.168.17/node_modules/@tanstack/router-core/dist/esm/router.js:526:9
 > RouterCore.load ../../node_modules/.bun/@tanstack+router-core@1.168.17/node_modules/@tanstack/router-core/dist/esm/router.js:525:17
 > RouterCore.commitLocation ../../node_modules/.bun/@tanstack+router-core@1.168.17/node_modules/@tanstack/router-core/dist/esm/router.js:387:40
 > RouterCore.buildAndCommitLocation ../../node_modules/.bun/@tanstack+router-core@1.168.17/node_modules/@tanstack/router-core/dist/esm/router.js:433:30

10:26:21 AM [vite] (client) [Unhandled rejection] Error: Maximum update depth exceeded. This can happen when a component repeatedly calls setState inside componentWillUpdate or componentDidUpdate. React limits the number of nested updates to prevent infinite loops.
 > getRootForUpdatedFiber ../../node_modules/.bun/react-dom@19.2.5+3f10a4be4e334a9b/node_modules/react-dom/cjs/react-dom-client.development.js:4624:10
 > enqueueConcurrentHookUpdate ../../node_modules/.bun/react-dom@19.2.5+3f10a4be4e334a9b/node_modules/react-dom/cjs/react-dom-client.development.js:4584:13
 > dispatchSetStateInternal ../../node_modules/.bun/react-dom@19.2.5+3f10a4be4e334a9b/node_modules/react-dom/cjs/react-dom-client.development.js:9167:17
 > dispatchSetState ../../node_modules/.bun/react-dom@19.2.5+3f10a4be4e334a9b/node_modules/react-dom/cjs/react-dom-client.development.js:9127:6
 > Transitioner.router.startTransition ../../node_modules/.bun/@tanstack+react-router@1.168.25+21ccd8898788a04d/node_modules/@tanstack/react-router/dist/esm/Transitioner.js:23:2
 > ../../node_modules/.bun/@tanstack+router-core@1.168.17/node_modules/@tanstack/router-core/dist/esm/router.js:526:9
 > RouterCore.load ../../node_modules/.bun/@tanstack+router-core@1.168.17/node_modules/@tanstack/router-core/dist/esm/router.js:525:17
 > RouterCore.commitLocation ../../node_modules/.bun/@tanstack+router-core@1.168.17/node_modules/@tanstack/router-core/dist/esm/router.js:387:40
 > RouterCore.buildAndCommitLocation ../../node_modules/.bun/@tanstack+router-core@1.168.17/node_modules/@tanstack/router-core/dist/esm/router.js:433:30

10:26:21 AM [vite] (client) [Unhandled rejection] Error: Maximum update depth exceeded. This can happen when a component repeatedly calls setState inside componentWillUpdate or componentDidUpdate. React limits the number of nested updates to prevent infinite loops.
 > getRootForUpdatedFiber ../../node_modules/.bun/react-dom@19.2.5+3f10a4be4e334a9b/node_modules/react-dom/cjs/react-dom-client.development.js:4624:10
 > enqueueConcurrentHookUpdate ../../node_modules/.bun/react-dom@19.2.5+3f10a4be4e334a9b/node_modules/react-dom/cjs/react-dom-client.development.js:4584:13
 > dispatchSetStateInternal ../../node_modules/.bun/react-dom@19.2.5+3f10a4be4e334a9b/node_modules/react-dom/cjs/react-dom-client.development.js:9167:17
 > dispatchSetState ../../node_modules/.bun/react-dom@19.2.5+3f10a4be4e334a9b/node_modules/react-dom/cjs/react-dom-client.development.js:9127:6
 > Transitioner.router.startTransition ../../node_modules/.bun/@tanstack+react-router@1.168.25+21ccd8898788a04d/node_modules/@tanstack/react-router/dist/esm/Transitioner.js:23:2
 > ../../node_modules/.bun/@tanstack+router-core@1.168.17/node_modules/@tanstack/router-core/dist/esm/router.js:526:9
 > RouterCore.load ../../node_modules/.bun/@tanstack+router-core@1.168.17/node_modules/@tanstack/router-core/dist/esm/router.js:525:17
 > RouterCore.commitLocation ../../node_modules/.bun/@tanstack+router-core@1.168.17/node_modules/@tanstack/router-core/dist/esm/router.js:387:40
 > RouterCore.buildAndCommitLocation ../../node_modules/.bun/@tanstack+router-core@1.168.17/node_modules/@tanstack/router-core/dist/esm/router.js:433:30

10:26:21 AM [vite] (client) [Unhandled rejection] Error: Maximum update depth exceeded. This can happen when a component repeatedly calls setState inside componentWillUpdate or componentDidUpdate. React limits the number of nested updates to prevent infinite loops.
 > getRootForUpdatedFiber ../../node_modules/.bun/react-dom@19.2.5+3f10a4be4e334a9b/node_modules/react-dom/cjs/react-dom-client.development.js:4624:10
 > enqueueConcurrentHookUpdate ../../node_modules/.bun/react-dom@19.2.5+3f10a4be4e334a9b/node_modules/react-dom/cjs/react-dom-client.development.js:4584:13
 > dispatchSetStateInternal ../../node_modules/.bun/react-dom@19.2.5+3f10a4be4e334a9b/node_modules/react-dom/cjs/react-dom-client.development.js:9167:17
 > dispatchSetState ../../node_modules/.bun/react-dom@19.2.5+3f10a4be4e334a9b/node_modules/react-dom/cjs/react-dom-client.development.js:9127:6
 > Transitioner.router.startTransition ../../node_modules/.bun/@tanstack+react-router@1.168.25+21ccd8898788a04d/node_modules/@tanstack/react-router/dist/esm/Transitioner.js:23:2
 > ../../node_modules/.bun/@tanstack+router-core@1.168.17/node_modules/@tanstack/router-core/dist/esm/router.js:526:9
 > RouterCore.load ../../node_modules/.bun/@tanstack+router-core@1.168.17/node_modules/@tanstack/router-core/dist/esm/router.js:525:17
 > RouterCore.commitLocation ../../node_modules/.bun/@tanstack+router-core@1.168.17/node_modules/@tanstack/router-core/dist/esm/router.js:387:40
 > RouterCore.buildAndCommitLocation ../../node_modules/.bun/@tanstack+router-core@1.168.17/node_modules/@tanstack/router-core/dist/esm/router.js:433:30

10:26:21 AM [vite] (client) [Unhandled rejection] Error: Maximum update depth exceeded. This can happen when a component repeatedly calls setState inside componentWillUpdate or componentDidUpdate. React limits the number of nested updates to prevent infinite loops.
 > getRootForUpdatedFiber ../../node_modules/.bun/react-dom@19.2.5+3f10a4be4e334a9b/node_modules/react-dom/cjs/react-dom-client.development.js:4624:10
 > enqueueConcurrentHookUpdate ../../node_modules/.bun/react-dom@19.2.5+3f10a4be4e334a9b/node_modules/react-dom/cjs/react-dom-client.development.js:4584:13
 > dispatchSetStateInternal ../../node_modules/.bun/react-dom@19.2.5+3f10a4be4e334a9b/node_modules/react-dom/cjs/react-dom-client.development.js:9167:17
 > dispatchSetState ../../node_modules/.bun/react-dom@19.2.5+3f10a4be4e334a9b/node_modules/react-dom/cjs/react-dom-client.development.js:9127:6
 > Transitioner.router.startTransition ../../node_modules/.bun/@tanstack+react-router@1.168.25+21ccd8898788a04d/node_modules/@tanstack/react-router/dist/esm/Transitioner.js:23:2
 > ../../node_modules/.bun/@tanstack+router-core@1.168.17/node_modules/@tanstack/router-core/dist/esm/router.js:526:9
 > RouterCore.load ../../node_modules/.bun/@tanstack+router-core@1.168.17/node_modules/@tanstack/router-core/dist/esm/router.js:525:17
 > RouterCore.commitLocation ../../node_modules/.bun/@tanstack+router-core@1.168.17/node_modules/@tanstack/router-core/dist/esm/router.js:387:40
 > RouterCore.buildAndCommitLocation ../../node_modules/.bun/@tanstack+router-core@1.168.17/node_modules/@tanstack/router-core/dist/esm/router.js:433:30

10:26:21 AM [vite] (client) [Unhandled rejection] Error: Maximum update depth exceeded. This can happen when a component repeatedly calls setState inside componentWillUpdate or componentDidUpdate. React limits the number of nested updates to prevent infinite loops.
 > getRootForUpdatedFiber ../../node_modules/.bun/react-dom@19.2.5+3f10a4be4e334a9b/node_modules/react-dom/cjs/react-dom-client.development.js:4624:10
 > enqueueConcurrentHookUpdate ../../node_modules/.bun/react-dom@19.2.5+3f10a4be4e334a9b/node_modules/react-dom/cjs/react-dom-client.development.js:4584:13
 > dispatchSetStateInternal ../../node_modules/.bun/react-dom@19.2.5+3f10a4be4e334a9b/node_modules/react-dom/cjs/react-dom-client.development.js:9167:17
 > dispatchSetState ../../node_modules/.bun/react-dom@19.2.5+3f10a4be4e334a9b/node_modules/react-dom/cjs/react-dom-client.development.js:9127:6
 > Transitioner.router.startTransition ../../node_modules/.bun/@tanstack+react-router@1.168.25+21ccd8898788a04d/node_modules/@tanstack/react-router/dist/esm/Transitioner.js:23:2
 > ../../node_modules/.bun/@tanstack+router-core@1.168.17/node_modules/@tanstack/router-core/dist/esm/router.js:526:9
 > RouterCore.load ../../node_modules/.bun/@tanstack+router-core@1.168.17/node_modules/@tanstack/router-core/dist/esm/router.js:525:17
 > RouterCore.commitLocation ../../node_modules/.bun/@tanstack+router-core@1.168.17/node_modules/@tanstack/router-core/dist/esm/router.js:387:40
 > RouterCore.buildAndCommitLocation ../../node_modules/.bun/@tanstack+router-core@1.168.17/node_modules/@tanstack/router-core/dist/esm/router.js:433:30

10:26:22 AM [vite] (client) [Unhandled rejection] Error: Maximum update depth exceeded. This can happen when a component repeatedly calls setState inside componentWillUpdate or componentDidUpdate. React limits the number of nested updates to prevent infinite loops.
 > getRootForUpdatedFiber ../../node_modules/.bun/react-dom@19.2.5+3f10a4be4e334a9b/node_modules/react-dom/cjs/react-dom-client.development.js:4624:10
 > enqueueConcurrentHookUpdate ../../node_modules/.bun/react-dom@19.2.5+3f10a4be4e334a9b/node_modules/react-dom/cjs/react-dom-client.development.js:4584:13
 > dispatchSetStateInternal ../../node_modules/.bun/react-dom@19.2.5+3f10a4be4e334a9b/node_modules/react-dom/cjs/react-dom-client.development.js:9167:17
 > dispatchSetState ../../node_modules/.bun/react-dom@19.2.5+3f10a4be4e334a9b/node_modules/react-dom/cjs/react-dom-client.development.js:9127:6
 > Transitioner.router.startTransition ../../node_modules/.bun/@tanstack+react-router@1.168.25+21ccd8898788a04d/node_modules/@tanstack/react-router/dist/esm/Transitioner.js:23:2
 > ../../node_modules/.bun/@tanstack+router-core@1.168.17/node_modules/@tanstack/router-core/dist/esm/router.js:526:9
 > RouterCore.load ../../node_modules/.bun/@tanstack+router-core@1.168.17/node_modules/@tanstack/router-core/dist/esm/router.js:525:17
 > RouterCore.commitLocation ../../node_modules/.bun/@tanstack+router-core@1.168.17/node_modules/@tanstack/router-core/dist/esm/router.js:387:40
 > RouterCore.buildAndCommitLocation ../../node_modules/.bun/@tanstack+router-core@1.168.17/node_modules/@tanstack/router-core/dist/esm/router.js:433:30

10:26:22 AM [vite] (client) [Unhandled rejection] Error: Maximum update depth exceeded. This can happen when a component repeatedly calls setState inside componentWillUpdate or componentDidUpdate. React limits the number of nested updates to prevent infinite loops.
 > getRootForUpdatedFiber ../../node_modules/.bun/react-dom@19.2.5+3f10a4be4e334a9b/node_modules/react-dom/cjs/react-dom-client.development.js:4624:10
 > enqueueConcurrentHookUpdate ../../node_modules/.bun/react-dom@19.2.5+3f10a4be4e334a9b/node_modules/react-dom/cjs/react-dom-client.development.js:4584:13
 > dispatchSetStateInternal ../../node_modules/.bun/react-dom@19.2.5+3f10a4be4e334a9b/node_modules/react-dom/cjs/react-dom-client.development.js:9167:17
 > dispatchSetState ../../node_modules/.bun/react-dom@19.2.5+3f10a4be4e334a9b/node_modules/react-dom/cjs/react-dom-client.development.js:9127:6
 > Transitioner.router.startTransition ../../node_modules/.bun/@tanstack+react-router@1.168.25+21ccd8898788a04d/node_modules/@tanstack/react-router/dist/esm/Transitioner.js:23:2
 > ../../node_modules/.bun/@tanstack+router-core@1.168.17/node_modules/@tanstack/router-core/dist/esm/router.js:526:9
 > RouterCore.load ../../node_modules/.bun/@tanstack+router-core@1.168.17/node_modules/@tanstack/router-core/dist/esm/router.js:525:17
 > RouterCore.commitLocation ../../node_modules/.bun/@tanstack+router-core@1.168.17/node_modules/@tanstack/router-core/dist/esm/router.js:387:40
 > RouterCore.buildAndCommitLocation ../../node_modules/.bun/@tanstack+router-core@1.168.17/node_modules/@tanstack/router-core/dist/esm/router.js:433:30

10:26:22 AM [vite] (client) [Unhandled rejection] Error: Maximum update depth exceeded. This can happen when a component repeatedly calls setState inside componentWillUpdate or componentDidUpdate. React limits the number of nested updates to prevent infinite loops.
 > getRootForUpdatedFiber ../../node_modules/.bun/react-dom@19.2.5+3f10a4be4e334a9b/node_modules/react-dom/cjs/react-dom-client.development.js:4624:10
 > enqueueConcurrentHookUpdate ../../node_modules/.bun/react-dom@19.2.5+3f10a4be4e334a9b/node_modules/react-dom/cjs/react-dom-client.development.js:4584:13
 > dispatchSetStateInternal ../../node_modules/.bun/react-dom@19.2.5+3f10a4be4e334a9b/node_modules/react-dom/cjs/react-dom-client.development.js:9167:17
 > dispatchSetState ../../node_modules/.bun/react-dom@19.2.5+3f10a4be4e334a9b/node_modules/react-dom/cjs/react-dom-client.development.js:9127:6
 > Transitioner.router.startTransition ../../node_modules/.bun/@tanstack+react-router@1.168.25+21ccd8898788a04d/node_modules/@tanstack/react-router/dist/esm/Transitioner.js:23:2
 > ../../node_modules/.bun/@tanstack+router-core@1.168.17/node_modules/@tanstack/router-core/dist/esm/router.js:526:9
 > RouterCore.load ../../node_modules/.bun/@tanstack+router-core@1.168.17/node_modules/@tanstack/router-core/dist/esm/router.js:525:17
 > RouterCore.commitLocation ../../node_modules/.bun/@tanstack+router-core@1.168.17/node_modules/@tanstack/router-core/dist/esm/router.js:387:40
 > RouterCore.buildAndCommitLocation ../../node_modules/.bun/@tanstack+router-core@1.168.17/node_modules/@tanstack/router-core/dist/esm/router.js:433:30

10:26:22 AM [vite] (client) [Unhandled rejection] Error: Maximum update depth exceeded. This can happen when a component repeatedly calls setState inside componentWillUpdate or componentDidUpdate. React limits the number of nested updates to prevent infinite loops.
 > getRootForUpdatedFiber ../../node_modules/.bun/react-dom@19.2.5+3f10a4be4e334a9b/node_modules/react-dom/cjs/react-dom-client.development.js:4624:10
 > enqueueConcurrentHookUpdate ../../node_modules/.bun/react-dom@19.2.5+3f10a4be4e334a9b/node_modules/react-dom/cjs/react-dom-client.development.js:4584:13
 > dispatchSetStateInternal ../../node_modules/.bun/react-dom@19.2.5+3f10a4be4e334a9b/node_modules/react-dom/cjs/react-dom-client.development.js:9167:17
 > dispatchSetState ../../node_modules/.bun/react-dom@19.2.5+3f10a4be4e334a9b/node_modules/react-dom/cjs/react-dom-client.development.js:9127:6
 > Transitioner.router.startTransition ../../node_modules/.bun/@tanstack+react-router@1.168.25+21ccd8898788a04d/node_modules/@tanstack/react-router/dist/esm/Transitioner.js:23:2
 > ../../node_modules/.bun/@tanstack+router-core@1.168.17/node_modules/@tanstack/router-core/dist/esm/router.js:526:9
 > RouterCore.load ../../node_modules/.bun/@tanstack+router-core@1.168.17/node_modules/@tanstack/router-core/dist/esm/router.js:525:17
 > RouterCore.commitLocation ../../node_modules/.bun/@tanstack+router-core@1.168.17/node_modules/@tanstack/router-core/dist/esm/router.js:387:40
 > RouterCore.buildAndCommitLocation ../../node_modules/.bun/@tanstack+router-core@1.168.17/node_modules/@tanstack/router-core/dist/esm/router.js:433:30

10:26:22 AM [vite] (client) [Unhandled rejection] Error: Maximum update depth exceeded. This can happen when a component repeatedly calls setState inside componentWillUpdate or componentDidUpdate. React limits the number of nested updates to prevent infinite loops.
 > getRootForUpdatedFiber ../../node_modules/.bun/react-dom@19.2.5+3f10a4be4e334a9b/node_modules/react-dom/cjs/react-dom-client.development.js:4624:10
 > enqueueConcurrentHookUpdate ../../node_modules/.bun/react-dom@19.2.5+3f10a4be4e334a9b/node_modules/react-dom/cjs/react-dom-client.development.js:4584:13
 > dispatchSetStateInternal ../../node_modules/.bun/react-dom@19.2.5+3f10a4be4e334a9b/node_modules/react-dom/cjs/react-dom-client.development.js:9167:17
 > dispatchSetState ../../node_modules/.bun/react-dom@19.2.5+3f10a4be4e334a9b/node_modules/react-dom/cjs/react-dom-client.development.js:9127:6
 > Transitioner.router.startTransition ../../node_modules/.bun/@tanstack+react-router@1.168.25+21ccd8898788a04d/node_modules/@tanstack/react-router/dist/esm/Transitioner.js:23:2
 > ../../node_modules/.bun/@tanstack+router-core@1.168.17/node_modules/@tanstack/router-core/dist/esm/router.js:526:9
 > RouterCore.load ../../node_modules/.bun/@tanstack+router-core@1.168.17/node_modules/@tanstack/router-core/dist/esm/router.js:525:17
 > RouterCore.commitLocation ../../node_modules/.bun/@tanstack+router-core@1.168.17/node_modules/@tanstack/router-core/dist/esm/router.js:387:40
 > RouterCore.buildAndCommitLocation ../../node_modules/.bun/@tanstack+router-core@1.168.17/node_modules/@tanstack/router-core/dist/esm/router.js:433:30

10:26:22 AM [vite] (client) [Unhandled rejection] Error: Maximum update depth exceeded. This can happen when a component repeatedly calls setState inside componentWillUpdate or componentDidUpdate. React limits the number of nested updates to prevent infinite loops.
 > getRootForUpdatedFiber ../../node_modules/.bun/react-dom@19.2.5+3f10a4be4e334a9b/node_modules/react-dom/cjs/react-dom-client.development.js:4624:10
 > enqueueConcurrentHookUpdate ../../node_modules/.bun/react-dom@19.2.5+3f10a4be4e334a9b/node_modules/react-dom/cjs/react-dom-client.development.js:4584:13
 > dispatchSetStateInternal ../../node_modules/.bun/react-dom@19.2.5+3f10a4be4e334a9b/node_modules/react-dom/cjs/react-dom-client.development.js:9167:17
 > dispatchSetState ../../node_modules/.bun/react-dom@19.2.5+3f10a4be4e334a9b/node_modules/react-dom/cjs/react-dom-client.development.js:9127:6
 > Transitioner.router.startTransition ../../node_modules/.bun/@tanstack+react-router@1.168.25+21ccd8898788a04d/node_modules/@tanstack/react-router/dist/esm/Transitioner.js:23:2
 > ../../node_modules/.bun/@tanstack+router-core@1.168.17/node_modules/@tanstack/router-core/dist/esm/router.js:526:9
 > RouterCore.load ../../node_modules/.bun/@tanstack+router-core@1.168.17/node_modules/@tanstack/router-core/dist/esm/router.js:525:17
 > RouterCore.commitLocation ../../node_modules/.bun/@tanstack+router-core@1.168.17/node_modules/@tanstack/router-core/dist/esm/router.js:387:40
 > RouterCore.buildAndCommitLocation ../../node_modules/.bun/@tanstack+router-core@1.168.17/node_modules/@tanstack/router-core/dist/esm/router.js:433:30

10:26:22 AM [vite] (client) [Unhandled rejection] Error: Maximum update depth exceeded. This can happen when a component repeatedly calls setState inside componentWillUpdate or componentDidUpdate. React limits the number of nested updates to prevent infinite loops.
 > getRootForUpdatedFiber ../../node_modules/.bun/react-dom@19.2.5+3f10a4be4e334a9b/node_modules/react-dom/cjs/react-dom-client.development.js:4624:10
 > enqueueConcurrentHookUpdate ../../node_modules/.bun/react-dom@19.2.5+3f10a4be4e334a9b/node_modules/react-dom/cjs/react-dom-client.development.js:4584:13
 > dispatchSetStateInternal ../../node_modules/.bun/react-dom@19.2.5+3f10a4be4e334a9b/node_modules/react-dom/cjs/react-dom-client.development.js:9167:17
 > dispatchSetState ../../node_modules/.bun/react-dom@19.2.5+3f10a4be4e334a9b/node_modules/react-dom/cjs/react-dom-client.development.js:9127:6
 > Transitioner.router.startTransition ../../node_modules/.bun/@tanstack+react-router@1.168.25+21ccd8898788a04d/node_modules/@tanstack/react-router/dist/esm/Transitioner.js:23:2
 > ../../node_modules/.bun/@tanstack+router-core@1.168.17/node_modules/@tanstack/router-core/dist/esm/router.js:526:9
 > RouterCore.load ../../node_modules/.bun/@tanstack+router-core@1.168.17/node_modules/@tanstack/router-core/dist/esm/router.js:525:17
 > RouterCore.commitLocation ../../node_modules/.bun/@tanstack+router-core@1.168.17/node_modules/@tanstack/router-core/dist/esm/router.js:387:40
 > RouterCore.buildAndCommitLocation ../../node_modules/.bun/@tanstack+router-core@1.168.17/node_modules/@tanstack/router-core/dist/esm/router.js:433:30

10:26:22 AM [vite] (client) [Unhandled rejection] Error: Maximum update depth exceeded. This can happen when a component repeatedly calls setState inside componentWillUpdate or componentDidUpdate. React limits the number of nested updates to prevent infinite loops.
 > getRootForUpdatedFiber ../../node_modules/.bun/react-dom@19.2.5+3f10a4be4e334a9b/node_modules/react-dom/cjs/react-dom-client.development.js:4624:10
 > enqueueConcurrentHookUpdate ../../node_modules/.bun/react-dom@19.2.5+3f10a4be4e334a9b/node_modules/react-dom/cjs/react-dom-client.development.js:4584:13
 > dispatchSetStateInternal ../../node_modules/.bun/react-dom@19.2.5+3f10a4be4e334a9b/node_modules/react-dom/cjs/react-dom-client.development.js:9167:17
 > dispatchSetState ../../node_modules/.bun/react-dom@19.2.5+3f10a4be4e334a9b/node_modules/react-dom/cjs/react-dom-client.development.js:9127:6
 > Transitioner.router.startTransition ../../node_modules/.bun/@tanstack+react-router@1.168.25+21ccd8898788a04d/node_modules/@tanstack/react-router/dist/esm/Transitioner.js:23:2
 > ../../node_modules/.bun/@tanstack+router-core@1.168.17/node_modules/@tanstack/router-core/dist/esm/router.js:526:9
 > RouterCore.load ../../node_modules/.bun/@tanstack+router-core@1.168.17/node_modules/@tanstack/router-core/dist/esm/router.js:525:17
 > RouterCore.commitLocation ../../node_modules/.bun/@tanstack+router-core@1.168.17/node_modules/@tanstack/router-core/dist/esm/router.js:387:40
 > RouterCore.buildAndCommitLocation ../../node_modules/.bun/@tanstack+router-core@1.168.17/node_modules/@tanstack/router-core/dist/esm/router.js:433:30

10:26:23 AM [vite] (client) [console.warn] Sentry DSN not configured, skipping initialization
10:26:23 AM [vite] (client) [console.warn] Clerk: Clerk has been loaded with development keys. Development instances have strict usage limits and should not be used when deploying your application to production. Learn more: https://clerk.com/docs/deployments/overview
10:26:49 AM [vite] (client) page reload playwright-report/index.html
10:26:49 AM [vite] (client) page reload playwright-report/index.html
10:28:35 AM [vite] (client) [console.warn] Sentry DSN not configured, skipping initialization
10:28:35 AM [vite] (client) [console.warn] Clerk: Clerk has been loaded with development keys. Development instances have strict usage limits and should not be used when deploying your application to production. Learn more: https://clerk.com/docs/deployments/overview
10:28:35 AM [vite] (client) [Unhandled rejection] Error: Maximum update depth exceeded. This can happen when a component repeatedly calls setState inside componentWillUpdate or componentDidUpdate. React limits the number of nested updates to prevent infinite loops.
 > getRootForUpdatedFiber ../../node_modules/.bun/react-dom@19.2.5+3f10a4be4e334a9b/node_modules/react-dom/cjs/react-dom-client.development.js:4624:10
 > enqueueConcurrentHookUpdate ../../node_modules/.bun/react-dom@19.2.5+3f10a4be4e334a9b/node_modules/react-dom/cjs/react-dom-client.development.js:4584:13
 > dispatchSetStateInternal ../../node_modules/.bun/react-dom@19.2.5+3f10a4be4e334a9b/node_modules/react-dom/cjs/react-dom-client.development.js:9167:17
 > dispatchSetState ../../node_modules/.bun/react-dom@19.2.5+3f10a4be4e334a9b/node_modules/react-dom/cjs/react-dom-client.development.js:9127:6
 > Transitioner.router.startTransition ../../node_modules/.bun/@tanstack+react-router@1.168.25+21ccd8898788a04d/node_modules/@tanstack/react-router/dist/esm/Transitioner.js:23:2
 > ../../node_modules/.bun/@tanstack+router-core@1.168.17/node_modules/@tanstack/router-core/dist/esm/router.js:526:9
 > RouterCore.load ../../node_modules/.bun/@tanstack+router-core@1.168.17/node_modules/@tanstack/router-core/dist/esm/router.js:525:17
 > RouterCore.commitLocation ../../node_modules/.bun/@tanstack+router-core@1.168.17/node_modules/@tanstack/router-core/dist/esm/router.js:387:40
 > RouterCore.buildAndCommitLocation ../../node_modules/.bun/@tanstack+router-core@1.168.17/node_modules/@tanstack/router-core/dist/esm/router.js:433:30

10:28:35 AM [vite] (client) [Unhandled rejection] Error: Maximum update depth exceeded. This can happen when a component repeatedly calls setState inside componentWillUpdate or componentDidUpdate. React limits the number of nested updates to prevent infinite loops.
 > getRootForUpdatedFiber ../../node_modules/.bun/react-dom@19.2.5+3f10a4be4e334a9b/node_modules/react-dom/cjs/react-dom-client.development.js:4624:10
 > enqueueConcurrentHookUpdate ../../node_modules/.bun/react-dom@19.2.5+3f10a4be4e334a9b/node_modules/react-dom/cjs/react-dom-client.development.js:4584:13
 > dispatchSetStateInternal ../../node_modules/.bun/react-dom@19.2.5+3f10a4be4e334a9b/node_modules/react-dom/cjs/react-dom-client.development.js:9167:17
 > dispatchSetState ../../node_modules/.bun/react-dom@19.2.5+3f10a4be4e334a9b/node_modules/react-dom/cjs/react-dom-client.development.js:9127:6
 > Transitioner.router.startTransition ../../node_modules/.bun/@tanstack+react-router@1.168.25+21ccd8898788a04d/node_modules/@tanstack/react-router/dist/esm/Transitioner.js:23:2
 > ../../node_modules/.bun/@tanstack+router-core@1.168.17/node_modules/@tanstack/router-core/dist/esm/router.js:526:9
 > RouterCore.load ../../node_modules/.bun/@tanstack+router-core@1.168.17/node_modules/@tanstack/router-core/dist/esm/router.js:525:17
 > RouterCore.commitLocation ../../node_modules/.bun/@tanstack+router-core@1.168.17/node_modules/@tanstack/router-core/dist/esm/router.js:387:40
 > RouterCore.buildAndCommitLocation ../../node_modules/.bun/@tanstack+router-core@1.168.17/node_modules/@tanstack/router-core/dist/esm/router.js:433:30

10:28:35 AM [vite] (client) [Unhandled rejection] Error: Maximum update depth exceeded. This can happen when a component repeatedly calls setState inside componentWillUpdate or componentDidUpdate. React limits the number of nested updates to prevent infinite loops.
 > getRootForUpdatedFiber ../../node_modules/.bun/react-dom@19.2.5+3f10a4be4e334a9b/node_modules/react-dom/cjs/react-dom-client.development.js:4624:10
 > enqueueConcurrentHookUpdate ../../node_modules/.bun/react-dom@19.2.5+3f10a4be4e334a9b/node_modules/react-dom/cjs/react-dom-client.development.js:4584:13
 > dispatchSetStateInternal ../../node_modules/.bun/react-dom@19.2.5+3f10a4be4e334a9b/node_modules/react-dom/cjs/react-dom-client.development.js:9167:17
 > dispatchSetState ../../node_modules/.bun/react-dom@19.2.5+3f10a4be4e334a9b/node_modules/react-dom/cjs/react-dom-client.development.js:9127:6
 > Transitioner.router.startTransition ../../node_modules/.bun/@tanstack+react-router@1.168.25+21ccd8898788a04d/node_modules/@tanstack/react-router/dist/esm/Transitioner.js:23:2
 > ../../node_modules/.bun/@tanstack+router-core@1.168.17/node_modules/@tanstack/router-core/dist/esm/router.js:526:9
 > RouterCore.load ../../node_modules/.bun/@tanstack+router-core@1.168.17/node_modules/@tanstack/router-core/dist/esm/router.js:525:17
 > RouterCore.commitLocation ../../node_modules/.bun/@tanstack+router-core@1.168.17/node_modules/@tanstack/router-core/dist/esm/router.js:387:40
 > RouterCore.buildAndCommitLocation ../../node_modules/.bun/@tanstack+router-core@1.168.17/node_modules/@tanstack/router-core/dist/esm/router.js:433:30

10:28:35 AM [vite] (client) [Unhandled rejection] Error: Maximum update depth exceeded. This can happen when a component repeatedly calls setState inside componentWillUpdate or componentDidUpdate. React limits the number of nested updates to prevent infinite loops.
 > getRootForUpdatedFiber ../../node_modules/.bun/react-dom@19.2.5+3f10a4be4e334a9b/node_modules/react-dom/cjs/react-dom-client.development.js:4624:10
 > enqueueConcurrentHookUpdate ../../node_modules/.bun/react-dom@19.2.5+3f10a4be4e334a9b/node_modules/react-dom/cjs/react-dom-client.development.js:4584:13
 > dispatchSetStateInternal ../../node_modules/.bun/react-dom@19.2.5+3f10a4be4e334a9b/node_modules/react-dom/cjs/react-dom-client.development.js:9167:17
 > dispatchSetState ../../node_modules/.bun/react-dom@19.2.5+3f10a4be4e334a9b/node_modules/react-dom/cjs/react-dom-client.development.js:9127:6
 > Transitioner.router.startTransition ../../node_modules/.bun/@tanstack+react-router@1.168.25+21ccd8898788a04d/node_modules/@tanstack/react-router/dist/esm/Transitioner.js:23:2
 > ../../node_modules/.bun/@tanstack+router-core@1.168.17/node_modules/@tanstack/router-core/dist/esm/router.js:526:9
 > RouterCore.load ../../node_modules/.bun/@tanstack+router-core@1.168.17/node_modules/@tanstack/router-core/dist/esm/router.js:525:17
 > RouterCore.commitLocation ../../node_modules/.bun/@tanstack+router-core@1.168.17/node_modules/@tanstack/router-core/dist/esm/router.js:387:40
 > RouterCore.buildAndCommitLocation ../../node_modules/.bun/@tanstack+router-core@1.168.17/node_modules/@tanstack/router-core/dist/esm/router.js:433:30

10:28:35 AM [vite] (client) [Unhandled rejection] Error: Maximum update depth exceeded. This can happen when a component repeatedly calls setState inside componentWillUpdate or componentDidUpdate. React limits the number of nested updates to prevent infinite loops.
 > getRootForUpdatedFiber ../../node_modules/.bun/react-dom@19.2.5+3f10a4be4e334a9b/node_modules/react-dom/cjs/react-dom-client.development.js:4624:10
 > enqueueConcurrentHookUpdate ../../node_modules/.bun/react-dom@19.2.5+3f10a4be4e334a9b/node_modules/react-dom/cjs/react-dom-client.development.js:4584:13
 > dispatchSetStateInternal ../../node_modules/.bun/react-dom@19.2.5+3f10a4be4e334a9b/node_modules/react-dom/cjs/react-dom-client.development.js:9167:17
 > dispatchSetState ../../node_modules/.bun/react-dom@19.2.5+3f10a4be4e334a9b/node_modules/react-dom/cjs/react-dom-client.development.js:9127:6
 > Transitioner.router.startTransition ../../node_modules/.bun/@tanstack+react-router@1.168.25+21ccd8898788a04d/node_modules/@tanstack/react-router/dist/esm/Transitioner.js:23:2
 > ../../node_modules/.bun/@tanstack+router-core@1.168.17/node_modules/@tanstack/router-core/dist/esm/router.js:526:9
 > RouterCore.load ../../node_modules/.bun/@tanstack+router-core@1.168.17/node_modules/@tanstack/router-core/dist/esm/router.js:525:17
 > RouterCore.commitLocation ../../node_modules/.bun/@tanstack+router-core@1.168.17/node_modules/@tanstack/router-core/dist/esm/router.js:387:40
 > RouterCore.buildAndCommitLocation ../../node_modules/.bun/@tanstack+router-core@1.168.17/node_modules/@tanstack/router-core/dist/esm/router.js:433:30

10:28:35 AM [vite] (client) [Unhandled rejection] Error: Maximum update depth exceeded. This can happen when a component repeatedly calls setState inside componentWillUpdate or componentDidUpdate. React limits the number of nested updates to prevent infinite loops.
 > getRootForUpdatedFiber ../../node_modules/.bun/react-dom@19.2.5+3f10a4be4e334a9b/node_modules/react-dom/cjs/react-dom-client.development.js:4624:10
 > enqueueConcurrentHookUpdate ../../node_modules/.bun/react-dom@19.2.5+3f10a4be4e334a9b/node_modules/react-dom/cjs/react-dom-client.development.js:4584:13
 > dispatchSetStateInternal ../../node_modules/.bun/react-dom@19.2.5+3f10a4be4e334a9b/node_modules/react-dom/cjs/react-dom-client.development.js:9167:17
 > dispatchSetState ../../node_modules/.bun/react-dom@19.2.5+3f10a4be4e334a9b/node_modules/react-dom/cjs/react-dom-client.development.js:9127:6
 > Transitioner.router.startTransition ../../node_modules/.bun/@tanstack+react-router@1.168.25+21ccd8898788a04d/node_modules/@tanstack/react-router/dist/esm/Transitioner.js:23:2
 > ../../node_modules/.bun/@tanstack+router-core@1.168.17/node_modules/@tanstack/router-core/dist/esm/router.js:526:9
 > RouterCore.load ../../node_modules/.bun/@tanstack+router-core@1.168.17/node_modules/@tanstack/router-core/dist/esm/router.js:525:17
 > RouterCore.commitLocation ../../node_modules/.bun/@tanstack+router-core@1.168.17/node_modules/@tanstack/router-core/dist/esm/router.js:387:40
 > RouterCore.buildAndCommitLocation ../../node_modules/.bun/@tanstack+router-core@1.168.17/node_modules/@tanstack/router-core/dist/esm/router.js:433:30

10:28:35 AM [vite] (client) [Unhandled rejection] Error: Maximum update depth exceeded. This can happen when a component repeatedly calls setState inside componentWillUpdate or componentDidUpdate. React limits the number of nested updates to prevent infinite loops.
 > getRootForUpdatedFiber ../../node_modules/.bun/react-dom@19.2.5+3f10a4be4e334a9b/node_modules/react-dom/cjs/react-dom-client.development.js:4624:10
 > enqueueConcurrentHookUpdate ../../node_modules/.bun/react-dom@19.2.5+3f10a4be4e334a9b/node_modules/react-dom/cjs/react-dom-client.development.js:4584:13
 > dispatchSetStateInternal ../../node_modules/.bun/react-dom@19.2.5+3f10a4be4e334a9b/node_modules/react-dom/cjs/react-dom-client.development.js:9167:17
 > dispatchSetState ../../node_modules/.bun/react-dom@19.2.5+3f10a4be4e334a9b/node_modules/react-dom/cjs/react-dom-client.development.js:9127:6
 > Transitioner.router.startTransition ../../node_modules/.bun/@tanstack+react-router@1.168.25+21ccd8898788a04d/node_modules/@tanstack/react-router/dist/esm/Transitioner.js:23:2
 > ../../node_modules/.bun/@tanstack+router-core@1.168.17/node_modules/@tanstack/router-core/dist/esm/router.js:526:9
 > RouterCore.load ../../node_modules/.bun/@tanstack+router-core@1.168.17/node_modules/@tanstack/router-core/dist/esm/router.js:525:17
 > RouterCore.commitLocation ../../node_modules/.bun/@tanstack+router-core@1.168.17/node_modules/@tanstack/router-core/dist/esm/router.js:387:40
 > RouterCore.buildAndCommitLocation ../../node_modules/.bun/@tanstack+router-core@1.168.17/node_modules/@tanstack/router-core/dist/esm/router.js:433:30

10:28:35 AM [vite] (client) [Unhandled rejection] Error: Maximum update depth exceeded. This can happen when a component repeatedly calls setState inside componentWillUpdate or componentDidUpdate. React limits the number of nested updates to prevent infinite loops.
 > getRootForUpdatedFiber ../../node_modules/.bun/react-dom@19.2.5+3f10a4be4e334a9b/node_modules/react-dom/cjs/react-dom-client.development.js:4624:10
 > enqueueConcurrentHookUpdate ../../node_modules/.bun/react-dom@19.2.5+3f10a4be4e334a9b/node_modules/react-dom/cjs/react-dom-client.development.js:4584:13
 > dispatchSetStateInternal ../../node_modules/.bun/react-dom@19.2.5+3f10a4be4e334a9b/node_modules/react-dom/cjs/react-dom-client.development.js:9167:17
 > dispatchSetState ../../node_modules/.bun/react-dom@19.2.5+3f10a4be4e334a9b/node_modules/react-dom/cjs/react-dom-client.development.js:9127:6
 > Transitioner.router.startTransition ../../node_modules/.bun/@tanstack+react-router@1.168.25+21ccd8898788a04d/node_modules/@tanstack/react-router/dist/esm/Transitioner.js:23:2
 > ../../node_modules/.bun/@tanstack+router-core@1.168.17/node_modules/@tanstack/router-core/dist/esm/router.js:526:9
 > RouterCore.load ../../node_modules/.bun/@tanstack+router-core@1.168.17/node_modules/@tanstack/router-core/dist/esm/router.js:525:17
 > RouterCore.commitLocation ../../node_modules/.bun/@tanstack+router-core@1.168.17/node_modules/@tanstack/router-core/dist/esm/router.js:387:40
 > RouterCore.buildAndCommitLocation ../../node_modules/.bun/@tanstack+router-core@1.168.17/node_modules/@tanstack/router-core/dist/esm/router.js:433:30

10:28:35 AM [vite] (client) [Unhandled rejection] Error: Maximum update depth exceeded. This can happen when a component repeatedly calls setState inside componentWillUpdate or componentDidUpdate. React limits the number of nested updates to prevent infinite loops.
 > getRootForUpdatedFiber ../../node_modules/.bun/react-dom@19.2.5+3f10a4be4e334a9b/node_modules/react-dom/cjs/react-dom-client.development.js:4624:10
 > enqueueConcurrentHookUpdate ../../node_modules/.bun/react-dom@19.2.5+3f10a4be4e334a9b/node_modules/react-dom/cjs/react-dom-client.development.js:4584:13
 > dispatchSetStateInternal ../../node_modules/.bun/react-dom@19.2.5+3f10a4be4e334a9b/node_modules/react-dom/cjs/react-dom-client.development.js:9167:17
 > dispatchSetState ../../node_modules/.bun/react-dom@19.2.5+3f10a4be4e334a9b/node_modules/react-dom/cjs/react-dom-client.development.js:9127:6
 > Transitioner.router.startTransition ../../node_modules/.bun/@tanstack+react-router@1.168.25+21ccd8898788a04d/node_modules/@tanstack/react-router/dist/esm/Transitioner.js:23:2
 > ../../node_modules/.bun/@tanstack+router-core@1.168.17/node_modules/@tanstack/router-core/dist/esm/router.js:526:9
 > RouterCore.load ../../node_modules/.bun/@tanstack+router-core@1.168.17/node_modules/@tanstack/router-core/dist/esm/router.js:525:17
 > RouterCore.commitLocation ../../node_modules/.bun/@tanstack+router-core@1.168.17/node_modules/@tanstack/router-core/dist/esm/router.js:387:40
 > RouterCore.buildAndCommitLocation ../../node_modules/.bun/@tanstack+router-core@1.168.17/node_modules/@tanstack/router-core/dist/esm/router.js:433:30

10:28:35 AM [vite] (client) [Unhandled rejection] Error: Maximum update depth exceeded. This can happen when a component repeatedly calls setState inside componentWillUpdate or componentDidUpdate. React limits the number of nested updates to prevent infinite loops.
 > getRootForUpdatedFiber ../../node_modules/.bun/react-dom@19.2.5+3f10a4be4e334a9b/node_modules/react-dom/cjs/react-dom-client.development.js:4624:10
 > enqueueConcurrentHookUpdate ../../node_modules/.bun/react-dom@19.2.5+3f10a4be4e334a9b/node_modules/react-dom/cjs/react-dom-client.development.js:4584:13
 > dispatchSetStateInternal ../../node_modules/.bun/react-dom@19.2.5+3f10a4be4e334a9b/node_modules/react-dom/cjs/react-dom-client.development.js:9167:17
 > dispatchSetState ../../node_modules/.bun/react-dom@19.2.5+3f10a4be4e334a9b/node_modules/react-dom/cjs/react-dom-client.development.js:9127:6
 > Transitioner.router.startTransition ../../node_modules/.bun/@tanstack+react-router@1.168.25+21ccd8898788a04d/node_modules/@tanstack/react-router/dist/esm/Transitioner.js:23:2
 > ../../node_modules/.bun/@tanstack+router-core@1.168.17/node_modules/@tanstack/router-core/dist/esm/router.js:526:9
 > RouterCore.load ../../node_modules/.bun/@tanstack+router-core@1.168.17/node_modules/@tanstack/router-core/dist/esm/router.js:525:17
 > RouterCore.commitLocation ../../node_modules/.bun/@tanstack+router-core@1.168.17/node_modules/@tanstack/router-core/dist/esm/router.js:387:40
 > RouterCore.buildAndCommitLocation ../../node_modules/.bun/@tanstack+router-core@1.168.17/node_modules/@tanstack/router-core/dist/esm/router.js:433:30

10:28:35 AM [vite] (client) [Unhandled rejection] Error: Maximum update depth exceeded. This can happen when a component repeatedly calls setState inside componentWillUpdate or componentDidUpdate. React limits the number of nested updates to prevent infinite loops.
 > getRootForUpdatedFiber ../../node_modules/.bun/react-dom@19.2.5+3f10a4be4e334a9b/node_modules/react-dom/cjs/react-dom-client.development.js:4624:10
 > enqueueConcurrentHookUpdate ../../node_modules/.bun/react-dom@19.2.5+3f10a4be4e334a9b/node_modules/react-dom/cjs/react-dom-client.development.js:4584:13
 > dispatchSetStateInternal ../../node_modules/.bun/react-dom@19.2.5+3f10a4be4e334a9b/node_modules/react-dom/cjs/react-dom-client.development.js:9167:17
 > dispatchSetState ../../node_modules/.bun/react-dom@19.2.5+3f10a4be4e334a9b/node_modules/react-dom/cjs/react-dom-client.development.js:9127:6
 > Transitioner.router.startTransition ../../node_modules/.bun/@tanstack+react-router@1.168.25+21ccd8898788a04d/node_modules/@tanstack/react-router/dist/esm/Transitioner.js:23:2
 > ../../node_modules/.bun/@tanstack+router-core@1.168.17/node_modules/@tanstack/router-core/dist/esm/router.js:526:9
 > RouterCore.load ../../node_modules/.bun/@tanstack+router-core@1.168.17/node_modules/@tanstack/router-core/dist/esm/router.js:525:17
 > RouterCore.commitLocation ../../node_modules/.bun/@tanstack+router-core@1.168.17/node_modules/@tanstack/router-core/dist/esm/router.js:387:40
 > RouterCore.buildAndCommitLocation ../../node_modules/.bun/@tanstack+router-core@1.168.17/node_modules/@tanstack/router-core/dist/esm/router.js:433:30

10:28:35 AM [vite] (client) [Unhandled rejection] Error: Maximum update depth exceeded. This can happen when a component repeatedly calls setState inside componentWillUpdate or componentDidUpdate. React limits the number of nested updates to prevent infinite loops.
 > getRootForUpdatedFiber ../../node_modules/.bun/react-dom@19.2.5+3f10a4be4e334a9b/node_modules/react-dom/cjs/react-dom-client.development.js:4624:10
 > enqueueConcurrentHookUpdate ../../node_modules/.bun/react-dom@19.2.5+3f10a4be4e334a9b/node_modules/react-dom/cjs/react-dom-client.development.js:4584:13
 > dispatchSetStateInternal ../../node_modules/.bun/react-dom@19.2.5+3f10a4be4e334a9b/node_modules/react-dom/cjs/react-dom-client.development.js:9167:17
 > dispatchSetState ../../node_modules/.bun/react-dom@19.2.5+3f10a4be4e334a9b/node_modules/react-dom/cjs/react-dom-client.development.js:9127:6
 > Transitioner.router.startTransition ../../node_modules/.bun/@tanstack+react-router@1.168.25+21ccd8898788a04d/node_modules/@tanstack/react-router/dist/esm/Transitioner.js:23:2
 > ../../node_modules/.bun/@tanstack+router-core@1.168.17/node_modules/@tanstack/router-core/dist/esm/router.js:526:9
 > RouterCore.load ../../node_modules/.bun/@tanstack+router-core@1.168.17/node_modules/@tanstack/router-core/dist/esm/router.js:525:17
 > RouterCore.commitLocation ../../node_modules/.bun/@tanstack+router-core@1.168.17/node_modules/@tanstack/router-core/dist/esm/router.js:387:40
 > RouterCore.buildAndCommitLocation ../../node_modules/.bun/@tanstack+router-core@1.168.17/node_modules/@tanstack/router-core/dist/esm/router.js:433:30

10:28:35 AM [vite] (client) [Unhandled rejection] Error: Maximum update depth exceeded. This can happen when a component repeatedly calls setState inside componentWillUpdate or componentDidUpdate. React limits the number of nested updates to prevent infinite loops.
 > getRootForUpdatedFiber ../../node_modules/.bun/react-dom@19.2.5+3f10a4be4e334a9b/node_modules/react-dom/cjs/react-dom-client.development.js:4624:10
 > enqueueConcurrentHookUpdate ../../node_modules/.bun/react-dom@19.2.5+3f10a4be4e334a9b/node_modules/react-dom/cjs/react-dom-client.development.js:4584:13
 > dispatchSetStateInternal ../../node_modules/.bun/react-dom@19.2.5+3f10a4be4e334a9b/node_modules/react-dom/cjs/react-dom-client.development.js:9167:17
 > dispatchSetState ../../node_modules/.bun/react-dom@19.2.5+3f10a4be4e334a9b/node_modules/react-dom/cjs/react-dom-client.development.js:9127:6
 > Transitioner.router.startTransition ../../node_modules/.bun/@tanstack+react-router@1.168.25+21ccd8898788a04d/node_modules/@tanstack/react-router/dist/esm/Transitioner.js:23:2
 > ../../node_modules/.bun/@tanstack+router-core@1.168.17/node_modules/@tanstack/router-core/dist/esm/router.js:526:9
 > RouterCore.load ../../node_modules/.bun/@tanstack+router-core@1.168.17/node_modules/@tanstack/router-core/dist/esm/router.js:525:17
 > RouterCore.commitLocation ../../node_modules/.bun/@tanstack+router-core@1.168.17/node_modules/@tanstack/router-core/dist/esm/router.js:387:40
 > RouterCore.buildAndCommitLocation ../../node_modules/.bun/@tanstack+router-core@1.168.17/node_modules/@tanstack/router-core/dist/esm/router.js:433:30

10:28:35 AM [vite] (client) [Unhandled rejection] Error: Maximum update depth exceeded. This can happen when a component repeatedly calls setState inside componentWillUpdate or componentDidUpdate. React limits the number of nested updates to prevent infinite loops.
 > getRootForUpdatedFiber ../../node_modules/.bun/react-dom@19.2.5+3f10a4be4e334a9b/node_modules/react-dom/cjs/react-dom-client.development.js:4624:10
 > enqueueConcurrentHookUpdate ../../node_modules/.bun/react-dom@19.2.5+3f10a4be4e334a9b/node_modules/react-dom/cjs/react-dom-client.development.js:4584:13
 > dispatchSetStateInternal ../../node_modules/.bun/react-dom@19.2.5+3f10a4be4e334a9b/node_modules/react-dom/cjs/react-dom-client.development.js:9167:17
 > dispatchSetState ../../node_modules/.bun/react-dom@19.2.5+3f10a4be4e334a9b/node_modules/react-dom/cjs/react-dom-client.development.js:9127:6
 > Transitioner.router.startTransition ../../node_modules/.bun/@tanstack+react-router@1.168.25+21ccd8898788a04d/node_modules/@tanstack/react-router/dist/esm/Transitioner.js:23:2
 > ../../node_modules/.bun/@tanstack+router-core@1.168.17/node_modules/@tanstack/router-core/dist/esm/router.js:526:9
 > RouterCore.load ../../node_modules/.bun/@tanstack+router-core@1.168.17/node_modules/@tanstack/router-core/dist/esm/router.js:525:17
 > RouterCore.commitLocation ../../node_modules/.bun/@tanstack+router-core@1.168.17/node_modules/@tanstack/router-core/dist/esm/router.js:387:40
 > RouterCore.buildAndCommitLocation ../../node_modules/.bun/@tanstack+router-core@1.168.17/node_modules/@tanstack/router-core/dist/esm/router.js:433:30

10:28:35 AM [vite] (client) [Unhandled rejection] Error: Maximum update depth exceeded. This can happen when a component repeatedly calls setState inside componentWillUpdate or componentDidUpdate. React limits the number of nested updates to prevent infinite loops.
 > getRootForUpdatedFiber ../../node_modules/.bun/react-dom@19.2.5+3f10a4be4e334a9b/node_modules/react-dom/cjs/react-dom-client.development.js:4624:10
 > enqueueConcurrentHookUpdate ../../node_modules/.bun/react-dom@19.2.5+3f10a4be4e334a9b/node_modules/react-dom/cjs/react-dom-client.development.js:4584:13
 > dispatchSetStateInternal ../../node_modules/.bun/react-dom@19.2.5+3f10a4be4e334a9b/node_modules/react-dom/cjs/react-dom-client.development.js:9167:17
 > dispatchSetState ../../node_modules/.bun/react-dom@19.2.5+3f10a4be4e334a9b/node_modules/react-dom/cjs/react-dom-client.development.js:9127:6
 > Transitioner.router.startTransition ../../node_modules/.bun/@tanstack+react-router@1.168.25+21ccd8898788a04d/node_modules/@tanstack/react-router/dist/esm/Transitioner.js:23:2
 > ../../node_modules/.bun/@tanstack+router-core@1.168.17/node_modules/@tanstack/router-core/dist/esm/router.js:526:9
 > RouterCore.load ../../node_modules/.bun/@tanstack+router-core@1.168.17/node_modules/@tanstack/router-core/dist/esm/router.js:525:17
 > RouterCore.commitLocation ../../node_modules/.bun/@tanstack+router-core@1.168.17/node_modules/@tanstack/router-core/dist/esm/router.js:387:40
 > RouterCore.buildAndCommitLocation ../../node_modules/.bun/@tanstack+router-core@1.168.17/node_modules/@tanstack/router-core/dist/esm/router.js:433:30

10:28:35 AM [vite] (client) [Unhandled rejection] Error: Maximum update depth exceeded. This can happen when a component repeatedly calls setState inside componentWillUpdate or componentDidUpdate. React limits the number of nested updates to prevent infinite loops.
 > getRootForUpdatedFiber ../../node_modules/.bun/react-dom@19.2.5+3f10a4be4e334a9b/node_modules/react-dom/cjs/react-dom-client.development.js:4624:10
 > enqueueConcurrentHookUpdate ../../node_modules/.bun/react-dom@19.2.5+3f10a4be4e334a9b/node_modules/react-dom/cjs/react-dom-client.development.js:4584:13
 > dispatchSetStateInternal ../../node_modules/.bun/react-dom@19.2.5+3f10a4be4e334a9b/node_modules/react-dom/cjs/react-dom-client.development.js:9167:17
 > dispatchSetState ../../node_modules/.bun/react-dom@19.2.5+3f10a4be4e334a9b/node_modules/react-dom/cjs/react-dom-client.development.js:9127:6
 > Transitioner.router.startTransition ../../node_modules/.bun/@tanstack+react-router@1.168.25+21ccd8898788a04d/node_modules/@tanstack/react-router/dist/esm/Transitioner.js:23:2
 > ../../node_modules/.bun/@tanstack+router-core@1.168.17/node_modules/@tanstack/router-core/dist/esm/router.js:526:9
 > RouterCore.load ../../node_modules/.bun/@tanstack+router-core@1.168.17/node_modules/@tanstack/router-core/dist/esm/router.js:525:17
 > RouterCore.commitLocation ../../node_modules/.bun/@tanstack+router-core@1.168.17/node_modules/@tanstack/router-core/dist/esm/router.js:387:40
 > RouterCore.buildAndCommitLocation ../../node_modules/.bun/@tanstack+router-core@1.168.17/node_modules/@tanstack/router-core/dist/esm/router.js:433:30

10:28:35 AM [vite] (client) [Unhandled rejection] Error: Maximum update depth exceeded. This can happen when a component repeatedly calls setState inside componentWillUpdate or componentDidUpdate. React limits the number of nested updates to prevent infinite loops.
 > getRootForUpdatedFiber ../../node_modules/.bun/react-dom@19.2.5+3f10a4be4e334a9b/node_modules/react-dom/cjs/react-dom-client.development.js:4624:10
 > enqueueConcurrentHookUpdate ../../node_modules/.bun/react-dom@19.2.5+3f10a4be4e334a9b/node_modules/react-dom/cjs/react-dom-client.development.js:4584:13
 > dispatchSetStateInternal ../../node_modules/.bun/react-dom@19.2.5+3f10a4be4e334a9b/node_modules/react-dom/cjs/react-dom-client.development.js:9167:17
 > dispatchSetState ../../node_modules/.bun/react-dom@19.2.5+3f10a4be4e334a9b/node_modules/react-dom/cjs/react-dom-client.development.js:9127:6
 > Transitioner.router.startTransition ../../node_modules/.bun/@tanstack+react-router@1.168.25+21ccd8898788a04d/node_modules/@tanstack/react-router/dist/esm/Transitioner.js:23:2
 > ../../node_modules/.bun/@tanstack+router-core@1.168.17/node_modules/@tanstack/router-core/dist/esm/router.js:526:9
 > RouterCore.load ../../node_modules/.bun/@tanstack+router-core@1.168.17/node_modules/@tanstack/router-core/dist/esm/router.js:525:17
 > RouterCore.commitLocation ../../node_modules/.bun/@tanstack+router-core@1.168.17/node_modules/@tanstack/router-core/dist/esm/router.js:387:40
 > RouterCore.buildAndCommitLocation ../../node_modules/.bun/@tanstack+router-core@1.168.17/node_modules/@tanstack/router-core/dist/esm/router.js:433:30

10:28:35 AM [vite] (client) [Unhandled rejection] Error: Maximum update depth exceeded. This can happen when a component repeatedly calls setState inside componentWillUpdate or componentDidUpdate. React limits the number of nested updates to prevent infinite loops.
 > getRootForUpdatedFiber ../../node_modules/.bun/react-dom@19.2.5+3f10a4be4e334a9b/node_modules/react-dom/cjs/react-dom-client.development.js:4624:10
 > enqueueConcurrentHookUpdate ../../node_modules/.bun/react-dom@19.2.5+3f10a4be4e334a9b/node_modules/react-dom/cjs/react-dom-client.development.js:4584:13
 > dispatchSetStateInternal ../../node_modules/.bun/react-dom@19.2.5+3f10a4be4e334a9b/node_modules/react-dom/cjs/react-dom-client.development.js:9167:17
 > dispatchSetState ../../node_modules/.bun/react-dom@19.2.5+3f10a4be4e334a9b/node_modules/react-dom/cjs/react-dom-client.development.js:9127:6
 > Transitioner.router.startTransition ../../node_modules/.bun/@tanstack+react-router@1.168.25+21ccd8898788a04d/node_modules/@tanstack/react-router/dist/esm/Transitioner.js:23:2
 > ../../node_modules/.bun/@tanstack+router-core@1.168.17/node_modules/@tanstack/router-core/dist/esm/router.js:526:9
 > RouterCore.load ../../node_modules/.bun/@tanstack+router-core@1.168.17/node_modules/@tanstack/router-core/dist/esm/router.js:525:17
 > RouterCore.commitLocation ../../node_modules/.bun/@tanstack+router-core@1.168.17/node_modules/@tanstack/router-core/dist/esm/router.js:387:40
 > RouterCore.buildAndCommitLocation ../../node_modules/.bun/@tanstack+router-core@1.168.17/node_modules/@tanstack/router-core/dist/esm/router.js:433:30

10:28:35 AM [vite] (client) [Unhandled rejection] Error: Maximum update depth exceeded. This can happen when a component repeatedly calls setState inside componentWillUpdate or componentDidUpdate. React limits the number of nested updates to prevent infinite loops.
 > getRootForUpdatedFiber ../../node_modules/.bun/react-dom@19.2.5+3f10a4be4e334a9b/node_modules/react-dom/cjs/react-dom-client.development.js:4624:10
 > enqueueConcurrentHookUpdate ../../node_modules/.bun/react-dom@19.2.5+3f10a4be4e334a9b/node_modules/react-dom/cjs/react-dom-client.development.js:4584:13
 > dispatchSetStateInternal ../../node_modules/.bun/react-dom@19.2.5+3f10a4be4e334a9b/node_modules/react-dom/cjs/react-dom-client.development.js:9167:17
 > dispatchSetState ../../node_modules/.bun/react-dom@19.2.5+3f10a4be4e334a9b/node_modules/react-dom/cjs/react-dom-client.development.js:9127:6
 > Transitioner.router.startTransition ../../node_modules/.bun/@tanstack+react-router@1.168.25+21ccd8898788a04d/node_modules/@tanstack/react-router/dist/esm/Transitioner.js:23:2
 > ../../node_modules/.bun/@tanstack+router-core@1.168.17/node_modules/@tanstack/router-core/dist/esm/router.js:526:9
 > RouterCore.load ../../node_modules/.bun/@tanstack+router-core@1.168.17/node_modules/@tanstack/router-core/dist/esm/router.js:525:17
 > RouterCore.commitLocation ../../node_modules/.bun/@tanstack+router-core@1.168.17/node_modules/@tanstack/router-core/dist/esm/router.js:387:40
 > RouterCore.buildAndCommitLocation ../../node_modules/.bun/@tanstack+router-core@1.168.17/node_modules/@tanstack/router-core/dist/esm/router.js:433:30

10:28:35 AM [vite] (client) [Unhandled rejection] Error: Maximum update depth exceeded. This can happen when a component repeatedly calls setState inside componentWillUpdate or componentDidUpdate. React limits the number of nested updates to prevent infinite loops.
 > getRootForUpdatedFiber ../../node_modules/.bun/react-dom@19.2.5+3f10a4be4e334a9b/node_modules/react-dom/cjs/react-dom-client.development.js:4624:10
 > enqueueConcurrentHookUpdate ../../node_modules/.bun/react-dom@19.2.5+3f10a4be4e334a9b/node_modules/react-dom/cjs/react-dom-client.development.js:4584:13
 > dispatchSetStateInternal ../../node_modules/.bun/react-dom@19.2.5+3f10a4be4e334a9b/node_modules/react-dom/cjs/react-dom-client.development.js:9167:17
 > dispatchSetState ../../node_modules/.bun/react-dom@19.2.5+3f10a4be4e334a9b/node_modules/react-dom/cjs/react-dom-client.development.js:9127:6
 > Transitioner.router.startTransition ../../node_modules/.bun/@tanstack+react-router@1.168.25+21ccd8898788a04d/node_modules/@tanstack/react-router/dist/esm/Transitioner.js:23:2
 > ../../node_modules/.bun/@tanstack+router-core@1.168.17/node_modules/@tanstack/router-core/dist/esm/router.js:526:9
 > RouterCore.load ../../node_modules/.bun/@tanstack+router-core@1.168.17/node_modules/@tanstack/router-core/dist/esm/router.js:525:17
 > RouterCore.commitLocation ../../node_modules/.bun/@tanstack+router-core@1.168.17/node_modules/@tanstack/router-core/dist/esm/router.js:387:40
 > RouterCore.buildAndCommitLocation ../../node_modules/.bun/@tanstack+router-core@1.168.17/node_modules/@tanstack/router-core/dist/esm/router.js:433:30

10:28:35 AM [vite] (client) [Unhandled rejection] Error: Maximum update depth exceeded. This can happen when a component repeatedly calls setState inside componentWillUpdate or componentDidUpdate. React limits the number of nested updates to prevent infinite loops.
 > getRootForUpdatedFiber ../../node_modules/.bun/react-dom@19.2.5+3f10a4be4e334a9b/node_modules/react-dom/cjs/react-dom-client.development.js:4624:10
 > enqueueConcurrentHookUpdate ../../node_modules/.bun/react-dom@19.2.5+3f10a4be4e334a9b/node_modules/react-dom/cjs/react-dom-client.development.js:4584:13
 > dispatchSetStateInternal ../../node_modules/.bun/react-dom@19.2.5+3f10a4be4e334a9b/node_modules/react-dom/cjs/react-dom-client.development.js:9167:17
 > dispatchSetState ../../node_modules/.bun/react-dom@19.2.5+3f10a4be4e334a9b/node_modules/react-dom/cjs/react-dom-client.development.js:9127:6
 > Transitioner.router.startTransition ../../node_modules/.bun/@tanstack+react-router@1.168.25+21ccd8898788a04d/node_modules/@tanstack/react-router/dist/esm/Transitioner.js:23:2
 > ../../node_modules/.bun/@tanstack+router-core@1.168.17/node_modules/@tanstack/router-core/dist/esm/router.js:526:9
 > RouterCore.load ../../node_modules/.bun/@tanstack+router-core@1.168.17/node_modules/@tanstack/router-core/dist/esm/router.js:525:17
 > RouterCore.commitLocation ../../node_modules/.bun/@tanstack+router-core@1.168.17/node_modules/@tanstack/router-core/dist/esm/router.js:387:40
 > RouterCore.buildAndCommitLocation ../../node_modules/.bun/@tanstack+router-core@1.168.17/node_modules/@tanstack/router-core/dist/esm/router.js:433:30

10:28:35 AM [vite] (client) [Unhandled rejection] Error: Maximum update depth exceeded. This can happen when a component repeatedly calls setState inside componentWillUpdate or componentDidUpdate. React limits the number of nested updates to prevent infinite loops.
 > getRootForUpdatedFiber ../../node_modules/.bun/react-dom@19.2.5+3f10a4be4e334a9b/node_modules/react-dom/cjs/react-dom-client.development.js:4624:10
 > enqueueConcurrentHookUpdate ../../node_modules/.bun/react-dom@19.2.5+3f10a4be4e334a9b/node_modules/react-dom/cjs/react-dom-client.development.js:4584:13
 > dispatchSetStateInternal ../../node_modules/.bun/react-dom@19.2.5+3f10a4be4e334a9b/node_modules/react-dom/cjs/react-dom-client.development.js:9167:17
 > dispatchSetState ../../node_modules/.bun/react-dom@19.2.5+3f10a4be4e334a9b/node_modules/react-dom/cjs/react-dom-client.development.js:9127:6
 > Transitioner.router.startTransition ../../node_modules/.bun/@tanstack+react-router@1.168.25+21ccd8898788a04d/node_modules/@tanstack/react-router/dist/esm/Transitioner.js:23:2
 > ../../node_modules/.bun/@tanstack+router-core@1.168.17/node_modules/@tanstack/router-core/dist/esm/router.js:526:9
 > RouterCore.load ../../node_modules/.bun/@tanstack+router-core@1.168.17/node_modules/@tanstack/router-core/dist/esm/router.js:525:17
 > RouterCore.commitLocation ../../node_modules/.bun/@tanstack+router-core@1.168.17/node_modules/@tanstack/router-core/dist/esm/router.js:387:40
 > RouterCore.buildAndCommitLocation ../../node_modules/.bun/@tanstack+router-core@1.168.17/node_modules/@tanstack/router-core/dist/esm/router.js:433:30

10:28:35 AM [vite] (client) [Unhandled rejection] Error: Maximum update depth exceeded. This can happen when a component repeatedly calls setState inside componentWillUpdate or componentDidUpdate. React limits the number of nested updates to prevent infinite loops.
 > getRootForUpdatedFiber ../../node_modules/.bun/react-dom@19.2.5+3f10a4be4e334a9b/node_modules/react-dom/cjs/react-dom-client.development.js:4624:10
 > enqueueConcurrentHookUpdate ../../node_modules/.bun/react-dom@19.2.5+3f10a4be4e334a9b/node_modules/react-dom/cjs/react-dom-client.development.js:4584:13
 > dispatchSetStateInternal ../../node_modules/.bun/react-dom@19.2.5+3f10a4be4e334a9b/node_modules/react-dom/cjs/react-dom-client.development.js:9167:17
 > dispatchSetState ../../node_modules/.bun/react-dom@19.2.5+3f10a4be4e334a9b/node_modules/react-dom/cjs/react-dom-client.development.js:9127:6
 > Transitioner.router.startTransition ../../node_modules/.bun/@tanstack+react-router@1.168.25+21ccd8898788a04d/node_modules/@tanstack/react-router/dist/esm/Transitioner.js:23:2
 > ../../node_modules/.bun/@tanstack+router-core@1.168.17/node_modules/@tanstack/router-core/dist/esm/router.js:526:9
 > RouterCore.load ../../node_modules/.bun/@tanstack+router-core@1.168.17/node_modules/@tanstack/router-core/dist/esm/router.js:525:17
 > RouterCore.commitLocation ../../node_modules/.bun/@tanstack+router-core@1.168.17/node_modules/@tanstack/router-core/dist/esm/router.js:387:40
 > RouterCore.buildAndCommitLocation ../../node_modules/.bun/@tanstack+router-core@1.168.17/node_modules/@tanstack/router-core/dist/esm/router.js:433:30

10:28:35 AM [vite] (client) [Unhandled rejection] Error: Maximum update depth exceeded. This can happen when a component repeatedly calls setState inside componentWillUpdate or componentDidUpdate. React limits the number of nested updates to prevent infinite loops.
 > getRootForUpdatedFiber ../../node_modules/.bun/react-dom@19.2.5+3f10a4be4e334a9b/node_modules/react-dom/cjs/react-dom-client.development.js:4624:10
 > enqueueConcurrentHookUpdate ../../node_modules/.bun/react-dom@19.2.5+3f10a4be4e334a9b/node_modules/react-dom/cjs/react-dom-client.development.js:4584:13
 > dispatchSetStateInternal ../../node_modules/.bun/react-dom@19.2.5+3f10a4be4e334a9b/node_modules/react-dom/cjs/react-dom-client.development.js:9167:17
 > dispatchSetState ../../node_modules/.bun/react-dom@19.2.5+3f10a4be4e334a9b/node_modules/react-dom/cjs/react-dom-client.development.js:9127:6
 > Transitioner.router.startTransition ../../node_modules/.bun/@tanstack+react-router@1.168.25+21ccd8898788a04d/node_modules/@tanstack/react-router/dist/esm/Transitioner.js:23:2
 > ../../node_modules/.bun/@tanstack+router-core@1.168.17/node_modules/@tanstack/router-core/dist/esm/router.js:526:9
 > RouterCore.load ../../node_modules/.bun/@tanstack+router-core@1.168.17/node_modules/@tanstack/router-core/dist/esm/router.js:525:17
 > RouterCore.commitLocation ../../node_modules/.bun/@tanstack+router-core@1.168.17/node_modules/@tanstack/router-core/dist/esm/router.js:387:40
 > RouterCore.buildAndCommitLocation ../../node_modules/.bun/@tanstack+router-core@1.168.17/node_modules/@tanstack/router-core/dist/esm/router.js:433:30

10:28:35 AM [vite] (client) [Unhandled rejection] Error: Maximum update depth exceeded. This can happen when a component repeatedly calls setState inside componentWillUpdate or componentDidUpdate. React limits the number of nested updates to prevent infinite loops.
 > getRootForUpdatedFiber ../../node_modules/.bun/react-dom@19.2.5+3f10a4be4e334a9b/node_modules/react-dom/cjs/react-dom-client.development.js:4624:10
 > enqueueConcurrentHookUpdate ../../node_modules/.bun/react-dom@19.2.5+3f10a4be4e334a9b/node_modules/react-dom/cjs/react-dom-client.development.js:4584:13
 > dispatchSetStateInternal ../../node_modules/.bun/react-dom@19.2.5+3f10a4be4e334a9b/node_modules/react-dom/cjs/react-dom-client.development.js:9167:17
 > dispatchSetState ../../node_modules/.bun/react-dom@19.2.5+3f10a4be4e334a9b/node_modules/react-dom/cjs/react-dom-client.development.js:9127:6
 > Transitioner.router.startTransition ../../node_modules/.bun/@tanstack+react-router@1.168.25+21ccd8898788a04d/node_modules/@tanstack/react-router/dist/esm/Transitioner.js:23:2
 > ../../node_modules/.bun/@tanstack+router-core@1.168.17/node_modules/@tanstack/router-core/dist/esm/router.js:526:9
 > RouterCore.load ../../node_modules/.bun/@tanstack+router-core@1.168.17/node_modules/@tanstack/router-core/dist/esm/router.js:525:17
 > RouterCore.commitLocation ../../node_modules/.bun/@tanstack+router-core@1.168.17/node_modules/@tanstack/router-core/dist/esm/router.js:387:40
 > RouterCore.buildAndCommitLocation ../../node_modules/.bun/@tanstack+router-core@1.168.17/node_modules/@tanstack/router-core/dist/esm/router.js:433:30

10:28:35 AM [vite] (client) [Unhandled rejection] Error: Maximum update depth exceeded. This can happen when a component repeatedly calls setState inside componentWillUpdate or componentDidUpdate. React limits the number of nested updates to prevent infinite loops.
 > getRootForUpdatedFiber ../../node_modules/.bun/react-dom@19.2.5+3f10a4be4e334a9b/node_modules/react-dom/cjs/react-dom-client.development.js:4624:10
 > enqueueConcurrentHookUpdate ../../node_modules/.bun/react-dom@19.2.5+3f10a4be4e334a9b/node_modules/react-dom/cjs/react-dom-client.development.js:4584:13
 > dispatchSetStateInternal ../../node_modules/.bun/react-dom@19.2.5+3f10a4be4e334a9b/node_modules/react-dom/cjs/react-dom-client.development.js:9167:17
 > dispatchSetState ../../node_modules/.bun/react-dom@19.2.5+3f10a4be4e334a9b/node_modules/react-dom/cjs/react-dom-client.development.js:9127:6
 > Transitioner.router.startTransition ../../node_modules/.bun/@tanstack+react-router@1.168.25+21ccd8898788a04d/node_modules/@tanstack/react-router/dist/esm/Transitioner.js:23:2
 > ../../node_modules/.bun/@tanstack+router-core@1.168.17/node_modules/@tanstack/router-core/dist/esm/router.js:526:9
 > RouterCore.load ../../node_modules/.bun/@tanstack+router-core@1.168.17/node_modules/@tanstack/router-core/dist/esm/router.js:525:17
 > RouterCore.commitLocation ../../node_modules/.bun/@tanstack+router-core@1.168.17/node_modules/@tanstack/router-core/dist/esm/router.js:387:40
 > RouterCore.buildAndCommitLocation ../../node_modules/.bun/@tanstack+router-core@1.168.17/node_modules/@tanstack/router-core/dist/esm/router.js:433:30

10:28:35 AM [vite] (client) [Unhandled rejection] Error: Maximum update depth exceeded. This can happen when a component repeatedly calls setState inside componentWillUpdate or componentDidUpdate. React limits the number of nested updates to prevent infinite loops.
 > getRootForUpdatedFiber ../../node_modules/.bun/react-dom@19.2.5+3f10a4be4e334a9b/node_modules/react-dom/cjs/react-dom-client.development.js:4624:10
 > enqueueConcurrentHookUpdate ../../node_modules/.bun/react-dom@19.2.5+3f10a4be4e334a9b/node_modules/react-dom/cjs/react-dom-client.development.js:4584:13
 > dispatchSetStateInternal ../../node_modules/.bun/react-dom@19.2.5+3f10a4be4e334a9b/node_modules/react-dom/cjs/react-dom-client.development.js:9167:17
 > dispatchSetState ../../node_modules/.bun/react-dom@19.2.5+3f10a4be4e334a9b/node_modules/react-dom/cjs/react-dom-client.development.js:9127:6
 > Transitioner.router.startTransition ../../node_modules/.bun/@tanstack+react-router@1.168.25+21ccd8898788a04d/node_modules/@tanstack/react-router/dist/esm/Transitioner.js:23:2
 > ../../node_modules/.bun/@tanstack+router-core@1.168.17/node_modules/@tanstack/router-core/dist/esm/router.js:526:9
 > RouterCore.load ../../node_modules/.bun/@tanstack+router-core@1.168.17/node_modules/@tanstack/router-core/dist/esm/router.js:525:17
 > RouterCore.commitLocation ../../node_modules/.bun/@tanstack+router-core@1.168.17/node_modules/@tanstack/router-core/dist/esm/router.js:387:40
 > RouterCore.buildAndCommitLocation ../../node_modules/.bun/@tanstack+router-core@1.168.17/node_modules/@tanstack/router-core/dist/esm/router.js:433:30

10:28:35 AM [vite] (client) [Unhandled rejection] Error: Maximum update depth exceeded. This can happen when a component repeatedly calls setState inside componentWillUpdate or componentDidUpdate. React limits the number of nested updates to prevent infinite loops.
 > getRootForUpdatedFiber ../../node_modules/.bun/react-dom@19.2.5+3f10a4be4e334a9b/node_modules/react-dom/cjs/react-dom-client.development.js:4624:10
 > enqueueConcurrentHookUpdate ../../node_modules/.bun/react-dom@19.2.5+3f10a4be4e334a9b/node_modules/react-dom/cjs/react-dom-client.development.js:4584:13
 > dispatchSetStateInternal ../../node_modules/.bun/react-dom@19.2.5+3f10a4be4e334a9b/node_modules/react-dom/cjs/react-dom-client.development.js:9167:17
 > dispatchSetState ../../node_modules/.bun/react-dom@19.2.5+3f10a4be4e334a9b/node_modules/react-dom/cjs/react-dom-client.development.js:9127:6
 > Transitioner.router.startTransition ../../node_modules/.bun/@tanstack+react-router@1.168.25+21ccd8898788a04d/node_modules/@tanstack/react-router/dist/esm/Transitioner.js:23:2
 > ../../node_modules/.bun/@tanstack+router-core@1.168.17/node_modules/@tanstack/router-core/dist/esm/router.js:526:9
 > RouterCore.load ../../node_modules/.bun/@tanstack+router-core@1.168.17/node_modules/@tanstack/router-core/dist/esm/router.js:525:17
 > RouterCore.commitLocation ../../node_modules/.bun/@tanstack+router-core@1.168.17/node_modules/@tanstack/router-core/dist/esm/router.js:387:40
 > RouterCore.buildAndCommitLocation ../../node_modules/.bun/@tanstack+router-core@1.168.17/node_modules/@tanstack/router-core/dist/esm/router.js:433:30

10:28:35 AM [vite] (client) [Unhandled rejection] Error: Maximum update depth exceeded. This can happen when a component repeatedly calls setState inside componentWillUpdate or componentDidUpdate. React limits the number of nested updates to prevent infinite loops.
 > getRootForUpdatedFiber ../../node_modules/.bun/react-dom@19.2.5+3f10a4be4e334a9b/node_modules/react-dom/cjs/react-dom-client.development.js:4624:10
 > enqueueConcurrentHookUpdate ../../node_modules/.bun/react-dom@19.2.5+3f10a4be4e334a9b/node_modules/react-dom/cjs/react-dom-client.development.js:4584:13
 > dispatchSetStateInternal ../../node_modules/.bun/react-dom@19.2.5+3f10a4be4e334a9b/node_modules/react-dom/cjs/react-dom-client.development.js:9167:17
 > dispatchSetState ../../node_modules/.bun/react-dom@19.2.5+3f10a4be4e334a9b/node_modules/react-dom/cjs/react-dom-client.development.js:9127:6
 > Transitioner.router.startTransition ../../node_modules/.bun/@tanstack+react-router@1.168.25+21ccd8898788a04d/node_modules/@tanstack/react-router/dist/esm/Transitioner.js:23:2
 > ../../node_modules/.bun/@tanstack+router-core@1.168.17/node_modules/@tanstack/router-core/dist/esm/router.js:526:9
 > RouterCore.load ../../node_modules/.bun/@tanstack+router-core@1.168.17/node_modules/@tanstack/router-core/dist/esm/router.js:525:17
 > RouterCore.commitLocation ../../node_modules/.bun/@tanstack+router-core@1.168.17/node_modules/@tanstack/router-core/dist/esm/router.js:387:40
 > RouterCore.buildAndCommitLocation ../../node_modules/.bun/@tanstack+router-core@1.168.17/node_modules/@tanstack/router-core/dist/esm/router.js:433:30

10:28:35 AM [vite] (client) [Unhandled rejection] Error: Maximum update depth exceeded. This can happen when a component repeatedly calls setState inside componentWillUpdate or componentDidUpdate. React limits the number of nested updates to prevent infinite loops.
 > getRootForUpdatedFiber ../../node_modules/.bun/react-dom@19.2.5+3f10a4be4e334a9b/node_modules/react-dom/cjs/react-dom-client.development.js:4624:10
 > enqueueConcurrentHookUpdate ../../node_modules/.bun/react-dom@19.2.5+3f10a4be4e334a9b/node_modules/react-dom/cjs/react-dom-client.development.js:4584:13
 > dispatchSetStateInternal ../../node_modules/.bun/react-dom@19.2.5+3f10a4be4e334a9b/node_modules/react-dom/cjs/react-dom-client.development.js:9167:17
 > dispatchSetState ../../node_modules/.bun/react-dom@19.2.5+3f10a4be4e334a9b/node_modules/react-dom/cjs/react-dom-client.development.js:9127:6
 > Transitioner.router.startTransition ../../node_modules/.bun/@tanstack+react-router@1.168.25+21ccd8898788a04d/node_modules/@tanstack/react-router/dist/esm/Transitioner.js:23:2
 > ../../node_modules/.bun/@tanstack+router-core@1.168.17/node_modules/@tanstack/router-core/dist/esm/router.js:526:9
 > RouterCore.load ../../node_modules/.bun/@tanstack+router-core@1.168.17/node_modules/@tanstack/router-core/dist/esm/router.js:525:17
 > RouterCore.commitLocation ../../node_modules/.bun/@tanstack+router-core@1.168.17/node_modules/@tanstack/router-core/dist/esm/router.js:387:40
 > RouterCore.buildAndCommitLocation ../../node_modules/.bun/@tanstack+router-core@1.168.17/node_modules/@tanstack/router-core/dist/esm/router.js:433:30

10:28:35 AM [vite] (client) [Unhandled rejection] Error: Maximum update depth exceeded. This can happen when a component repeatedly calls setState inside componentWillUpdate or componentDidUpdate. React limits the number of nested updates to prevent infinite loops.
 > getRootForUpdatedFiber ../../node_modules/.bun/react-dom@19.2.5+3f10a4be4e334a9b/node_modules/react-dom/cjs/react-dom-client.development.js:4624:10
 > enqueueConcurrentHookUpdate ../../node_modules/.bun/react-dom@19.2.5+3f10a4be4e334a9b/node_modules/react-dom/cjs/react-dom-client.development.js:4584:13
 > dispatchSetStateInternal ../../node_modules/.bun/react-dom@19.2.5+3f10a4be4e334a9b/node_modules/react-dom/cjs/react-dom-client.development.js:9167:17
 > dispatchSetState ../../node_modules/.bun/react-dom@19.2.5+3f10a4be4e334a9b/node_modules/react-dom/cjs/react-dom-client.development.js:9127:6
 > Transitioner.router.startTransition ../../node_modules/.bun/@tanstack+react-router@1.168.25+21ccd8898788a04d/node_modules/@tanstack/react-router/dist/esm/Transitioner.js:23:2
 > ../../node_modules/.bun/@tanstack+router-core@1.168.17/node_modules/@tanstack/router-core/dist/esm/router.js:526:9
 > RouterCore.load ../../node_modules/.bun/@tanstack+router-core@1.168.17/node_modules/@tanstack/router-core/dist/esm/router.js:525:17
 > RouterCore.commitLocation ../../node_modules/.bun/@tanstack+router-core@1.168.17/node_modules/@tanstack/router-core/dist/esm/router.js:387:40
 > RouterCore.buildAndCommitLocation ../../node_modules/.bun/@tanstack+router-core@1.168.17/node_modules/@tanstack/router-core/dist/esm/router.js:433:30

10:28:36 AM [vite] (client) [Unhandled rejection] Error: Maximum update depth exceeded. This can happen when a component repeatedly calls setState inside componentWillUpdate or componentDidUpdate. React limits the number of nested updates to prevent infinite loops.
 > getRootForUpdatedFiber ../../node_modules/.bun/react-dom@19.2.5+3f10a4be4e334a9b/node_modules/react-dom/cjs/react-dom-client.development.js:4624:10
 > enqueueConcurrentHookUpdate ../../node_modules/.bun/react-dom@19.2.5+3f10a4be4e334a9b/node_modules/react-dom/cjs/react-dom-client.development.js:4584:13
 > dispatchSetStateInternal ../../node_modules/.bun/react-dom@19.2.5+3f10a4be4e334a9b/node_modules/react-dom/cjs/react-dom-client.development.js:9167:17
 > dispatchSetState ../../node_modules/.bun/react-dom@19.2.5+3f10a4be4e334a9b/node_modules/react-dom/cjs/react-dom-client.development.js:9127:6
 > Transitioner.router.startTransition ../../node_modules/.bun/@tanstack+react-router@1.168.25+21ccd8898788a04d/node_modules/@tanstack/react-router/dist/esm/Transitioner.js:23:2
 > ../../node_modules/.bun/@tanstack+router-core@1.168.17/node_modules/@tanstack/router-core/dist/esm/router.js:526:9
 > RouterCore.load ../../node_modules/.bun/@tanstack+router-core@1.168.17/node_modules/@tanstack/router-core/dist/esm/router.js:525:17
 > RouterCore.commitLocation ../../node_modules/.bun/@tanstack+router-core@1.168.17/node_modules/@tanstack/router-core/dist/esm/router.js:387:40
 > RouterCore.buildAndCommitLocation ../../node_modules/.bun/@tanstack+router-core@1.168.17/node_modules/@tanstack/router-core/dist/esm/router.js:433:30

10:28:36 AM [vite] (client) [Unhandled rejection] Error: Maximum update depth exceeded. This can happen when a component repeatedly calls setState inside componentWillUpdate or componentDidUpdate. React limits the number of nested updates to prevent infinite loops.
 > getRootForUpdatedFiber ../../node_modules/.bun/react-dom@19.2.5+3f10a4be4e334a9b/node_modules/react-dom/cjs/react-dom-client.development.js:4624:10
 > enqueueConcurrentHookUpdate ../../node_modules/.bun/react-dom@19.2.5+3f10a4be4e334a9b/node_modules/react-dom/cjs/react-dom-client.development.js:4584:13
 > dispatchSetStateInternal ../../node_modules/.bun/react-dom@19.2.5+3f10a4be4e334a9b/node_modules/react-dom/cjs/react-dom-client.development.js:9167:17
 > dispatchSetState ../../node_modules/.bun/react-dom@19.2.5+3f10a4be4e334a9b/node_modules/react-dom/cjs/react-dom-client.development.js:9127:6
 > Transitioner.router.startTransition ../../node_modules/.bun/@tanstack+react-router@1.168.25+21ccd8898788a04d/node_modules/@tanstack/react-router/dist/esm/Transitioner.js:23:2
 > ../../node_modules/.bun/@tanstack+router-core@1.168.17/node_modules/@tanstack/router-core/dist/esm/router.js:526:9
 > RouterCore.load ../../node_modules/.bun/@tanstack+router-core@1.168.17/node_modules/@tanstack/router-core/dist/esm/router.js:525:17
 > RouterCore.commitLocation ../../node_modules/.bun/@tanstack+router-core@1.168.17/node_modules/@tanstack/router-core/dist/esm/router.js:387:40
 > RouterCore.buildAndCommitLocation ../../node_modules/.bun/@tanstack+router-core@1.168.17/node_modules/@tanstack/router-core/dist/esm/router.js:433:30

10:28:36 AM [vite] (client) [Unhandled rejection] Error: Maximum update depth exceeded. This can happen when a component repeatedly calls setState inside componentWillUpdate or componentDidUpdate. React limits the number of nested updates to prevent infinite loops.
 > getRootForUpdatedFiber ../../node_modules/.bun/react-dom@19.2.5+3f10a4be4e334a9b/node_modules/react-dom/cjs/react-dom-client.development.js:4624:10
 > enqueueConcurrentHookUpdate ../../node_modules/.bun/react-dom@19.2.5+3f10a4be4e334a9b/node_modules/react-dom/cjs/react-dom-client.development.js:4584:13
 > dispatchSetStateInternal ../../node_modules/.bun/react-dom@19.2.5+3f10a4be4e334a9b/node_modules/react-dom/cjs/react-dom-client.development.js:9167:17
 > dispatchSetState ../../node_modules/.bun/react-dom@19.2.5+3f10a4be4e334a9b/node_modules/react-dom/cjs/react-dom-client.development.js:9127:6
 > Transitioner.router.startTransition ../../node_modules/.bun/@tanstack+react-router@1.168.25+21ccd8898788a04d/node_modules/@tanstack/react-router/dist/esm/Transitioner.js:23:2
 > ../../node_modules/.bun/@tanstack+router-core@1.168.17/node_modules/@tanstack/router-core/dist/esm/router.js:526:9
 > RouterCore.load ../../node_modules/.bun/@tanstack+router-core@1.168.17/node_modules/@tanstack/router-core/dist/esm/router.js:525:17
 > RouterCore.commitLocation ../../node_modules/.bun/@tanstack+router-core@1.168.17/node_modules/@tanstack/router-core/dist/esm/router.js:387:40
 > RouterCore.buildAndCommitLocation ../../node_modules/.bun/@tanstack+router-core@1.168.17/node_modules/@tanstack/router-core/dist/esm/router.js:433:30

10:28:36 AM [vite] (client) [Unhandled rejection] Error: Maximum update depth exceeded. This can happen when a component repeatedly calls setState inside componentWillUpdate or componentDidUpdate. React limits the number of nested updates to prevent infinite loops.
 > getRootForUpdatedFiber ../../node_modules/.bun/react-dom@19.2.5+3f10a4be4e334a9b/node_modules/react-dom/cjs/react-dom-client.development.js:4624:10
 > enqueueConcurrentHookUpdate ../../node_modules/.bun/react-dom@19.2.5+3f10a4be4e334a9b/node_modules/react-dom/cjs/react-dom-client.development.js:4584:13
 > dispatchSetStateInternal ../../node_modules/.bun/react-dom@19.2.5+3f10a4be4e334a9b/node_modules/react-dom/cjs/react-dom-client.development.js:9167:17
 > dispatchSetState ../../node_modules/.bun/react-dom@19.2.5+3f10a4be4e334a9b/node_modules/react-dom/cjs/react-dom-client.development.js:9127:6
 > Transitioner.router.startTransition ../../node_modules/.bun/@tanstack+react-router@1.168.25+21ccd8898788a04d/node_modules/@tanstack/react-router/dist/esm/Transitioner.js:23:2
 > ../../node_modules/.bun/@tanstack+router-core@1.168.17/node_modules/@tanstack/router-core/dist/esm/router.js:526:9
 > RouterCore.load ../../node_modules/.bun/@tanstack+router-core@1.168.17/node_modules/@tanstack/router-core/dist/esm/router.js:525:17
 > RouterCore.commitLocation ../../node_modules/.bun/@tanstack+router-core@1.168.17/node_modules/@tanstack/router-core/dist/esm/router.js:387:40
 > RouterCore.buildAndCommitLocation ../../node_modules/.bun/@tanstack+router-core@1.168.17/node_modules/@tanstack/router-core/dist/esm/router.js:433:30

10:28:36 AM [vite] (client) [Unhandled rejection] Error: Maximum update depth exceeded. This can happen when a component repeatedly calls setState inside componentWillUpdate or componentDidUpdate. React limits the number of nested updates to prevent infinite loops.
 > getRootForUpdatedFiber ../../node_modules/.bun/react-dom@19.2.5+3f10a4be4e334a9b/node_modules/react-dom/cjs/react-dom-client.development.js:4624:10
 > enqueueConcurrentHookUpdate ../../node_modules/.bun/react-dom@19.2.5+3f10a4be4e334a9b/node_modules/react-dom/cjs/react-dom-client.development.js:4584:13
 > dispatchSetStateInternal ../../node_modules/.bun/react-dom@19.2.5+3f10a4be4e334a9b/node_modules/react-dom/cjs/react-dom-client.development.js:9167:17
 > dispatchSetState ../../node_modules/.bun/react-dom@19.2.5+3f10a4be4e334a9b/node_modules/react-dom/cjs/react-dom-client.development.js:9127:6
 > Transitioner.router.startTransition ../../node_modules/.bun/@tanstack+react-router@1.168.25+21ccd8898788a04d/node_modules/@tanstack/react-router/dist/esm/Transitioner.js:23:2
 > ../../node_modules/.bun/@tanstack+router-core@1.168.17/node_modules/@tanstack/router-core/dist/esm/router.js:526:9
 > RouterCore.load ../../node_modules/.bun/@tanstack+router-core@1.168.17/node_modules/@tanstack/router-core/dist/esm/router.js:525:17
 > RouterCore.commitLocation ../../node_modules/.bun/@tanstack+router-core@1.168.17/node_modules/@tanstack/router-core/dist/esm/router.js:387:40
 > RouterCore.buildAndCommitLocation ../../node_modules/.bun/@tanstack+router-core@1.168.17/node_modules/@tanstack/router-core/dist/esm/router.js:433:30

10:28:36 AM [vite] (client) [Unhandled rejection] Error: Maximum update depth exceeded. This can happen when a component repeatedly calls setState inside componentWillUpdate or componentDidUpdate. React limits the number of nested updates to prevent infinite loops.
 > getRootForUpdatedFiber ../../node_modules/.bun/react-dom@19.2.5+3f10a4be4e334a9b/node_modules/react-dom/cjs/react-dom-client.development.js:4624:10
 > enqueueConcurrentHookUpdate ../../node_modules/.bun/react-dom@19.2.5+3f10a4be4e334a9b/node_modules/react-dom/cjs/react-dom-client.development.js:4584:13
 > dispatchSetStateInternal ../../node_modules/.bun/react-dom@19.2.5+3f10a4be4e334a9b/node_modules/react-dom/cjs/react-dom-client.development.js:9167:17
 > dispatchSetState ../../node_modules/.bun/react-dom@19.2.5+3f10a4be4e334a9b/node_modules/react-dom/cjs/react-dom-client.development.js:9127:6
 > Transitioner.router.startTransition ../../node_modules/.bun/@tanstack+react-router@1.168.25+21ccd8898788a04d/node_modules/@tanstack/react-router/dist/esm/Transitioner.js:23:2
 > ../../node_modules/.bun/@tanstack+router-core@1.168.17/node_modules/@tanstack/router-core/dist/esm/router.js:526:9
 > RouterCore.load ../../node_modules/.bun/@tanstack+router-core@1.168.17/node_modules/@tanstack/router-core/dist/esm/router.js:525:17
 > RouterCore.commitLocation ../../node_modules/.bun/@tanstack+router-core@1.168.17/node_modules/@tanstack/router-core/dist/esm/router.js:387:40
 > RouterCore.buildAndCommitLocation ../../node_modules/.bun/@tanstack+router-core@1.168.17/node_modules/@tanstack/router-core/dist/esm/router.js:433:30

10:28:36 AM [vite] (client) [Unhandled rejection] Error: Maximum update depth exceeded. This can happen when a component repeatedly calls setState inside componentWillUpdate or componentDidUpdate. React limits the number of nested updates to prevent infinite loops.
 > getRootForUpdatedFiber ../../node_modules/.bun/react-dom@19.2.5+3f10a4be4e334a9b/node_modules/react-dom/cjs/react-dom-client.development.js:4624:10
 > enqueueConcurrentHookUpdate ../../node_modules/.bun/react-dom@19.2.5+3f10a4be4e334a9b/node_modules/react-dom/cjs/react-dom-client.development.js:4584:13
 > dispatchSetStateInternal ../../node_modules/.bun/react-dom@19.2.5+3f10a4be4e334a9b/node_modules/react-dom/cjs/react-dom-client.development.js:9167:17
 > dispatchSetState ../../node_modules/.bun/react-dom@19.2.5+3f10a4be4e334a9b/node_modules/react-dom/cjs/react-dom-client.development.js:9127:6
 > Transitioner.router.startTransition ../../node_modules/.bun/@tanstack+react-router@1.168.25+21ccd8898788a04d/node_modules/@tanstack/react-router/dist/esm/Transitioner.js:23:2
 > ../../node_modules/.bun/@tanstack+router-core@1.168.17/node_modules/@tanstack/router-core/dist/esm/router.js:526:9
 > RouterCore.load ../../node_modules/.bun/@tanstack+router-core@1.168.17/node_modules/@tanstack/router-core/dist/esm/router.js:525:17
 > RouterCore.commitLocation ../../node_modules/.bun/@tanstack+router-core@1.168.17/node_modules/@tanstack/router-core/dist/esm/router.js:387:40
 > RouterCore.buildAndCommitLocation ../../node_modules/.bun/@tanstack+router-core@1.168.17/node_modules/@tanstack/router-core/dist/esm/router.js:433:30

10:28:36 AM [vite] (client) [Unhandled rejection] Error: Maximum update depth exceeded. This can happen when a component repeatedly calls setState inside componentWillUpdate or componentDidUpdate. React limits the number of nested updates to prevent infinite loops.
 > getRootForUpdatedFiber ../../node_modules/.bun/react-dom@19.2.5+3f10a4be4e334a9b/node_modules/react-dom/cjs/react-dom-client.development.js:4624:10
 > enqueueConcurrentHookUpdate ../../node_modules/.bun/react-dom@19.2.5+3f10a4be4e334a9b/node_modules/react-dom/cjs/react-dom-client.development.js:4584:13
 > dispatchSetStateInternal ../../node_modules/.bun/react-dom@19.2.5+3f10a4be4e334a9b/node_modules/react-dom/cjs/react-dom-client.development.js:9167:17
 > dispatchSetState ../../node_modules/.bun/react-dom@19.2.5+3f10a4be4e334a9b/node_modules/react-dom/cjs/react-dom-client.development.js:9127:6
 > Transitioner.router.startTransition ../../node_modules/.bun/@tanstack+react-router@1.168.25+21ccd8898788a04d/node_modules/@tanstack/react-router/dist/esm/Transitioner.js:23:2
 > ../../node_modules/.bun/@tanstack+router-core@1.168.17/node_modules/@tanstack/router-core/dist/esm/router.js:526:9
 > RouterCore.load ../../node_modules/.bun/@tanstack+router-core@1.168.17/node_modules/@tanstack/router-core/dist/esm/router.js:525:17
 > RouterCore.commitLocation ../../node_modules/.bun/@tanstack+router-core@1.168.17/node_modules/@tanstack/router-core/dist/esm/router.js:387:40
 > RouterCore.buildAndCommitLocation ../../node_modules/.bun/@tanstack+router-core@1.168.17/node_modules/@tanstack/router-core/dist/esm/router.js:433:30

10:28:36 AM [vite] (client) [Unhandled rejection] Error: Maximum update depth exceeded. This can happen when a component repeatedly calls setState inside componentWillUpdate or componentDidUpdate. React limits the number of nested updates to prevent infinite loops.
 > getRootForUpdatedFiber ../../node_modules/.bun/react-dom@19.2.5+3f10a4be4e334a9b/node_modules/react-dom/cjs/react-dom-client.development.js:4624:10
 > enqueueConcurrentHookUpdate ../../node_modules/.bun/react-dom@19.2.5+3f10a4be4e334a9b/node_modules/react-dom/cjs/react-dom-client.development.js:4584:13
 > dispatchSetStateInternal ../../node_modules/.bun/react-dom@19.2.5+3f10a4be4e334a9b/node_modules/react-dom/cjs/react-dom-client.development.js:9167:17
 > dispatchSetState ../../node_modules/.bun/react-dom@19.2.5+3f10a4be4e334a9b/node_modules/react-dom/cjs/react-dom-client.development.js:9127:6
 > Transitioner.router.startTransition ../../node_modules/.bun/@tanstack+react-router@1.168.25+21ccd8898788a04d/node_modules/@tanstack/react-router/dist/esm/Transitioner.js:23:2
 > ../../node_modules/.bun/@tanstack+router-core@1.168.17/node_modules/@tanstack/router-core/dist/esm/router.js:526:9
 > RouterCore.load ../../node_modules/.bun/@tanstack+router-core@1.168.17/node_modules/@tanstack/router-core/dist/esm/router.js:525:17
 > RouterCore.commitLocation ../../node_modules/.bun/@tanstack+router-core@1.168.17/node_modules/@tanstack/router-core/dist/esm/router.js:387:40
 > RouterCore.buildAndCommitLocation ../../node_modules/.bun/@tanstack+router-core@1.168.17/node_modules/@tanstack/router-core/dist/esm/router.js:433:30

10:28:36 AM [vite] (client) [Unhandled rejection] Error: Maximum update depth exceeded. This can happen when a component repeatedly calls setState inside componentWillUpdate or componentDidUpdate. React limits the number of nested updates to prevent infinite loops.
 > getRootForUpdatedFiber ../../node_modules/.bun/react-dom@19.2.5+3f10a4be4e334a9b/node_modules/react-dom/cjs/react-dom-client.development.js:4624:10
 > enqueueConcurrentHookUpdate ../../node_modules/.bun/react-dom@19.2.5+3f10a4be4e334a9b/node_modules/react-dom/cjs/react-dom-client.development.js:4584:13
 > dispatchSetStateInternal ../../node_modules/.bun/react-dom@19.2.5+3f10a4be4e334a9b/node_modules/react-dom/cjs/react-dom-client.development.js:9167:17
 > dispatchSetState ../../node_modules/.bun/react-dom@19.2.5+3f10a4be4e334a9b/node_modules/react-dom/cjs/react-dom-client.development.js:9127:6
 > Transitioner.router.startTransition ../../node_modules/.bun/@tanstack+react-router@1.168.25+21ccd8898788a04d/node_modules/@tanstack/react-router/dist/esm/Transitioner.js:23:2
 > ../../node_modules/.bun/@tanstack+router-core@1.168.17/node_modules/@tanstack/router-core/dist/esm/router.js:526:9
 > RouterCore.load ../../node_modules/.bun/@tanstack+router-core@1.168.17/node_modules/@tanstack/router-core/dist/esm/router.js:525:17
 > RouterCore.commitLocation ../../node_modules/.bun/@tanstack+router-core@1.168.17/node_modules/@tanstack/router-core/dist/esm/router.js:387:40
 > RouterCore.buildAndCommitLocation ../../node_modules/.bun/@tanstack+router-core@1.168.17/node_modules/@tanstack/router-core/dist/esm/router.js:433:30

10:28:36 AM [vite] (client) [Unhandled rejection] Error: Maximum update depth exceeded. This can happen when a component repeatedly calls setState inside componentWillUpdate or componentDidUpdate. React limits the number of nested updates to prevent infinite loops.
 > getRootForUpdatedFiber ../../node_modules/.bun/react-dom@19.2.5+3f10a4be4e334a9b/node_modules/react-dom/cjs/react-dom-client.development.js:4624:10
 > enqueueConcurrentHookUpdate ../../node_modules/.bun/react-dom@19.2.5+3f10a4be4e334a9b/node_modules/react-dom/cjs/react-dom-client.development.js:4584:13
 > dispatchSetStateInternal ../../node_modules/.bun/react-dom@19.2.5+3f10a4be4e334a9b/node_modules/react-dom/cjs/react-dom-client.development.js:9167:17
 > dispatchSetState ../../node_modules/.bun/react-dom@19.2.5+3f10a4be4e334a9b/node_modules/react-dom/cjs/react-dom-client.development.js:9127:6
 > Transitioner.router.startTransition ../../node_modules/.bun/@tanstack+react-router@1.168.25+21ccd8898788a04d/node_modules/@tanstack/react-router/dist/esm/Transitioner.js:23:2
 > ../../node_modules/.bun/@tanstack+router-core@1.168.17/node_modules/@tanstack/router-core/dist/esm/router.js:526:9
 > RouterCore.load ../../node_modules/.bun/@tanstack+router-core@1.168.17/node_modules/@tanstack/router-core/dist/esm/router.js:525:17
 > RouterCore.commitLocation ../../node_modules/.bun/@tanstack+router-core@1.168.17/node_modules/@tanstack/router-core/dist/esm/router.js:387:40
 > RouterCore.buildAndCommitLocation ../../node_modules/.bun/@tanstack+router-core@1.168.17/node_modules/@tanstack/router-core/dist/esm/router.js:433:30

10:28:36 AM [vite] (client) [Unhandled rejection] Error: Maximum update depth exceeded. This can happen when a component repeatedly calls setState inside componentWillUpdate or componentDidUpdate. React limits the number of nested updates to prevent infinite loops.
 > getRootForUpdatedFiber ../../node_modules/.bun/react-dom@19.2.5+3f10a4be4e334a9b/node_modules/react-dom/cjs/react-dom-client.development.js:4624:10
 > enqueueConcurrentHookUpdate ../../node_modules/.bun/react-dom@19.2.5+3f10a4be4e334a9b/node_modules/react-dom/cjs/react-dom-client.development.js:4584:13
 > dispatchSetStateInternal ../../node_modules/.bun/react-dom@19.2.5+3f10a4be4e334a9b/node_modules/react-dom/cjs/react-dom-client.development.js:9167:17
 > dispatchSetState ../../node_modules/.bun/react-dom@19.2.5+3f10a4be4e334a9b/node_modules/react-dom/cjs/react-dom-client.development.js:9127:6
 > Transitioner.router.startTransition ../../node_modules/.bun/@tanstack+react-router@1.168.25+21ccd8898788a04d/node_modules/@tanstack/react-router/dist/esm/Transitioner.js:23:2
 > ../../node_modules/.bun/@tanstack+router-core@1.168.17/node_modules/@tanstack/router-core/dist/esm/router.js:526:9
 > RouterCore.load ../../node_modules/.bun/@tanstack+router-core@1.168.17/node_modules/@tanstack/router-core/dist/esm/router.js:525:17
 > RouterCore.commitLocation ../../node_modules/.bun/@tanstack+router-core@1.168.17/node_modules/@tanstack/router-core/dist/esm/router.js:387:40
 > RouterCore.buildAndCommitLocation ../../node_modules/.bun/@tanstack+router-core@1.168.17/node_modules/@tanstack/router-core/dist/esm/router.js:433:30

10:28:36 AM [vite] (client) [Unhandled rejection] Error: Maximum update depth exceeded. This can happen when a component repeatedly calls setState inside componentWillUpdate or componentDidUpdate. React limits the number of nested updates to prevent infinite loops.
 > getRootForUpdatedFiber ../../node_modules/.bun/react-dom@19.2.5+3f10a4be4e334a9b/node_modules/react-dom/cjs/react-dom-client.development.js:4624:10
 > enqueueConcurrentHookUpdate ../../node_modules/.bun/react-dom@19.2.5+3f10a4be4e334a9b/node_modules/react-dom/cjs/react-dom-client.development.js:4584:13
 > dispatchSetStateInternal ../../node_modules/.bun/react-dom@19.2.5+3f10a4be4e334a9b/node_modules/react-dom/cjs/react-dom-client.development.js:9167:17
 > dispatchSetState ../../node_modules/.bun/react-dom@19.2.5+3f10a4be4e334a9b/node_modules/react-dom/cjs/react-dom-client.development.js:9127:6
 > Transitioner.router.startTransition ../../node_modules/.bun/@tanstack+react-router@1.168.25+21ccd8898788a04d/node_modules/@tanstack/react-router/dist/esm/Transitioner.js:23:2
 > ../../node_modules/.bun/@tanstack+router-core@1.168.17/node_modules/@tanstack/router-core/dist/esm/router.js:526:9
 > RouterCore.load ../../node_modules/.bun/@tanstack+router-core@1.168.17/node_modules/@tanstack/router-core/dist/esm/router.js:525:17
 > RouterCore.commitLocation ../../node_modules/.bun/@tanstack+router-core@1.168.17/node_modules/@tanstack/router-core/dist/esm/router.js:387:40
 > RouterCore.buildAndCommitLocation ../../node_modules/.bun/@tanstack+router-core@1.168.17/node_modules/@tanstack/router-core/dist/esm/router.js:433:30

10:28:36 AM [vite] (client) [Unhandled rejection] Error: Maximum update depth exceeded. This can happen when a component repeatedly calls setState inside componentWillUpdate or componentDidUpdate. React limits the number of nested updates to prevent infinite loops.
 > getRootForUpdatedFiber ../../node_modules/.bun/react-dom@19.2.5+3f10a4be4e334a9b/node_modules/react-dom/cjs/react-dom-client.development.js:4624:10
 > enqueueConcurrentHookUpdate ../../node_modules/.bun/react-dom@19.2.5+3f10a4be4e334a9b/node_modules/react-dom/cjs/react-dom-client.development.js:4584:13
 > dispatchSetStateInternal ../../node_modules/.bun/react-dom@19.2.5+3f10a4be4e334a9b/node_modules/react-dom/cjs/react-dom-client.development.js:9167:17
 > dispatchSetState ../../node_modules/.bun/react-dom@19.2.5+3f10a4be4e334a9b/node_modules/react-dom/cjs/react-dom-client.development.js:9127:6
 > Transitioner.router.startTransition ../../node_modules/.bun/@tanstack+react-router@1.168.25+21ccd8898788a04d/node_modules/@tanstack/react-router/dist/esm/Transitioner.js:23:2
 > ../../node_modules/.bun/@tanstack+router-core@1.168.17/node_modules/@tanstack/router-core/dist/esm/router.js:526:9
 > RouterCore.load ../../node_modules/.bun/@tanstack+router-core@1.168.17/node_modules/@tanstack/router-core/dist/esm/router.js:525:17
 > RouterCore.commitLocation ../../node_modules/.bun/@tanstack+router-core@1.168.17/node_modules/@tanstack/router-core/dist/esm/router.js:387:40
 > RouterCore.buildAndCommitLocation ../../node_modules/.bun/@tanstack+router-core@1.168.17/node_modules/@tanstack/router-core/dist/esm/router.js:433:30

10:28:36 AM [vite] (client) [Unhandled rejection] Error: Maximum update depth exceeded. This can happen when a component repeatedly calls setState inside componentWillUpdate or componentDidUpdate. React limits the number of nested updates to prevent infinite loops.
 > getRootForUpdatedFiber ../../node_modules/.bun/react-dom@19.2.5+3f10a4be4e334a9b/node_modules/react-dom/cjs/react-dom-client.development.js:4624:10
 > enqueueConcurrentHookUpdate ../../node_modules/.bun/react-dom@19.2.5+3f10a4be4e334a9b/node_modules/react-dom/cjs/react-dom-client.development.js:4584:13
 > dispatchSetStateInternal ../../node_modules/.bun/react-dom@19.2.5+3f10a4be4e334a9b/node_modules/react-dom/cjs/react-dom-client.development.js:9167:17
 > dispatchSetState ../../node_modules/.bun/react-dom@19.2.5+3f10a4be4e334a9b/node_modules/react-dom/cjs/react-dom-client.development.js:9127:6
 > Transitioner.router.startTransition ../../node_modules/.bun/@tanstack+react-router@1.168.25+21ccd8898788a04d/node_modules/@tanstack/react-router/dist/esm/Transitioner.js:23:2
 > ../../node_modules/.bun/@tanstack+router-core@1.168.17/node_modules/@tanstack/router-core/dist/esm/router.js:526:9
 > RouterCore.load ../../node_modules/.bun/@tanstack+router-core@1.168.17/node_modules/@tanstack/router-core/dist/esm/router.js:525:17
 > RouterCore.commitLocation ../../node_modules/.bun/@tanstack+router-core@1.168.17/node_modules/@tanstack/router-core/dist/esm/router.js:387:40
 > RouterCore.buildAndCommitLocation ../../node_modules/.bun/@tanstack+router-core@1.168.17/node_modules/@tanstack/router-core/dist/esm/router.js:433:30

10:28:36 AM [vite] (client) [Unhandled rejection] Error: Maximum update depth exceeded. This can happen when a component repeatedly calls setState inside componentWillUpdate or componentDidUpdate. React limits the number of nested updates to prevent infinite loops.
 > getRootForUpdatedFiber ../../node_modules/.bun/react-dom@19.2.5+3f10a4be4e334a9b/node_modules/react-dom/cjs/react-dom-client.development.js:4624:10
 > enqueueConcurrentHookUpdate ../../node_modules/.bun/react-dom@19.2.5+3f10a4be4e334a9b/node_modules/react-dom/cjs/react-dom-client.development.js:4584:13
 > dispatchSetStateInternal ../../node_modules/.bun/react-dom@19.2.5+3f10a4be4e334a9b/node_modules/react-dom/cjs/react-dom-client.development.js:9167:17
 > dispatchSetState ../../node_modules/.bun/react-dom@19.2.5+3f10a4be4e334a9b/node_modules/react-dom/cjs/react-dom-client.development.js:9127:6
 > Transitioner.router.startTransition ../../node_modules/.bun/@tanstack+react-router@1.168.25+21ccd8898788a04d/node_modules/@tanstack/react-router/dist/esm/Transitioner.js:23:2
 > ../../node_modules/.bun/@tanstack+router-core@1.168.17/node_modules/@tanstack/router-core/dist/esm/router.js:526:9
 > RouterCore.load ../../node_modules/.bun/@tanstack+router-core@1.168.17/node_modules/@tanstack/router-core/dist/esm/router.js:525:17
 > RouterCore.commitLocation ../../node_modules/.bun/@tanstack+router-core@1.168.17/node_modules/@tanstack/router-core/dist/esm/router.js:387:40
 > RouterCore.buildAndCommitLocation ../../node_modules/.bun/@tanstack+router-core@1.168.17/node_modules/@tanstack/router-core/dist/esm/router.js:433:30

10:28:36 AM [vite] (client) [Unhandled rejection] Error: Maximum update depth exceeded. This can happen when a component repeatedly calls setState inside componentWillUpdate or componentDidUpdate. React limits the number of nested updates to prevent infinite loops.
 > getRootForUpdatedFiber ../../node_modules/.bun/react-dom@19.2.5+3f10a4be4e334a9b/node_modules/react-dom/cjs/react-dom-client.development.js:4624:10
 > enqueueConcurrentHookUpdate ../../node_modules/.bun/react-dom@19.2.5+3f10a4be4e334a9b/node_modules/react-dom/cjs/react-dom-client.development.js:4584:13
 > dispatchSetStateInternal ../../node_modules/.bun/react-dom@19.2.5+3f10a4be4e334a9b/node_modules/react-dom/cjs/react-dom-client.development.js:9167:17
 > dispatchSetState ../../node_modules/.bun/react-dom@19.2.5+3f10a4be4e334a9b/node_modules/react-dom/cjs/react-dom-client.development.js:9127:6
 > Transitioner.router.startTransition ../../node_modules/.bun/@tanstack+react-router@1.168.25+21ccd8898788a04d/node_modules/@tanstack/react-router/dist/esm/Transitioner.js:23:2
 > ../../node_modules/.bun/@tanstack+router-core@1.168.17/node_modules/@tanstack/router-core/dist/esm/router.js:526:9
 > RouterCore.load ../../node_modules/.bun/@tanstack+router-core@1.168.17/node_modules/@tanstack/router-core/dist/esm/router.js:525:17
 > RouterCore.commitLocation ../../node_modules/.bun/@tanstack+router-core@1.168.17/node_modules/@tanstack/router-core/dist/esm/router.js:387:40
 > RouterCore.buildAndCommitLocation ../../node_modules/.bun/@tanstack+router-core@1.168.17/node_modules/@tanstack/router-core/dist/esm/router.js:433:30

10:28:36 AM [vite] (client) [Unhandled rejection] Error: Maximum update depth exceeded. This can happen when a component repeatedly calls setState inside componentWillUpdate or componentDidUpdate. React limits the number of nested updates to prevent infinite loops.
 > getRootForUpdatedFiber ../../node_modules/.bun/react-dom@19.2.5+3f10a4be4e334a9b/node_modules/react-dom/cjs/react-dom-client.development.js:4624:10
 > enqueueConcurrentHookUpdate ../../node_modules/.bun/react-dom@19.2.5+3f10a4be4e334a9b/node_modules/react-dom/cjs/react-dom-client.development.js:4584:13
 > dispatchSetStateInternal ../../node_modules/.bun/react-dom@19.2.5+3f10a4be4e334a9b/node_modules/react-dom/cjs/react-dom-client.development.js:9167:17
 > dispatchSetState ../../node_modules/.bun/react-dom@19.2.5+3f10a4be4e334a9b/node_modules/react-dom/cjs/react-dom-client.development.js:9127:6
 > Transitioner.router.startTransition ../../node_modules/.bun/@tanstack+react-router@1.168.25+21ccd8898788a04d/node_modules/@tanstack/react-router/dist/esm/Transitioner.js:23:2
 > ../../node_modules/.bun/@tanstack+router-core@1.168.17/node_modules/@tanstack/router-core/dist/esm/router.js:526:9
 > RouterCore.load ../../node_modules/.bun/@tanstack+router-core@1.168.17/node_modules/@tanstack/router-core/dist/esm/router.js:525:17
 > RouterCore.commitLocation ../../node_modules/.bun/@tanstack+router-core@1.168.17/node_modules/@tanstack/router-core/dist/esm/router.js:387:40
 > RouterCore.buildAndCommitLocation ../../node_modules/.bun/@tanstack+router-core@1.168.17/node_modules/@tanstack/router-core/dist/esm/router.js:433:30

10:28:36 AM [vite] (client) [Unhandled rejection] Error: Maximum update depth exceeded. This can happen when a component repeatedly calls setState inside componentWillUpdate or componentDidUpdate. React limits the number of nested updates to prevent infinite loops.
 > getRootForUpdatedFiber ../../node_modules/.bun/react-dom@19.2.5+3f10a4be4e334a9b/node_modules/react-dom/cjs/react-dom-client.development.js:4624:10
 > enqueueConcurrentHookUpdate ../../node_modules/.bun/react-dom@19.2.5+3f10a4be4e334a9b/node_modules/react-dom/cjs/react-dom-client.development.js:4584:13
 > dispatchSetStateInternal ../../node_modules/.bun/react-dom@19.2.5+3f10a4be4e334a9b/node_modules/react-dom/cjs/react-dom-client.development.js:9167:17
 > dispatchSetState ../../node_modules/.bun/react-dom@19.2.5+3f10a4be4e334a9b/node_modules/react-dom/cjs/react-dom-client.development.js:9127:6
 > Transitioner.router.startTransition ../../node_modules/.bun/@tanstack+react-router@1.168.25+21ccd8898788a04d/node_modules/@tanstack/react-router/dist/esm/Transitioner.js:23:2
 > ../../node_modules/.bun/@tanstack+router-core@1.168.17/node_modules/@tanstack/router-core/dist/esm/router.js:526:9
 > RouterCore.load ../../node_modules/.bun/@tanstack+router-core@1.168.17/node_modules/@tanstack/router-core/dist/esm/router.js:525:17
 > RouterCore.commitLocation ../../node_modules/.bun/@tanstack+router-core@1.168.17/node_modules/@tanstack/router-core/dist/esm/router.js:387:40
 > RouterCore.buildAndCommitLocation ../../node_modules/.bun/@tanstack+router-core@1.168.17/node_modules/@tanstack/router-core/dist/esm/router.js:433:30

10:28:36 AM [vite] (client) [Unhandled rejection] Error: Maximum update depth exceeded. This can happen when a component repeatedly calls setState inside componentWillUpdate or componentDidUpdate. React limits the number of nested updates to prevent infinite loops.
 > getRootForUpdatedFiber ../../node_modules/.bun/react-dom@19.2.5+3f10a4be4e334a9b/node_modules/react-dom/cjs/react-dom-client.development.js:4624:10
 > enqueueConcurrentHookUpdate ../../node_modules/.bun/react-dom@19.2.5+3f10a4be4e334a9b/node_modules/react-dom/cjs/react-dom-client.development.js:4584:13
 > dispatchSetStateInternal ../../node_modules/.bun/react-dom@19.2.5+3f10a4be4e334a9b/node_modules/react-dom/cjs/react-dom-client.development.js:9167:17
 > dispatchSetState ../../node_modules/.bun/react-dom@19.2.5+3f10a4be4e334a9b/node_modules/react-dom/cjs/react-dom-client.development.js:9127:6
 > Transitioner.router.startTransition ../../node_modules/.bun/@tanstack+react-router@1.168.25+21ccd8898788a04d/node_modules/@tanstack/react-router/dist/esm/Transitioner.js:23:2
 > ../../node_modules/.bun/@tanstack+router-core@1.168.17/node_modules/@tanstack/router-core/dist/esm/router.js:526:9
 > RouterCore.load ../../node_modules/.bun/@tanstack+router-core@1.168.17/node_modules/@tanstack/router-core/dist/esm/router.js:525:17
 > RouterCore.commitLocation ../../node_modules/.bun/@tanstack+router-core@1.168.17/node_modules/@tanstack/router-core/dist/esm/router.js:387:40
 > RouterCore.buildAndCommitLocation ../../node_modules/.bun/@tanstack+router-core@1.168.17/node_modules/@tanstack/router-core/dist/esm/router.js:433:30

10:28:36 AM [vite] (client) [Unhandled rejection] Error: Maximum update depth exceeded. This can happen when a component repeatedly calls setState inside componentWillUpdate or componentDidUpdate. React limits the number of nested updates to prevent infinite loops.
 > getRootForUpdatedFiber ../../node_modules/.bun/react-dom@19.2.5+3f10a4be4e334a9b/node_modules/react-dom/cjs/react-dom-client.development.js:4624:10
 > enqueueConcurrentHookUpdate ../../node_modules/.bun/react-dom@19.2.5+3f10a4be4e334a9b/node_modules/react-dom/cjs/react-dom-client.development.js:4584:13
 > dispatchSetStateInternal ../../node_modules/.bun/react-dom@19.2.5+3f10a4be4e334a9b/node_modules/react-dom/cjs/react-dom-client.development.js:9167:17
 > dispatchSetState ../../node_modules/.bun/react-dom@19.2.5+3f10a4be4e334a9b/node_modules/react-dom/cjs/react-dom-client.development.js:9127:6
 > Transitioner.router.startTransition ../../node_modules/.bun/@tanstack+react-router@1.168.25+21ccd8898788a04d/node_modules/@tanstack/react-router/dist/esm/Transitioner.js:23:2
 > ../../node_modules/.bun/@tanstack+router-core@1.168.17/node_modules/@tanstack/router-core/dist/esm/router.js:526:9
 > RouterCore.load ../../node_modules/.bun/@tanstack+router-core@1.168.17/node_modules/@tanstack/router-core/dist/esm/router.js:525:17
 > RouterCore.commitLocation ../../node_modules/.bun/@tanstack+router-core@1.168.17/node_modules/@tanstack/router-core/dist/esm/router.js:387:40
 > RouterCore.buildAndCommitLocation ../../node_modules/.bun/@tanstack+router-core@1.168.17/node_modules/@tanstack/router-core/dist/esm/router.js:433:30

10:28:37 AM [vite] (client) [console.warn] Sentry DSN not configured, skipping initialization
10:28:37 AM [vite] (client) [console.warn] Clerk: Clerk has been loaded with development keys. Development instances have strict usage limits and should not be used when deploying your application to production. Learn more: https://clerk.com/docs/deployments/overview
10:28:40 AM [vite] (client) [console.warn] Sentry DSN not configured, skipping initialization
10:28:40 AM [vite] (client) [console.warn] Clerk: Clerk has been loaded with development keys. Development instances have strict usage limits and should not be used when deploying your application to production. Learn more: https://clerk.com/docs/deployments/overview
10:28:40 AM [vite] (client) [console.warn] Sentry DSN not configured, skipping initialization
10:28:40 AM [vite] (client) [console.warn] Clerk: Clerk has been loaded with development keys. Development instances have strict usage limits and should not be used when deploying your application to production. Learn more: https://clerk.com/docs/deployments/overview
10:28:42 AM [vite] (client) [console.warn] Sentry DSN not configured, skipping initialization
10:28:42 AM [vite] (client) [console.warn] Clerk: Clerk has been loaded with development keys. Development instances have strict usage limits and should not be used when deploying your application to production. Learn more: https://clerk.com/docs/deployments/overview
10:28:43 AM [vite] (client) [console.warn] Sentry DSN not configured, skipping initialization
10:28:43 AM [vite] (client) [console.warn] Clerk: Clerk has been loaded with development keys. Development instances have strict usage limits and should not be used when deploying your application to production. Learn more: https://clerk.com/docs/deployments/overview
10:28:44 AM [vite] (client) [console.warn] Sentry DSN not configured, skipping initialization
10:28:44 AM [vite] (client) [console.warn] Clerk: Clerk has been loaded with development keys. Development instances have strict usage limits and should not be used when deploying your application to production. Learn more: https://clerk.com/docs/deployments/overview
10:28:45 AM [vite] (client) [console.warn] Sentry DSN not configured, skipping initialization
10:28:45 AM [vite] (client) [console.warn] Clerk: Clerk has been loaded with development keys. Development instances have strict usage limits and should not be used when deploying your application to production. Learn more: https://clerk.com/docs/deployments/overview
10:28:46 AM [vite] (client) [console.warn] Sentry DSN not configured, skipping initialization
10:28:47 AM [vite] (client) [console.warn] Clerk: Clerk has been loaded with development keys. Development instances have strict usage limits and should not be used when deploying your application to production. Learn more: https://clerk.com/docs/deployments/overview
10:28:48 AM [vite] (client) [console.warn] Sentry DSN not configured, skipping initialization
10:28:48 AM [vite] (client) [console.warn] Clerk: Clerk has been loaded with development keys. Development instances have strict usage limits and should not be used when deploying your application to production. Learn more: https://clerk.com/docs/deployments/overview
10:28:49 AM [vite] (client) page reload playwright-report/index.html
10:30:16 AM [vite] (client) [console.warn] Sentry DSN not configured, skipping initialization
10:30:16 AM [vite] (client) [console.warn] Sentry DSN not configured, skipping initialization
10:30:17 AM [vite] (client) [console.warn] Clerk: Clerk has been loaded with development keys. Development instances have strict usage limits and should not be used when deploying your application to production. Learn more: https://clerk.com/docs/deployments/overview
10:30:17 AM [vite] (client) [Unhandled rejection] Error: Maximum update depth exceeded. This can happen when a component repeatedly calls setState inside componentWillUpdate or componentDidUpdate. React limits the number of nested updates to prevent infinite loops.
 > getRootForUpdatedFiber ../../node_modules/.bun/react-dom@19.2.5+3f10a4be4e334a9b/node_modules/react-dom/cjs/react-dom-client.development.js:4624:10
 > enqueueConcurrentHookUpdate ../../node_modules/.bun/react-dom@19.2.5+3f10a4be4e334a9b/node_modules/react-dom/cjs/react-dom-client.development.js:4584:13
 > dispatchSetStateInternal ../../node_modules/.bun/react-dom@19.2.5+3f10a4be4e334a9b/node_modules/react-dom/cjs/react-dom-client.development.js:9167:17
 > dispatchSetState ../../node_modules/.bun/react-dom@19.2.5+3f10a4be4e334a9b/node_modules/react-dom/cjs/react-dom-client.development.js:9127:6
 > Transitioner.router.startTransition ../../node_modules/.bun/@tanstack+react-router@1.168.25+21ccd8898788a04d/node_modules/@tanstack/react-router/dist/esm/Transitioner.js:23:2
 > ../../node_modules/.bun/@tanstack+router-core@1.168.17/node_modules/@tanstack/router-core/dist/esm/router.js:526:9
 > RouterCore.load ../../node_modules/.bun/@tanstack+router-core@1.168.17/node_modules/@tanstack/router-core/dist/esm/router.js:525:17
 > RouterCore.commitLocation ../../node_modules/.bun/@tanstack+router-core@1.168.17/node_modules/@tanstack/router-core/dist/esm/router.js:387:40
 > RouterCore.buildAndCommitLocation ../../node_modules/.bun/@tanstack+router-core@1.168.17/node_modules/@tanstack/router-core/dist/esm/router.js:433:30

10:30:17 AM [vite] (client) [Unhandled rejection] Error: Maximum update depth exceeded. This can happen when a component repeatedly calls setState inside componentWillUpdate or componentDidUpdate. React limits the number of nested updates to prevent infinite loops.
 > getRootForUpdatedFiber ../../node_modules/.bun/react-dom@19.2.5+3f10a4be4e334a9b/node_modules/react-dom/cjs/react-dom-client.development.js:4624:10
 > enqueueConcurrentHookUpdate ../../node_modules/.bun/react-dom@19.2.5+3f10a4be4e334a9b/node_modules/react-dom/cjs/react-dom-client.development.js:4584:13
 > dispatchSetStateInternal ../../node_modules/.bun/react-dom@19.2.5+3f10a4be4e334a9b/node_modules/react-dom/cjs/react-dom-client.development.js:9167:17
 > dispatchSetState ../../node_modules/.bun/react-dom@19.2.5+3f10a4be4e334a9b/node_modules/react-dom/cjs/react-dom-client.development.js:9127:6
 > Transitioner.router.startTransition ../../node_modules/.bun/@tanstack+react-router@1.168.25+21ccd8898788a04d/node_modules/@tanstack/react-router/dist/esm/Transitioner.js:23:2
 > ../../node_modules/.bun/@tanstack+router-core@1.168.17/node_modules/@tanstack/router-core/dist/esm/router.js:526:9
 > RouterCore.load ../../node_modules/.bun/@tanstack+router-core@1.168.17/node_modules/@tanstack/router-core/dist/esm/router.js:525:17
 > RouterCore.commitLocation ../../node_modules/.bun/@tanstack+router-core@1.168.17/node_modules/@tanstack/router-core/dist/esm/router.js:387:40
 > RouterCore.buildAndCommitLocation ../../node_modules/.bun/@tanstack+router-core@1.168.17/node_modules/@tanstack/router-core/dist/esm/router.js:433:30

10:30:17 AM [vite] (client) [Unhandled rejection] Error: Maximum update depth exceeded. This can happen when a component repeatedly calls setState inside componentWillUpdate or componentDidUpdate. React limits the number of nested updates to prevent infinite loops.
 > getRootForUpdatedFiber ../../node_modules/.bun/react-dom@19.2.5+3f10a4be4e334a9b/node_modules/react-dom/cjs/react-dom-client.development.js:4624:10
 > enqueueConcurrentHookUpdate ../../node_modules/.bun/react-dom@19.2.5+3f10a4be4e334a9b/node_modules/react-dom/cjs/react-dom-client.development.js:4584:13
 > dispatchSetStateInternal ../../node_modules/.bun/react-dom@19.2.5+3f10a4be4e334a9b/node_modules/react-dom/cjs/react-dom-client.development.js:9167:17
 > dispatchSetState ../../node_modules/.bun/react-dom@19.2.5+3f10a4be4e334a9b/node_modules/react-dom/cjs/react-dom-client.development.js:9127:6
 > Transitioner.router.startTransition ../../node_modules/.bun/@tanstack+react-router@1.168.25+21ccd8898788a04d/node_modules/@tanstack/react-router/dist/esm/Transitioner.js:23:2
 > ../../node_modules/.bun/@tanstack+router-core@1.168.17/node_modules/@tanstack/router-core/dist/esm/router.js:526:9
 > RouterCore.load ../../node_modules/.bun/@tanstack+router-core@1.168.17/node_modules/@tanstack/router-core/dist/esm/router.js:525:17
 > RouterCore.commitLocation ../../node_modules/.bun/@tanstack+router-core@1.168.17/node_modules/@tanstack/router-core/dist/esm/router.js:387:40
 > RouterCore.buildAndCommitLocation ../../node_modules/.bun/@tanstack+router-core@1.168.17/node_modules/@tanstack/router-core/dist/esm/router.js:433:30

10:30:17 AM [vite] (client) [Unhandled rejection] Error: Maximum update depth exceeded. This can happen when a component repeatedly calls setState inside componentWillUpdate or componentDidUpdate. React limits the number of nested updates to prevent infinite loops.
 > getRootForUpdatedFiber ../../node_modules/.bun/react-dom@19.2.5+3f10a4be4e334a9b/node_modules/react-dom/cjs/react-dom-client.development.js:4624:10
 > enqueueConcurrentHookUpdate ../../node_modules/.bun/react-dom@19.2.5+3f10a4be4e334a9b/node_modules/react-dom/cjs/react-dom-client.development.js:4584:13
 > dispatchSetStateInternal ../../node_modules/.bun/react-dom@19.2.5+3f10a4be4e334a9b/node_modules/react-dom/cjs/react-dom-client.development.js:9167:17
 > dispatchSetState ../../node_modules/.bun/react-dom@19.2.5+3f10a4be4e334a9b/node_modules/react-dom/cjs/react-dom-client.development.js:9127:6
 > Transitioner.router.startTransition ../../node_modules/.bun/@tanstack+react-router@1.168.25+21ccd8898788a04d/node_modules/@tanstack/react-router/dist/esm/Transitioner.js:23:2
 > ../../node_modules/.bun/@tanstack+router-core@1.168.17/node_modules/@tanstack/router-core/dist/esm/router.js:526:9
 > RouterCore.load ../../node_modules/.bun/@tanstack+router-core@1.168.17/node_modules/@tanstack/router-core/dist/esm/router.js:525:17
 > RouterCore.commitLocation ../../node_modules/.bun/@tanstack+router-core@1.168.17/node_modules/@tanstack/router-core/dist/esm/router.js:387:40
 > RouterCore.buildAndCommitLocation ../../node_modules/.bun/@tanstack+router-core@1.168.17/node_modules/@tanstack/router-core/dist/esm/router.js:433:30

10:30:17 AM [vite] (client) [Unhandled rejection] Error: Maximum update depth exceeded. This can happen when a component repeatedly calls setState inside componentWillUpdate or componentDidUpdate. React limits the number of nested updates to prevent infinite loops.
 > getRootForUpdatedFiber ../../node_modules/.bun/react-dom@19.2.5+3f10a4be4e334a9b/node_modules/react-dom/cjs/react-dom-client.development.js:4624:10
 > enqueueConcurrentHookUpdate ../../node_modules/.bun/react-dom@19.2.5+3f10a4be4e334a9b/node_modules/react-dom/cjs/react-dom-client.development.js:4584:13
 > dispatchSetStateInternal ../../node_modules/.bun/react-dom@19.2.5+3f10a4be4e334a9b/node_modules/react-dom/cjs/react-dom-client.development.js:9167:17
 > dispatchSetState ../../node_modules/.bun/react-dom@19.2.5+3f10a4be4e334a9b/node_modules/react-dom/cjs/react-dom-client.development.js:9127:6
 > Transitioner.router.startTransition ../../node_modules/.bun/@tanstack+react-router@1.168.25+21ccd8898788a04d/node_modules/@tanstack/react-router/dist/esm/Transitioner.js:23:2
 > ../../node_modules/.bun/@tanstack+router-core@1.168.17/node_modules/@tanstack/router-core/dist/esm/router.js:526:9
 > RouterCore.load ../../node_modules/.bun/@tanstack+router-core@1.168.17/node_modules/@tanstack/router-core/dist/esm/router.js:525:17
 > RouterCore.commitLocation ../../node_modules/.bun/@tanstack+router-core@1.168.17/node_modules/@tanstack/router-core/dist/esm/router.js:387:40
 > RouterCore.buildAndCommitLocation ../../node_modules/.bun/@tanstack+router-core@1.168.17/node_modules/@tanstack/router-core/dist/esm/router.js:433:30

10:30:17 AM [vite] (client) [Unhandled rejection] Error: Maximum update depth exceeded. This can happen when a component repeatedly calls setState inside componentWillUpdate or componentDidUpdate. React limits the number of nested updates to prevent infinite loops.
 > getRootForUpdatedFiber ../../node_modules/.bun/react-dom@19.2.5+3f10a4be4e334a9b/node_modules/react-dom/cjs/react-dom-client.development.js:4624:10
 > enqueueConcurrentHookUpdate ../../node_modules/.bun/react-dom@19.2.5+3f10a4be4e334a9b/node_modules/react-dom/cjs/react-dom-client.development.js:4584:13
 > dispatchSetStateInternal ../../node_modules/.bun/react-dom@19.2.5+3f10a4be4e334a9b/node_modules/react-dom/cjs/react-dom-client.development.js:9167:17
 > dispatchSetState ../../node_modules/.bun/react-dom@19.2.5+3f10a4be4e334a9b/node_modules/react-dom/cjs/react-dom-client.development.js:9127:6
 > Transitioner.router.startTransition ../../node_modules/.bun/@tanstack+react-router@1.168.25+21ccd8898788a04d/node_modules/@tanstack/react-router/dist/esm/Transitioner.js:23:2
 > ../../node_modules/.bun/@tanstack+router-core@1.168.17/node_modules/@tanstack/router-core/dist/esm/router.js:526:9
 > RouterCore.load ../../node_modules/.bun/@tanstack+router-core@1.168.17/node_modules/@tanstack/router-core/dist/esm/router.js:525:17
 > RouterCore.commitLocation ../../node_modules/.bun/@tanstack+router-core@1.168.17/node_modules/@tanstack/router-core/dist/esm/router.js:387:40
 > RouterCore.buildAndCommitLocation ../../node_modules/.bun/@tanstack+router-core@1.168.17/node_modules/@tanstack/router-core/dist/esm/router.js:433:30

10:30:17 AM [vite] (client) [Unhandled rejection] Error: Maximum update depth exceeded. This can happen when a component repeatedly calls setState inside componentWillUpdate or componentDidUpdate. React limits the number of nested updates to prevent infinite loops.
 > getRootForUpdatedFiber ../../node_modules/.bun/react-dom@19.2.5+3f10a4be4e334a9b/node_modules/react-dom/cjs/react-dom-client.development.js:4624:10
 > enqueueConcurrentHookUpdate ../../node_modules/.bun/react-dom@19.2.5+3f10a4be4e334a9b/node_modules/react-dom/cjs/react-dom-client.development.js:4584:13
 > dispatchSetStateInternal ../../node_modules/.bun/react-dom@19.2.5+3f10a4be4e334a9b/node_modules/react-dom/cjs/react-dom-client.development.js:9167:17
 > dispatchSetState ../../node_modules/.bun/react-dom@19.2.5+3f10a4be4e334a9b/node_modules/react-dom/cjs/react-dom-client.development.js:9127:6
 > Transitioner.router.startTransition ../../node_modules/.bun/@tanstack+react-router@1.168.25+21ccd8898788a04d/node_modules/@tanstack/react-router/dist/esm/Transitioner.js:23:2
 > ../../node_modules/.bun/@tanstack+router-core@1.168.17/node_modules/@tanstack/router-core/dist/esm/router.js:526:9
 > RouterCore.load ../../node_modules/.bun/@tanstack+router-core@1.168.17/node_modules/@tanstack/router-core/dist/esm/router.js:525:17
 > RouterCore.commitLocation ../../node_modules/.bun/@tanstack+router-core@1.168.17/node_modules/@tanstack/router-core/dist/esm/router.js:387:40
 > RouterCore.buildAndCommitLocation ../../node_modules/.bun/@tanstack+router-core@1.168.17/node_modules/@tanstack/router-core/dist/esm/router.js:433:30

10:30:17 AM [vite] (client) [Unhandled rejection] Error: Maximum update depth exceeded. This can happen when a component repeatedly calls setState inside componentWillUpdate or componentDidUpdate. React limits the number of nested updates to prevent infinite loops.
 > getRootForUpdatedFiber ../../node_modules/.bun/react-dom@19.2.5+3f10a4be4e334a9b/node_modules/react-dom/cjs/react-dom-client.development.js:4624:10
 > enqueueConcurrentHookUpdate ../../node_modules/.bun/react-dom@19.2.5+3f10a4be4e334a9b/node_modules/react-dom/cjs/react-dom-client.development.js:4584:13
 > dispatchSetStateInternal ../../node_modules/.bun/react-dom@19.2.5+3f10a4be4e334a9b/node_modules/react-dom/cjs/react-dom-client.development.js:9167:17
 > dispatchSetState ../../node_modules/.bun/react-dom@19.2.5+3f10a4be4e334a9b/node_modules/react-dom/cjs/react-dom-client.development.js:9127:6
 > Transitioner.router.startTransition ../../node_modules/.bun/@tanstack+react-router@1.168.25+21ccd8898788a04d/node_modules/@tanstack/react-router/dist/esm/Transitioner.js:23:2
 > ../../node_modules/.bun/@tanstack+router-core@1.168.17/node_modules/@tanstack/router-core/dist/esm/router.js:526:9
 > RouterCore.load ../../node_modules/.bun/@tanstack+router-core@1.168.17/node_modules/@tanstack/router-core/dist/esm/router.js:525:17
 > RouterCore.commitLocation ../../node_modules/.bun/@tanstack+router-core@1.168.17/node_modules/@tanstack/router-core/dist/esm/router.js:387:40
 > RouterCore.buildAndCommitLocation ../../node_modules/.bun/@tanstack+router-core@1.168.17/node_modules/@tanstack/router-core/dist/esm/router.js:433:30

10:30:17 AM [vite] (client) [Unhandled rejection] Error: Maximum update depth exceeded. This can happen when a component repeatedly calls setState inside componentWillUpdate or componentDidUpdate. React limits the number of nested updates to prevent infinite loops.
 > getRootForUpdatedFiber ../../node_modules/.bun/react-dom@19.2.5+3f10a4be4e334a9b/node_modules/react-dom/cjs/react-dom-client.development.js:4624:10
 > enqueueConcurrentHookUpdate ../../node_modules/.bun/react-dom@19.2.5+3f10a4be4e334a9b/node_modules/react-dom/cjs/react-dom-client.development.js:4584:13
 > dispatchSetStateInternal ../../node_modules/.bun/react-dom@19.2.5+3f10a4be4e334a9b/node_modules/react-dom/cjs/react-dom-client.development.js:9167:17
 > dispatchSetState ../../node_modules/.bun/react-dom@19.2.5+3f10a4be4e334a9b/node_modules/react-dom/cjs/react-dom-client.development.js:9127:6
 > Transitioner.router.startTransition ../../node_modules/.bun/@tanstack+react-router@1.168.25+21ccd8898788a04d/node_modules/@tanstack/react-router/dist/esm/Transitioner.js:23:2
 > ../../node_modules/.bun/@tanstack+router-core@1.168.17/node_modules/@tanstack/router-core/dist/esm/router.js:526:9
 > RouterCore.load ../../node_modules/.bun/@tanstack+router-core@1.168.17/node_modules/@tanstack/router-core/dist/esm/router.js:525:17
 > RouterCore.commitLocation ../../node_modules/.bun/@tanstack+router-core@1.168.17/node_modules/@tanstack/router-core/dist/esm/router.js:387:40
 > RouterCore.buildAndCommitLocation ../../node_modules/.bun/@tanstack+router-core@1.168.17/node_modules/@tanstack/router-core/dist/esm/router.js:433:30

10:30:17 AM [vite] (client) [Unhandled rejection] Error: Maximum update depth exceeded. This can happen when a component repeatedly calls setState inside componentWillUpdate or componentDidUpdate. React limits the number of nested updates to prevent infinite loops.
 > getRootForUpdatedFiber ../../node_modules/.bun/react-dom@19.2.5+3f10a4be4e334a9b/node_modules/react-dom/cjs/react-dom-client.development.js:4624:10
 > enqueueConcurrentHookUpdate ../../node_modules/.bun/react-dom@19.2.5+3f10a4be4e334a9b/node_modules/react-dom/cjs/react-dom-client.development.js:4584:13
 > dispatchSetStateInternal ../../node_modules/.bun/react-dom@19.2.5+3f10a4be4e334a9b/node_modules/react-dom/cjs/react-dom-client.development.js:9167:17
 > dispatchSetState ../../node_modules/.bun/react-dom@19.2.5+3f10a4be4e334a9b/node_modules/react-dom/cjs/react-dom-client.development.js:9127:6
 > Transitioner.router.startTransition ../../node_modules/.bun/@tanstack+react-router@1.168.25+21ccd8898788a04d/node_modules/@tanstack/react-router/dist/esm/Transitioner.js:23:2
 > ../../node_modules/.bun/@tanstack+router-core@1.168.17/node_modules/@tanstack/router-core/dist/esm/router.js:526:9
 > RouterCore.load ../../node_modules/.bun/@tanstack+router-core@1.168.17/node_modules/@tanstack/router-core/dist/esm/router.js:525:17
 > RouterCore.commitLocation ../../node_modules/.bun/@tanstack+router-core@1.168.17/node_modules/@tanstack/router-core/dist/esm/router.js:387:40
 > RouterCore.buildAndCommitLocation ../../node_modules/.bun/@tanstack+router-core@1.168.17/node_modules/@tanstack/router-core/dist/esm/router.js:433:30

10:30:17 AM [vite] (client) [Unhandled rejection] Error: Maximum update depth exceeded. This can happen when a component repeatedly calls setState inside componentWillUpdate or componentDidUpdate. React limits the number of nested updates to prevent infinite loops.
 > getRootForUpdatedFiber ../../node_modules/.bun/react-dom@19.2.5+3f10a4be4e334a9b/node_modules/react-dom/cjs/react-dom-client.development.js:4624:10
 > enqueueConcurrentHookUpdate ../../node_modules/.bun/react-dom@19.2.5+3f10a4be4e334a9b/node_modules/react-dom/cjs/react-dom-client.development.js:4584:13
 > dispatchSetStateInternal ../../node_modules/.bun/react-dom@19.2.5+3f10a4be4e334a9b/node_modules/react-dom/cjs/react-dom-client.development.js:9167:17
 > dispatchSetState ../../node_modules/.bun/react-dom@19.2.5+3f10a4be4e334a9b/node_modules/react-dom/cjs/react-dom-client.development.js:9127:6
 > Transitioner.router.startTransition ../../node_modules/.bun/@tanstack+react-router@1.168.25+21ccd8898788a04d/node_modules/@tanstack/react-router/dist/esm/Transitioner.js:23:2
 > ../../node_modules/.bun/@tanstack+router-core@1.168.17/node_modules/@tanstack/router-core/dist/esm/router.js:526:9
 > RouterCore.load ../../node_modules/.bun/@tanstack+router-core@1.168.17/node_modules/@tanstack/router-core/dist/esm/router.js:525:17
 > RouterCore.commitLocation ../../node_modules/.bun/@tanstack+router-core@1.168.17/node_modules/@tanstack/router-core/dist/esm/router.js:387:40
 > RouterCore.buildAndCommitLocation ../../node_modules/.bun/@tanstack+router-core@1.168.17/node_modules/@tanstack/router-core/dist/esm/router.js:433:30

10:30:17 AM [vite] (client) [Unhandled rejection] Error: Maximum update depth exceeded. This can happen when a component repeatedly calls setState inside componentWillUpdate or componentDidUpdate. React limits the number of nested updates to prevent infinite loops.
 > getRootForUpdatedFiber ../../node_modules/.bun/react-dom@19.2.5+3f10a4be4e334a9b/node_modules/react-dom/cjs/react-dom-client.development.js:4624:10
 > enqueueConcurrentHookUpdate ../../node_modules/.bun/react-dom@19.2.5+3f10a4be4e334a9b/node_modules/react-dom/cjs/react-dom-client.development.js:4584:13
 > dispatchSetStateInternal ../../node_modules/.bun/react-dom@19.2.5+3f10a4be4e334a9b/node_modules/react-dom/cjs/react-dom-client.development.js:9167:17
 > dispatchSetState ../../node_modules/.bun/react-dom@19.2.5+3f10a4be4e334a9b/node_modules/react-dom/cjs/react-dom-client.development.js:9127:6
 > Transitioner.router.startTransition ../../node_modules/.bun/@tanstack+react-router@1.168.25+21ccd8898788a04d/node_modules/@tanstack/react-router/dist/esm/Transitioner.js:23:2
 > ../../node_modules/.bun/@tanstack+router-core@1.168.17/node_modules/@tanstack/router-core/dist/esm/router.js:526:9
 > RouterCore.load ../../node_modules/.bun/@tanstack+router-core@1.168.17/node_modules/@tanstack/router-core/dist/esm/router.js:525:17
 > RouterCore.commitLocation ../../node_modules/.bun/@tanstack+router-core@1.168.17/node_modules/@tanstack/router-core/dist/esm/router.js:387:40
 > RouterCore.buildAndCommitLocation ../../node_modules/.bun/@tanstack+router-core@1.168.17/node_modules/@tanstack/router-core/dist/esm/router.js:433:30

10:30:17 AM [vite] (client) [Unhandled rejection] Error: Maximum update depth exceeded. This can happen when a component repeatedly calls setState inside componentWillUpdate or componentDidUpdate. React limits the number of nested updates to prevent infinite loops.
 > getRootForUpdatedFiber ../../node_modules/.bun/react-dom@19.2.5+3f10a4be4e334a9b/node_modules/react-dom/cjs/react-dom-client.development.js:4624:10
 > enqueueConcurrentHookUpdate ../../node_modules/.bun/react-dom@19.2.5+3f10a4be4e334a9b/node_modules/react-dom/cjs/react-dom-client.development.js:4584:13
 > dispatchSetStateInternal ../../node_modules/.bun/react-dom@19.2.5+3f10a4be4e334a9b/node_modules/react-dom/cjs/react-dom-client.development.js:9167:17
 > dispatchSetState ../../node_modules/.bun/react-dom@19.2.5+3f10a4be4e334a9b/node_modules/react-dom/cjs/react-dom-client.development.js:9127:6
 > Transitioner.router.startTransition ../../node_modules/.bun/@tanstack+react-router@1.168.25+21ccd8898788a04d/node_modules/@tanstack/react-router/dist/esm/Transitioner.js:23:2
 > ../../node_modules/.bun/@tanstack+router-core@1.168.17/node_modules/@tanstack/router-core/dist/esm/router.js:526:9
 > RouterCore.load ../../node_modules/.bun/@tanstack+router-core@1.168.17/node_modules/@tanstack/router-core/dist/esm/router.js:525:17
 > RouterCore.commitLocation ../../node_modules/.bun/@tanstack+router-core@1.168.17/node_modules/@tanstack/router-core/dist/esm/router.js:387:40
 > RouterCore.buildAndCommitLocation ../../node_modules/.bun/@tanstack+router-core@1.168.17/node_modules/@tanstack/router-core/dist/esm/router.js:433:30

10:30:17 AM [vite] (client) [Unhandled rejection] Error: Maximum update depth exceeded. This can happen when a component repeatedly calls setState inside componentWillUpdate or componentDidUpdate. React limits the number of nested updates to prevent infinite loops.
 > getRootForUpdatedFiber ../../node_modules/.bun/react-dom@19.2.5+3f10a4be4e334a9b/node_modules/react-dom/cjs/react-dom-client.development.js:4624:10
 > enqueueConcurrentHookUpdate ../../node_modules/.bun/react-dom@19.2.5+3f10a4be4e334a9b/node_modules/react-dom/cjs/react-dom-client.development.js:4584:13
 > dispatchSetStateInternal ../../node_modules/.bun/react-dom@19.2.5+3f10a4be4e334a9b/node_modules/react-dom/cjs/react-dom-client.development.js:9167:17
 > dispatchSetState ../../node_modules/.bun/react-dom@19.2.5+3f10a4be4e334a9b/node_modules/react-dom/cjs/react-dom-client.development.js:9127:6
 > Transitioner.router.startTransition ../../node_modules/.bun/@tanstack+react-router@1.168.25+21ccd8898788a04d/node_modules/@tanstack/react-router/dist/esm/Transitioner.js:23:2
 > ../../node_modules/.bun/@tanstack+router-core@1.168.17/node_modules/@tanstack/router-core/dist/esm/router.js:526:9
 > RouterCore.load ../../node_modules/.bun/@tanstack+router-core@1.168.17/node_modules/@tanstack/router-core/dist/esm/router.js:525:17
 > RouterCore.commitLocation ../../node_modules/.bun/@tanstack+router-core@1.168.17/node_modules/@tanstack/router-core/dist/esm/router.js:387:40
 > RouterCore.buildAndCommitLocation ../../node_modules/.bun/@tanstack+router-core@1.168.17/node_modules/@tanstack/router-core/dist/esm/router.js:433:30

10:30:17 AM [vite] (client) [Unhandled rejection] Error: Maximum update depth exceeded. This can happen when a component repeatedly calls setState inside componentWillUpdate or componentDidUpdate. React limits the number of nested updates to prevent infinite loops.
 > getRootForUpdatedFiber ../../node_modules/.bun/react-dom@19.2.5+3f10a4be4e334a9b/node_modules/react-dom/cjs/react-dom-client.development.js:4624:10
 > enqueueConcurrentHookUpdate ../../node_modules/.bun/react-dom@19.2.5+3f10a4be4e334a9b/node_modules/react-dom/cjs/react-dom-client.development.js:4584:13
 > dispatchSetStateInternal ../../node_modules/.bun/react-dom@19.2.5+3f10a4be4e334a9b/node_modules/react-dom/cjs/react-dom-client.development.js:9167:17
 > dispatchSetState ../../node_modules/.bun/react-dom@19.2.5+3f10a4be4e334a9b/node_modules/react-dom/cjs/react-dom-client.development.js:9127:6
 > Transitioner.router.startTransition ../../node_modules/.bun/@tanstack+react-router@1.168.25+21ccd8898788a04d/node_modules/@tanstack/react-router/dist/esm/Transitioner.js:23:2
 > ../../node_modules/.bun/@tanstack+router-core@1.168.17/node_modules/@tanstack/router-core/dist/esm/router.js:526:9
 > RouterCore.load ../../node_modules/.bun/@tanstack+router-core@1.168.17/node_modules/@tanstack/router-core/dist/esm/router.js:525:17
 > RouterCore.commitLocation ../../node_modules/.bun/@tanstack+router-core@1.168.17/node_modules/@tanstack/router-core/dist/esm/router.js:387:40
 > RouterCore.buildAndCommitLocation ../../node_modules/.bun/@tanstack+router-core@1.168.17/node_modules/@tanstack/router-core/dist/esm/router.js:433:30

10:30:17 AM [vite] (client) [Unhandled rejection] Error: Maximum update depth exceeded. This can happen when a component repeatedly calls setState inside componentWillUpdate or componentDidUpdate. React limits the number of nested updates to prevent infinite loops.
 > getRootForUpdatedFiber ../../node_modules/.bun/react-dom@19.2.5+3f10a4be4e334a9b/node_modules/react-dom/cjs/react-dom-client.development.js:4624:10
 > enqueueConcurrentHookUpdate ../../node_modules/.bun/react-dom@19.2.5+3f10a4be4e334a9b/node_modules/react-dom/cjs/react-dom-client.development.js:4584:13
 > dispatchSetStateInternal ../../node_modules/.bun/react-dom@19.2.5+3f10a4be4e334a9b/node_modules/react-dom/cjs/react-dom-client.development.js:9167:17
 > dispatchSetState ../../node_modules/.bun/react-dom@19.2.5+3f10a4be4e334a9b/node_modules/react-dom/cjs/react-dom-client.development.js:9127:6
 > Transitioner.router.startTransition ../../node_modules/.bun/@tanstack+react-router@1.168.25+21ccd8898788a04d/node_modules/@tanstack/react-router/dist/esm/Transitioner.js:23:2
 > ../../node_modules/.bun/@tanstack+router-core@1.168.17/node_modules/@tanstack/router-core/dist/esm/router.js:526:9
 > RouterCore.load ../../node_modules/.bun/@tanstack+router-core@1.168.17/node_modules/@tanstack/router-core/dist/esm/router.js:525:17
 > RouterCore.commitLocation ../../node_modules/.bun/@tanstack+router-core@1.168.17/node_modules/@tanstack/router-core/dist/esm/router.js:387:40
 > RouterCore.buildAndCommitLocation ../../node_modules/.bun/@tanstack+router-core@1.168.17/node_modules/@tanstack/router-core/dist/esm/router.js:433:30

10:30:17 AM [vite] (client) [Unhandled rejection] Error: Maximum update depth exceeded. This can happen when a component repeatedly calls setState inside componentWillUpdate or componentDidUpdate. React limits the number of nested updates to prevent infinite loops.
 > getRootForUpdatedFiber ../../node_modules/.bun/react-dom@19.2.5+3f10a4be4e334a9b/node_modules/react-dom/cjs/react-dom-client.development.js:4624:10
 > enqueueConcurrentHookUpdate ../../node_modules/.bun/react-dom@19.2.5+3f10a4be4e334a9b/node_modules/react-dom/cjs/react-dom-client.development.js:4584:13
 > dispatchSetStateInternal ../../node_modules/.bun/react-dom@19.2.5+3f10a4be4e334a9b/node_modules/react-dom/cjs/react-dom-client.development.js:9167:17
 > dispatchSetState ../../node_modules/.bun/react-dom@19.2.5+3f10a4be4e334a9b/node_modules/react-dom/cjs/react-dom-client.development.js:9127:6
 > Transitioner.router.startTransition ../../node_modules/.bun/@tanstack+react-router@1.168.25+21ccd8898788a04d/node_modules/@tanstack/react-router/dist/esm/Transitioner.js:23:2
 > ../../node_modules/.bun/@tanstack+router-core@1.168.17/node_modules/@tanstack/router-core/dist/esm/router.js:526:9
 > RouterCore.load ../../node_modules/.bun/@tanstack+router-core@1.168.17/node_modules/@tanstack/router-core/dist/esm/router.js:525:17
 > RouterCore.commitLocation ../../node_modules/.bun/@tanstack+router-core@1.168.17/node_modules/@tanstack/router-core/dist/esm/router.js:387:40
 > RouterCore.buildAndCommitLocation ../../node_modules/.bun/@tanstack+router-core@1.168.17/node_modules/@tanstack/router-core/dist/esm/router.js:433:30

10:30:17 AM [vite] (client) [Unhandled rejection] Error: Maximum update depth exceeded. This can happen when a component repeatedly calls setState inside componentWillUpdate or componentDidUpdate. React limits the number of nested updates to prevent infinite loops.
 > getRootForUpdatedFiber ../../node_modules/.bun/react-dom@19.2.5+3f10a4be4e334a9b/node_modules/react-dom/cjs/react-dom-client.development.js:4624:10
 > enqueueConcurrentHookUpdate ../../node_modules/.bun/react-dom@19.2.5+3f10a4be4e334a9b/node_modules/react-dom/cjs/react-dom-client.development.js:4584:13
 > dispatchSetStateInternal ../../node_modules/.bun/react-dom@19.2.5+3f10a4be4e334a9b/node_modules/react-dom/cjs/react-dom-client.development.js:9167:17
 > dispatchSetState ../../node_modules/.bun/react-dom@19.2.5+3f10a4be4e334a9b/node_modules/react-dom/cjs/react-dom-client.development.js:9127:6
 > Transitioner.router.startTransition ../../node_modules/.bun/@tanstack+react-router@1.168.25+21ccd8898788a04d/node_modules/@tanstack/react-router/dist/esm/Transitioner.js:23:2
 > ../../node_modules/.bun/@tanstack+router-core@1.168.17/node_modules/@tanstack/router-core/dist/esm/router.js:526:9
 > RouterCore.load ../../node_modules/.bun/@tanstack+router-core@1.168.17/node_modules/@tanstack/router-core/dist/esm/router.js:525:17
 > RouterCore.commitLocation ../../node_modules/.bun/@tanstack+router-core@1.168.17/node_modules/@tanstack/router-core/dist/esm/router.js:387:40
 > RouterCore.buildAndCommitLocation ../../node_modules/.bun/@tanstack+router-core@1.168.17/node_modules/@tanstack/router-core/dist/esm/router.js:433:30

10:30:17 AM [vite] (client) [Unhandled rejection] Error: Maximum update depth exceeded. This can happen when a component repeatedly calls setState inside componentWillUpdate or componentDidUpdate. React limits the number of nested updates to prevent infinite loops.
 > getRootForUpdatedFiber ../../node_modules/.bun/react-dom@19.2.5+3f10a4be4e334a9b/node_modules/react-dom/cjs/react-dom-client.development.js:4624:10
 > enqueueConcurrentHookUpdate ../../node_modules/.bun/react-dom@19.2.5+3f10a4be4e334a9b/node_modules/react-dom/cjs/react-dom-client.development.js:4584:13
 > dispatchSetStateInternal ../../node_modules/.bun/react-dom@19.2.5+3f10a4be4e334a9b/node_modules/react-dom/cjs/react-dom-client.development.js:9167:17
 > dispatchSetState ../../node_modules/.bun/react-dom@19.2.5+3f10a4be4e334a9b/node_modules/react-dom/cjs/react-dom-client.development.js:9127:6
 > Transitioner.router.startTransition ../../node_modules/.bun/@tanstack+react-router@1.168.25+21ccd8898788a04d/node_modules/@tanstack/react-router/dist/esm/Transitioner.js:23:2
 > ../../node_modules/.bun/@tanstack+router-core@1.168.17/node_modules/@tanstack/router-core/dist/esm/router.js:526:9
 > RouterCore.load ../../node_modules/.bun/@tanstack+router-core@1.168.17/node_modules/@tanstack/router-core/dist/esm/router.js:525:17
 > RouterCore.commitLocation ../../node_modules/.bun/@tanstack+router-core@1.168.17/node_modules/@tanstack/router-core/dist/esm/router.js:387:40
 > RouterCore.buildAndCommitLocation ../../node_modules/.bun/@tanstack+router-core@1.168.17/node_modules/@tanstack/router-core/dist/esm/router.js:433:30

10:30:17 AM [vite] (client) [Unhandled rejection] Error: Maximum update depth exceeded. This can happen when a component repeatedly calls setState inside componentWillUpdate or componentDidUpdate. React limits the number of nested updates to prevent infinite loops.
 > getRootForUpdatedFiber ../../node_modules/.bun/react-dom@19.2.5+3f10a4be4e334a9b/node_modules/react-dom/cjs/react-dom-client.development.js:4624:10
 > enqueueConcurrentHookUpdate ../../node_modules/.bun/react-dom@19.2.5+3f10a4be4e334a9b/node_modules/react-dom/cjs/react-dom-client.development.js:4584:13
 > dispatchSetStateInternal ../../node_modules/.bun/react-dom@19.2.5+3f10a4be4e334a9b/node_modules/react-dom/cjs/react-dom-client.development.js:9167:17
 > dispatchSetState ../../node_modules/.bun/react-dom@19.2.5+3f10a4be4e334a9b/node_modules/react-dom/cjs/react-dom-client.development.js:9127:6
 > Transitioner.router.startTransition ../../node_modules/.bun/@tanstack+react-router@1.168.25+21ccd8898788a04d/node_modules/@tanstack/react-router/dist/esm/Transitioner.js:23:2
 > ../../node_modules/.bun/@tanstack+router-core@1.168.17/node_modules/@tanstack/router-core/dist/esm/router.js:526:9
 > RouterCore.load ../../node_modules/.bun/@tanstack+router-core@1.168.17/node_modules/@tanstack/router-core/dist/esm/router.js:525:17
 > RouterCore.commitLocation ../../node_modules/.bun/@tanstack+router-core@1.168.17/node_modules/@tanstack/router-core/dist/esm/router.js:387:40
 > RouterCore.buildAndCommitLocation ../../node_modules/.bun/@tanstack+router-core@1.168.17/node_modules/@tanstack/router-core/dist/esm/router.js:433:30

10:30:17 AM [vite] (client) [Unhandled rejection] Error: Maximum update depth exceeded. This can happen when a component repeatedly calls setState inside componentWillUpdate or componentDidUpdate. React limits the number of nested updates to prevent infinite loops.
 > getRootForUpdatedFiber ../../node_modules/.bun/react-dom@19.2.5+3f10a4be4e334a9b/node_modules/react-dom/cjs/react-dom-client.development.js:4624:10
 > enqueueConcurrentHookUpdate ../../node_modules/.bun/react-dom@19.2.5+3f10a4be4e334a9b/node_modules/react-dom/cjs/react-dom-client.development.js:4584:13
 > dispatchSetStateInternal ../../node_modules/.bun/react-dom@19.2.5+3f10a4be4e334a9b/node_modules/react-dom/cjs/react-dom-client.development.js:9167:17
 > dispatchSetState ../../node_modules/.bun/react-dom@19.2.5+3f10a4be4e334a9b/node_modules/react-dom/cjs/react-dom-client.development.js:9127:6
 > Transitioner.router.startTransition ../../node_modules/.bun/@tanstack+react-router@1.168.25+21ccd8898788a04d/node_modules/@tanstack/react-router/dist/esm/Transitioner.js:23:2
 > ../../node_modules/.bun/@tanstack+router-core@1.168.17/node_modules/@tanstack/router-core/dist/esm/router.js:526:9
 > RouterCore.load ../../node_modules/.bun/@tanstack+router-core@1.168.17/node_modules/@tanstack/router-core/dist/esm/router.js:525:17
 > RouterCore.commitLocation ../../node_modules/.bun/@tanstack+router-core@1.168.17/node_modules/@tanstack/router-core/dist/esm/router.js:387:40
 > RouterCore.buildAndCommitLocation ../../node_modules/.bun/@tanstack+router-core@1.168.17/node_modules/@tanstack/router-core/dist/esm/router.js:433:30

10:30:17 AM [vite] (client) [Unhandled rejection] Error: Maximum update depth exceeded. This can happen when a component repeatedly calls setState inside componentWillUpdate or componentDidUpdate. React limits the number of nested updates to prevent infinite loops.
 > getRootForUpdatedFiber ../../node_modules/.bun/react-dom@19.2.5+3f10a4be4e334a9b/node_modules/react-dom/cjs/react-dom-client.development.js:4624:10
 > enqueueConcurrentHookUpdate ../../node_modules/.bun/react-dom@19.2.5+3f10a4be4e334a9b/node_modules/react-dom/cjs/react-dom-client.development.js:4584:13
 > dispatchSetStateInternal ../../node_modules/.bun/react-dom@19.2.5+3f10a4be4e334a9b/node_modules/react-dom/cjs/react-dom-client.development.js:9167:17
 > dispatchSetState ../../node_modules/.bun/react-dom@19.2.5+3f10a4be4e334a9b/node_modules/react-dom/cjs/react-dom-client.development.js:9127:6
 > Transitioner.router.startTransition ../../node_modules/.bun/@tanstack+react-router@1.168.25+21ccd8898788a04d/node_modules/@tanstack/react-router/dist/esm/Transitioner.js:23:2
 > ../../node_modules/.bun/@tanstack+router-core@1.168.17/node_modules/@tanstack/router-core/dist/esm/router.js:526:9
 > RouterCore.load ../../node_modules/.bun/@tanstack+router-core@1.168.17/node_modules/@tanstack/router-core/dist/esm/router.js:525:17
 > RouterCore.commitLocation ../../node_modules/.bun/@tanstack+router-core@1.168.17/node_modules/@tanstack/router-core/dist/esm/router.js:387:40
 > RouterCore.buildAndCommitLocation ../../node_modules/.bun/@tanstack+router-core@1.168.17/node_modules/@tanstack/router-core/dist/esm/router.js:433:30

10:30:17 AM [vite] (client) [Unhandled rejection] Error: Maximum update depth exceeded. This can happen when a component repeatedly calls setState inside componentWillUpdate or componentDidUpdate. React limits the number of nested updates to prevent infinite loops.
 > getRootForUpdatedFiber ../../node_modules/.bun/react-dom@19.2.5+3f10a4be4e334a9b/node_modules/react-dom/cjs/react-dom-client.development.js:4624:10
 > enqueueConcurrentHookUpdate ../../node_modules/.bun/react-dom@19.2.5+3f10a4be4e334a9b/node_modules/react-dom/cjs/react-dom-client.development.js:4584:13
 > dispatchSetStateInternal ../../node_modules/.bun/react-dom@19.2.5+3f10a4be4e334a9b/node_modules/react-dom/cjs/react-dom-client.development.js:9167:17
 > dispatchSetState ../../node_modules/.bun/react-dom@19.2.5+3f10a4be4e334a9b/node_modules/react-dom/cjs/react-dom-client.development.js:9127:6
 > Transitioner.router.startTransition ../../node_modules/.bun/@tanstack+react-router@1.168.25+21ccd8898788a04d/node_modules/@tanstack/react-router/dist/esm/Transitioner.js:23:2
 > ../../node_modules/.bun/@tanstack+router-core@1.168.17/node_modules/@tanstack/router-core/dist/esm/router.js:526:9
 > RouterCore.load ../../node_modules/.bun/@tanstack+router-core@1.168.17/node_modules/@tanstack/router-core/dist/esm/router.js:525:17
 > RouterCore.commitLocation ../../node_modules/.bun/@tanstack+router-core@1.168.17/node_modules/@tanstack/router-core/dist/esm/router.js:387:40
 > RouterCore.buildAndCommitLocation ../../node_modules/.bun/@tanstack+router-core@1.168.17/node_modules/@tanstack/router-core/dist/esm/router.js:433:30

10:30:17 AM [vite] (client) [Unhandled rejection] Error: Maximum update depth exceeded. This can happen when a component repeatedly calls setState inside componentWillUpdate or componentDidUpdate. React limits the number of nested updates to prevent infinite loops.
 > getRootForUpdatedFiber ../../node_modules/.bun/react-dom@19.2.5+3f10a4be4e334a9b/node_modules/react-dom/cjs/react-dom-client.development.js:4624:10
 > enqueueConcurrentHookUpdate ../../node_modules/.bun/react-dom@19.2.5+3f10a4be4e334a9b/node_modules/react-dom/cjs/react-dom-client.development.js:4584:13
 > dispatchSetStateInternal ../../node_modules/.bun/react-dom@19.2.5+3f10a4be4e334a9b/node_modules/react-dom/cjs/react-dom-client.development.js:9167:17
 > dispatchSetState ../../node_modules/.bun/react-dom@19.2.5+3f10a4be4e334a9b/node_modules/react-dom/cjs/react-dom-client.development.js:9127:6
 > Transitioner.router.startTransition ../../node_modules/.bun/@tanstack+react-router@1.168.25+21ccd8898788a04d/node_modules/@tanstack/react-router/dist/esm/Transitioner.js:23:2
 > ../../node_modules/.bun/@tanstack+router-core@1.168.17/node_modules/@tanstack/router-core/dist/esm/router.js:526:9
 > RouterCore.load ../../node_modules/.bun/@tanstack+router-core@1.168.17/node_modules/@tanstack/router-core/dist/esm/router.js:525:17
 > RouterCore.commitLocation ../../node_modules/.bun/@tanstack+router-core@1.168.17/node_modules/@tanstack/router-core/dist/esm/router.js:387:40
 > RouterCore.buildAndCommitLocation ../../node_modules/.bun/@tanstack+router-core@1.168.17/node_modules/@tanstack/router-core/dist/esm/router.js:433:30

10:30:17 AM [vite] (client) [Unhandled rejection] Error: Maximum update depth exceeded. This can happen when a component repeatedly calls setState inside componentWillUpdate or componentDidUpdate. React limits the number of nested updates to prevent infinite loops.
 > getRootForUpdatedFiber ../../node_modules/.bun/react-dom@19.2.5+3f10a4be4e334a9b/node_modules/react-dom/cjs/react-dom-client.development.js:4624:10
 > enqueueConcurrentHookUpdate ../../node_modules/.bun/react-dom@19.2.5+3f10a4be4e334a9b/node_modules/react-dom/cjs/react-dom-client.development.js:4584:13
 > dispatchSetStateInternal ../../node_modules/.bun/react-dom@19.2.5+3f10a4be4e334a9b/node_modules/react-dom/cjs/react-dom-client.development.js:9167:17
 > dispatchSetState ../../node_modules/.bun/react-dom@19.2.5+3f10a4be4e334a9b/node_modules/react-dom/cjs/react-dom-client.development.js:9127:6
 > Transitioner.router.startTransition ../../node_modules/.bun/@tanstack+react-router@1.168.25+21ccd8898788a04d/node_modules/@tanstack/react-router/dist/esm/Transitioner.js:23:2
 > ../../node_modules/.bun/@tanstack+router-core@1.168.17/node_modules/@tanstack/router-core/dist/esm/router.js:526:9
 > RouterCore.load ../../node_modules/.bun/@tanstack+router-core@1.168.17/node_modules/@tanstack/router-core/dist/esm/router.js:525:17
 > RouterCore.commitLocation ../../node_modules/.bun/@tanstack+router-core@1.168.17/node_modules/@tanstack/router-core/dist/esm/router.js:387:40
 > RouterCore.buildAndCommitLocation ../../node_modules/.bun/@tanstack+router-core@1.168.17/node_modules/@tanstack/router-core/dist/esm/router.js:433:30

10:30:17 AM [vite] (client) [Unhandled rejection] Error: Maximum update depth exceeded. This can happen when a component repeatedly calls setState inside componentWillUpdate or componentDidUpdate. React limits the number of nested updates to prevent infinite loops.
 > getRootForUpdatedFiber ../../node_modules/.bun/react-dom@19.2.5+3f10a4be4e334a9b/node_modules/react-dom/cjs/react-dom-client.development.js:4624:10
 > enqueueConcurrentHookUpdate ../../node_modules/.bun/react-dom@19.2.5+3f10a4be4e334a9b/node_modules/react-dom/cjs/react-dom-client.development.js:4584:13
 > dispatchSetStateInternal ../../node_modules/.bun/react-dom@19.2.5+3f10a4be4e334a9b/node_modules/react-dom/cjs/react-dom-client.development.js:9167:17
 > dispatchSetState ../../node_modules/.bun/react-dom@19.2.5+3f10a4be4e334a9b/node_modules/react-dom/cjs/react-dom-client.development.js:9127:6
 > Transitioner.router.startTransition ../../node_modules/.bun/@tanstack+react-router@1.168.25+21ccd8898788a04d/node_modules/@tanstack/react-router/dist/esm/Transitioner.js:23:2
 > ../../node_modules/.bun/@tanstack+router-core@1.168.17/node_modules/@tanstack/router-core/dist/esm/router.js:526:9
 > RouterCore.load ../../node_modules/.bun/@tanstack+router-core@1.168.17/node_modules/@tanstack/router-core/dist/esm/router.js:525:17
 > RouterCore.commitLocation ../../node_modules/.bun/@tanstack+router-core@1.168.17/node_modules/@tanstack/router-core/dist/esm/router.js:387:40
 > RouterCore.buildAndCommitLocation ../../node_modules/.bun/@tanstack+router-core@1.168.17/node_modules/@tanstack/router-core/dist/esm/router.js:433:30

10:30:17 AM [vite] (client) [Unhandled rejection] Error: Maximum update depth exceeded. This can happen when a component repeatedly calls setState inside componentWillUpdate or componentDidUpdate. React limits the number of nested updates to prevent infinite loops.
 > getRootForUpdatedFiber ../../node_modules/.bun/react-dom@19.2.5+3f10a4be4e334a9b/node_modules/react-dom/cjs/react-dom-client.development.js:4624:10
 > enqueueConcurrentHookUpdate ../../node_modules/.bun/react-dom@19.2.5+3f10a4be4e334a9b/node_modules/react-dom/cjs/react-dom-client.development.js:4584:13
 > dispatchSetStateInternal ../../node_modules/.bun/react-dom@19.2.5+3f10a4be4e334a9b/node_modules/react-dom/cjs/react-dom-client.development.js:9167:17
 > dispatchSetState ../../node_modules/.bun/react-dom@19.2.5+3f10a4be4e334a9b/node_modules/react-dom/cjs/react-dom-client.development.js:9127:6
 > Transitioner.router.startTransition ../../node_modules/.bun/@tanstack+react-router@1.168.25+21ccd8898788a04d/node_modules/@tanstack/react-router/dist/esm/Transitioner.js:23:2
 > ../../node_modules/.bun/@tanstack+router-core@1.168.17/node_modules/@tanstack/router-core/dist/esm/router.js:526:9
 > RouterCore.load ../../node_modules/.bun/@tanstack+router-core@1.168.17/node_modules/@tanstack/router-core/dist/esm/router.js:525:17
 > RouterCore.commitLocation ../../node_modules/.bun/@tanstack+router-core@1.168.17/node_modules/@tanstack/router-core/dist/esm/router.js:387:40
 > RouterCore.buildAndCommitLocation ../../node_modules/.bun/@tanstack+router-core@1.168.17/node_modules/@tanstack/router-core/dist/esm/router.js:433:30

10:30:17 AM [vite] (client) [Unhandled rejection] Error: Maximum update depth exceeded. This can happen when a component repeatedly calls setState inside componentWillUpdate or componentDidUpdate. React limits the number of nested updates to prevent infinite loops.
 > getRootForUpdatedFiber ../../node_modules/.bun/react-dom@19.2.5+3f10a4be4e334a9b/node_modules/react-dom/cjs/react-dom-client.development.js:4624:10
 > enqueueConcurrentHookUpdate ../../node_modules/.bun/react-dom@19.2.5+3f10a4be4e334a9b/node_modules/react-dom/cjs/react-dom-client.development.js:4584:13
 > dispatchSetStateInternal ../../node_modules/.bun/react-dom@19.2.5+3f10a4be4e334a9b/node_modules/react-dom/cjs/react-dom-client.development.js:9167:17
 > dispatchSetState ../../node_modules/.bun/react-dom@19.2.5+3f10a4be4e334a9b/node_modules/react-dom/cjs/react-dom-client.development.js:9127:6
 > Transitioner.router.startTransition ../../node_modules/.bun/@tanstack+react-router@1.168.25+21ccd8898788a04d/node_modules/@tanstack/react-router/dist/esm/Transitioner.js:23:2
 > ../../node_modules/.bun/@tanstack+router-core@1.168.17/node_modules/@tanstack/router-core/dist/esm/router.js:526:9
 > RouterCore.load ../../node_modules/.bun/@tanstack+router-core@1.168.17/node_modules/@tanstack/router-core/dist/esm/router.js:525:17
 > RouterCore.commitLocation ../../node_modules/.bun/@tanstack+router-core@1.168.17/node_modules/@tanstack/router-core/dist/esm/router.js:387:40
 > RouterCore.buildAndCommitLocation ../../node_modules/.bun/@tanstack+router-core@1.168.17/node_modules/@tanstack/router-core/dist/esm/router.js:433:30

10:30:17 AM [vite] (client) [Unhandled rejection] Error: Maximum update depth exceeded. This can happen when a component repeatedly calls setState inside componentWillUpdate or componentDidUpdate. React limits the number of nested updates to prevent infinite loops.
 > getRootForUpdatedFiber ../../node_modules/.bun/react-dom@19.2.5+3f10a4be4e334a9b/node_modules/react-dom/cjs/react-dom-client.development.js:4624:10
 > enqueueConcurrentHookUpdate ../../node_modules/.bun/react-dom@19.2.5+3f10a4be4e334a9b/node_modules/react-dom/cjs/react-dom-client.development.js:4584:13
 > dispatchSetStateInternal ../../node_modules/.bun/react-dom@19.2.5+3f10a4be4e334a9b/node_modules/react-dom/cjs/react-dom-client.development.js:9167:17
 > dispatchSetState ../../node_modules/.bun/react-dom@19.2.5+3f10a4be4e334a9b/node_modules/react-dom/cjs/react-dom-client.development.js:9127:6
 > Transitioner.router.startTransition ../../node_modules/.bun/@tanstack+react-router@1.168.25+21ccd8898788a04d/node_modules/@tanstack/react-router/dist/esm/Transitioner.js:23:2
 > ../../node_modules/.bun/@tanstack+router-core@1.168.17/node_modules/@tanstack/router-core/dist/esm/router.js:526:9
 > RouterCore.load ../../node_modules/.bun/@tanstack+router-core@1.168.17/node_modules/@tanstack/router-core/dist/esm/router.js:525:17
 > RouterCore.commitLocation ../../node_modules/.bun/@tanstack+router-core@1.168.17/node_modules/@tanstack/router-core/dist/esm/router.js:387:40
 > RouterCore.buildAndCommitLocation ../../node_modules/.bun/@tanstack+router-core@1.168.17/node_modules/@tanstack/router-core/dist/esm/router.js:433:30

10:30:17 AM [vite] (client) [Unhandled rejection] Error: Maximum update depth exceeded. This can happen when a component repeatedly calls setState inside componentWillUpdate or componentDidUpdate. React limits the number of nested updates to prevent infinite loops.
 > getRootForUpdatedFiber ../../node_modules/.bun/react-dom@19.2.5+3f10a4be4e334a9b/node_modules/react-dom/cjs/react-dom-client.development.js:4624:10
 > enqueueConcurrentHookUpdate ../../node_modules/.bun/react-dom@19.2.5+3f10a4be4e334a9b/node_modules/react-dom/cjs/react-dom-client.development.js:4584:13
 > dispatchSetStateInternal ../../node_modules/.bun/react-dom@19.2.5+3f10a4be4e334a9b/node_modules/react-dom/cjs/react-dom-client.development.js:9167:17
 > dispatchSetState ../../node_modules/.bun/react-dom@19.2.5+3f10a4be4e334a9b/node_modules/react-dom/cjs/react-dom-client.development.js:9127:6
 > Transitioner.router.startTransition ../../node_modules/.bun/@tanstack+react-router@1.168.25+21ccd8898788a04d/node_modules/@tanstack/react-router/dist/esm/Transitioner.js:23:2
 > ../../node_modules/.bun/@tanstack+router-core@1.168.17/node_modules/@tanstack/router-core/dist/esm/router.js:526:9
 > RouterCore.load ../../node_modules/.bun/@tanstack+router-core@1.168.17/node_modules/@tanstack/router-core/dist/esm/router.js:525:17
 > RouterCore.commitLocation ../../node_modules/.bun/@tanstack+router-core@1.168.17/node_modules/@tanstack/router-core/dist/esm/router.js:387:40
 > RouterCore.buildAndCommitLocation ../../node_modules/.bun/@tanstack+router-core@1.168.17/node_modules/@tanstack/router-core/dist/esm/router.js:433:30

10:30:17 AM [vite] (client) [Unhandled rejection] Error: Maximum update depth exceeded. This can happen when a component repeatedly calls setState inside componentWillUpdate or componentDidUpdate. React limits the number of nested updates to prevent infinite loops.
 > getRootForUpdatedFiber ../../node_modules/.bun/react-dom@19.2.5+3f10a4be4e334a9b/node_modules/react-dom/cjs/react-dom-client.development.js:4624:10
 > enqueueConcurrentHookUpdate ../../node_modules/.bun/react-dom@19.2.5+3f10a4be4e334a9b/node_modules/react-dom/cjs/react-dom-client.development.js:4584:13
 > dispatchSetStateInternal ../../node_modules/.bun/react-dom@19.2.5+3f10a4be4e334a9b/node_modules/react-dom/cjs/react-dom-client.development.js:9167:17
 > dispatchSetState ../../node_modules/.bun/react-dom@19.2.5+3f10a4be4e334a9b/node_modules/react-dom/cjs/react-dom-client.development.js:9127:6
 > Transitioner.router.startTransition ../../node_modules/.bun/@tanstack+react-router@1.168.25+21ccd8898788a04d/node_modules/@tanstack/react-router/dist/esm/Transitioner.js:23:2
 > ../../node_modules/.bun/@tanstack+router-core@1.168.17/node_modules/@tanstack/router-core/dist/esm/router.js:526:9
 > RouterCore.load ../../node_modules/.bun/@tanstack+router-core@1.168.17/node_modules/@tanstack/router-core/dist/esm/router.js:525:17
 > RouterCore.commitLocation ../../node_modules/.bun/@tanstack+router-core@1.168.17/node_modules/@tanstack/router-core/dist/esm/router.js:387:40
 > RouterCore.buildAndCommitLocation ../../node_modules/.bun/@tanstack+router-core@1.168.17/node_modules/@tanstack/router-core/dist/esm/router.js:433:30

10:30:17 AM [vite] (client) [Unhandled rejection] Error: Maximum update depth exceeded. This can happen when a component repeatedly calls setState inside componentWillUpdate or componentDidUpdate. React limits the number of nested updates to prevent infinite loops.
 > getRootForUpdatedFiber ../../node_modules/.bun/react-dom@19.2.5+3f10a4be4e334a9b/node_modules/react-dom/cjs/react-dom-client.development.js:4624:10
 > enqueueConcurrentHookUpdate ../../node_modules/.bun/react-dom@19.2.5+3f10a4be4e334a9b/node_modules/react-dom/cjs/react-dom-client.development.js:4584:13
 > dispatchSetStateInternal ../../node_modules/.bun/react-dom@19.2.5+3f10a4be4e334a9b/node_modules/react-dom/cjs/react-dom-client.development.js:9167:17
 > dispatchSetState ../../node_modules/.bun/react-dom@19.2.5+3f10a4be4e334a9b/node_modules/react-dom/cjs/react-dom-client.development.js:9127:6
 > Transitioner.router.startTransition ../../node_modules/.bun/@tanstack+react-router@1.168.25+21ccd8898788a04d/node_modules/@tanstack/react-router/dist/esm/Transitioner.js:23:2
 > ../../node_modules/.bun/@tanstack+router-core@1.168.17/node_modules/@tanstack/router-core/dist/esm/router.js:526:9
 > RouterCore.load ../../node_modules/.bun/@tanstack+router-core@1.168.17/node_modules/@tanstack/router-core/dist/esm/router.js:525:17
 > RouterCore.commitLocation ../../node_modules/.bun/@tanstack+router-core@1.168.17/node_modules/@tanstack/router-core/dist/esm/router.js:387:40
 > RouterCore.buildAndCommitLocation ../../node_modules/.bun/@tanstack+router-core@1.168.17/node_modules/@tanstack/router-core/dist/esm/router.js:433:30

10:30:17 AM [vite] (client) [Unhandled rejection] Error: Maximum update depth exceeded. This can happen when a component repeatedly calls setState inside componentWillUpdate or componentDidUpdate. React limits the number of nested updates to prevent infinite loops.
 > getRootForUpdatedFiber ../../node_modules/.bun/react-dom@19.2.5+3f10a4be4e334a9b/node_modules/react-dom/cjs/react-dom-client.development.js:4624:10
 > enqueueConcurrentHookUpdate ../../node_modules/.bun/react-dom@19.2.5+3f10a4be4e334a9b/node_modules/react-dom/cjs/react-dom-client.development.js:4584:13
 > dispatchSetStateInternal ../../node_modules/.bun/react-dom@19.2.5+3f10a4be4e334a9b/node_modules/react-dom/cjs/react-dom-client.development.js:9167:17
 > dispatchSetState ../../node_modules/.bun/react-dom@19.2.5+3f10a4be4e334a9b/node_modules/react-dom/cjs/react-dom-client.development.js:9127:6
 > Transitioner.router.startTransition ../../node_modules/.bun/@tanstack+react-router@1.168.25+21ccd8898788a04d/node_modules/@tanstack/react-router/dist/esm/Transitioner.js:23:2
 > ../../node_modules/.bun/@tanstack+router-core@1.168.17/node_modules/@tanstack/router-core/dist/esm/router.js:526:9
 > RouterCore.load ../../node_modules/.bun/@tanstack+router-core@1.168.17/node_modules/@tanstack/router-core/dist/esm/router.js:525:17
 > RouterCore.commitLocation ../../node_modules/.bun/@tanstack+router-core@1.168.17/node_modules/@tanstack/router-core/dist/esm/router.js:387:40
 > RouterCore.buildAndCommitLocation ../../node_modules/.bun/@tanstack+router-core@1.168.17/node_modules/@tanstack/router-core/dist/esm/router.js:433:30

10:30:17 AM [vite] (client) [Unhandled rejection] Error: Maximum update depth exceeded. This can happen when a component repeatedly calls setState inside componentWillUpdate or componentDidUpdate. React limits the number of nested updates to prevent infinite loops.
 > getRootForUpdatedFiber ../../node_modules/.bun/react-dom@19.2.5+3f10a4be4e334a9b/node_modules/react-dom/cjs/react-dom-client.development.js:4624:10
 > enqueueConcurrentHookUpdate ../../node_modules/.bun/react-dom@19.2.5+3f10a4be4e334a9b/node_modules/react-dom/cjs/react-dom-client.development.js:4584:13
 > dispatchSetStateInternal ../../node_modules/.bun/react-dom@19.2.5+3f10a4be4e334a9b/node_modules/react-dom/cjs/react-dom-client.development.js:9167:17
 > dispatchSetState ../../node_modules/.bun/react-dom@19.2.5+3f10a4be4e334a9b/node_modules/react-dom/cjs/react-dom-client.development.js:9127:6
 > Transitioner.router.startTransition ../../node_modules/.bun/@tanstack+react-router@1.168.25+21ccd8898788a04d/node_modules/@tanstack/react-router/dist/esm/Transitioner.js:23:2
 > ../../node_modules/.bun/@tanstack+router-core@1.168.17/node_modules/@tanstack/router-core/dist/esm/router.js:526:9
 > RouterCore.load ../../node_modules/.bun/@tanstack+router-core@1.168.17/node_modules/@tanstack/router-core/dist/esm/router.js:525:17
 > RouterCore.commitLocation ../../node_modules/.bun/@tanstack+router-core@1.168.17/node_modules/@tanstack/router-core/dist/esm/router.js:387:40
 > RouterCore.buildAndCommitLocation ../../node_modules/.bun/@tanstack+router-core@1.168.17/node_modules/@tanstack/router-core/dist/esm/router.js:433:30

10:30:17 AM [vite] (client) [Unhandled rejection] Error: Maximum update depth exceeded. This can happen when a component repeatedly calls setState inside componentWillUpdate or componentDidUpdate. React limits the number of nested updates to prevent infinite loops.
 > getRootForUpdatedFiber ../../node_modules/.bun/react-dom@19.2.5+3f10a4be4e334a9b/node_modules/react-dom/cjs/react-dom-client.development.js:4624:10
 > enqueueConcurrentHookUpdate ../../node_modules/.bun/react-dom@19.2.5+3f10a4be4e334a9b/node_modules/react-dom/cjs/react-dom-client.development.js:4584:13
 > dispatchSetStateInternal ../../node_modules/.bun/react-dom@19.2.5+3f10a4be4e334a9b/node_modules/react-dom/cjs/react-dom-client.development.js:9167:17
 > dispatchSetState ../../node_modules/.bun/react-dom@19.2.5+3f10a4be4e334a9b/node_modules/react-dom/cjs/react-dom-client.development.js:9127:6
 > Transitioner.router.startTransition ../../node_modules/.bun/@tanstack+react-router@1.168.25+21ccd8898788a04d/node_modules/@tanstack/react-router/dist/esm/Transitioner.js:23:2
 > ../../node_modules/.bun/@tanstack+router-core@1.168.17/node_modules/@tanstack/router-core/dist/esm/router.js:526:9
 > RouterCore.load ../../node_modules/.bun/@tanstack+router-core@1.168.17/node_modules/@tanstack/router-core/dist/esm/router.js:525:17
 > RouterCore.commitLocation ../../node_modules/.bun/@tanstack+router-core@1.168.17/node_modules/@tanstack/router-core/dist/esm/router.js:387:40
 > RouterCore.buildAndCommitLocation ../../node_modules/.bun/@tanstack+router-core@1.168.17/node_modules/@tanstack/router-core/dist/esm/router.js:433:30

10:30:17 AM [vite] (client) [Unhandled rejection] Error: Maximum update depth exceeded. This can happen when a component repeatedly calls setState inside componentWillUpdate or componentDidUpdate. React limits the number of nested updates to prevent infinite loops.
 > getRootForUpdatedFiber ../../node_modules/.bun/react-dom@19.2.5+3f10a4be4e334a9b/node_modules/react-dom/cjs/react-dom-client.development.js:4624:10
 > enqueueConcurrentHookUpdate ../../node_modules/.bun/react-dom@19.2.5+3f10a4be4e334a9b/node_modules/react-dom/cjs/react-dom-client.development.js:4584:13
 > dispatchSetStateInternal ../../node_modules/.bun/react-dom@19.2.5+3f10a4be4e334a9b/node_modules/react-dom/cjs/react-dom-client.development.js:9167:17
 > dispatchSetState ../../node_modules/.bun/react-dom@19.2.5+3f10a4be4e334a9b/node_modules/react-dom/cjs/react-dom-client.development.js:9127:6
 > Transitioner.router.startTransition ../../node_modules/.bun/@tanstack+react-router@1.168.25+21ccd8898788a04d/node_modules/@tanstack/react-router/dist/esm/Transitioner.js:23:2
 > ../../node_modules/.bun/@tanstack+router-core@1.168.17/node_modules/@tanstack/router-core/dist/esm/router.js:526:9
 > RouterCore.load ../../node_modules/.bun/@tanstack+router-core@1.168.17/node_modules/@tanstack/router-core/dist/esm/router.js:525:17
 > RouterCore.commitLocation ../../node_modules/.bun/@tanstack+router-core@1.168.17/node_modules/@tanstack/router-core/dist/esm/router.js:387:40
 > RouterCore.buildAndCommitLocation ../../node_modules/.bun/@tanstack+router-core@1.168.17/node_modules/@tanstack/router-core/dist/esm/router.js:433:30

10:30:17 AM [vite] (client) [Unhandled rejection] Error: Maximum update depth exceeded. This can happen when a component repeatedly calls setState inside componentWillUpdate or componentDidUpdate. React limits the number of nested updates to prevent infinite loops.
 > getRootForUpdatedFiber ../../node_modules/.bun/react-dom@19.2.5+3f10a4be4e334a9b/node_modules/react-dom/cjs/react-dom-client.development.js:4624:10
 > enqueueConcurrentHookUpdate ../../node_modules/.bun/react-dom@19.2.5+3f10a4be4e334a9b/node_modules/react-dom/cjs/react-dom-client.development.js:4584:13
 > dispatchSetStateInternal ../../node_modules/.bun/react-dom@19.2.5+3f10a4be4e334a9b/node_modules/react-dom/cjs/react-dom-client.development.js:9167:17
 > dispatchSetState ../../node_modules/.bun/react-dom@19.2.5+3f10a4be4e334a9b/node_modules/react-dom/cjs/react-dom-client.development.js:9127:6
 > Transitioner.router.startTransition ../../node_modules/.bun/@tanstack+react-router@1.168.25+21ccd8898788a04d/node_modules/@tanstack/react-router/dist/esm/Transitioner.js:23:2
 > ../../node_modules/.bun/@tanstack+router-core@1.168.17/node_modules/@tanstack/router-core/dist/esm/router.js:526:9
 > RouterCore.load ../../node_modules/.bun/@tanstack+router-core@1.168.17/node_modules/@tanstack/router-core/dist/esm/router.js:525:17
 > RouterCore.commitLocation ../../node_modules/.bun/@tanstack+router-core@1.168.17/node_modules/@tanstack/router-core/dist/esm/router.js:387:40
 > RouterCore.buildAndCommitLocation ../../node_modules/.bun/@tanstack+router-core@1.168.17/node_modules/@tanstack/router-core/dist/esm/router.js:433:30

10:30:17 AM [vite] (client) [Unhandled rejection] Error: Maximum update depth exceeded. This can happen when a component repeatedly calls setState inside componentWillUpdate or componentDidUpdate. React limits the number of nested updates to prevent infinite loops.
 > getRootForUpdatedFiber ../../node_modules/.bun/react-dom@19.2.5+3f10a4be4e334a9b/node_modules/react-dom/cjs/react-dom-client.development.js:4624:10
 > enqueueConcurrentHookUpdate ../../node_modules/.bun/react-dom@19.2.5+3f10a4be4e334a9b/node_modules/react-dom/cjs/react-dom-client.development.js:4584:13
 > dispatchSetStateInternal ../../node_modules/.bun/react-dom@19.2.5+3f10a4be4e334a9b/node_modules/react-dom/cjs/react-dom-client.development.js:9167:17
 > dispatchSetState ../../node_modules/.bun/react-dom@19.2.5+3f10a4be4e334a9b/node_modules/react-dom/cjs/react-dom-client.development.js:9127:6
 > Transitioner.router.startTransition ../../node_modules/.bun/@tanstack+react-router@1.168.25+21ccd8898788a04d/node_modules/@tanstack/react-router/dist/esm/Transitioner.js:23:2
 > ../../node_modules/.bun/@tanstack+router-core@1.168.17/node_modules/@tanstack/router-core/dist/esm/router.js:526:9
 > RouterCore.load ../../node_modules/.bun/@tanstack+router-core@1.168.17/node_modules/@tanstack/router-core/dist/esm/router.js:525:17
 > RouterCore.commitLocation ../../node_modules/.bun/@tanstack+router-core@1.168.17/node_modules/@tanstack/router-core/dist/esm/router.js:387:40
 > RouterCore.buildAndCommitLocation ../../node_modules/.bun/@tanstack+router-core@1.168.17/node_modules/@tanstack/router-core/dist/esm/router.js:433:30

10:30:17 AM [vite] (client) [Unhandled rejection] Error: Maximum update depth exceeded. This can happen when a component repeatedly calls setState inside componentWillUpdate or componentDidUpdate. React limits the number of nested updates to prevent infinite loops.
 > getRootForUpdatedFiber ../../node_modules/.bun/react-dom@19.2.5+3f10a4be4e334a9b/node_modules/react-dom/cjs/react-dom-client.development.js:4624:10
 > enqueueConcurrentHookUpdate ../../node_modules/.bun/react-dom@19.2.5+3f10a4be4e334a9b/node_modules/react-dom/cjs/react-dom-client.development.js:4584:13
 > dispatchSetStateInternal ../../node_modules/.bun/react-dom@19.2.5+3f10a4be4e334a9b/node_modules/react-dom/cjs/react-dom-client.development.js:9167:17
 > dispatchSetState ../../node_modules/.bun/react-dom@19.2.5+3f10a4be4e334a9b/node_modules/react-dom/cjs/react-dom-client.development.js:9127:6
 > Transitioner.router.startTransition ../../node_modules/.bun/@tanstack+react-router@1.168.25+21ccd8898788a04d/node_modules/@tanstack/react-router/dist/esm/Transitioner.js:23:2
 > ../../node_modules/.bun/@tanstack+router-core@1.168.17/node_modules/@tanstack/router-core/dist/esm/router.js:526:9
 > RouterCore.load ../../node_modules/.bun/@tanstack+router-core@1.168.17/node_modules/@tanstack/router-core/dist/esm/router.js:525:17
 > RouterCore.commitLocation ../../node_modules/.bun/@tanstack+router-core@1.168.17/node_modules/@tanstack/router-core/dist/esm/router.js:387:40
 > RouterCore.buildAndCommitLocation ../../node_modules/.bun/@tanstack+router-core@1.168.17/node_modules/@tanstack/router-core/dist/esm/router.js:433:30

10:30:18 AM [vite] (client) [Unhandled rejection] Error: Maximum update depth exceeded. This can happen when a component repeatedly calls setState inside componentWillUpdate or componentDidUpdate. React limits the number of nested updates to prevent infinite loops.
 > getRootForUpdatedFiber ../../node_modules/.bun/react-dom@19.2.5+3f10a4be4e334a9b/node_modules/react-dom/cjs/react-dom-client.development.js:4624:10
 > enqueueConcurrentHookUpdate ../../node_modules/.bun/react-dom@19.2.5+3f10a4be4e334a9b/node_modules/react-dom/cjs/react-dom-client.development.js:4584:13
 > dispatchSetStateInternal ../../node_modules/.bun/react-dom@19.2.5+3f10a4be4e334a9b/node_modules/react-dom/cjs/react-dom-client.development.js:9167:17
 > dispatchSetState ../../node_modules/.bun/react-dom@19.2.5+3f10a4be4e334a9b/node_modules/react-dom/cjs/react-dom-client.development.js:9127:6
 > Transitioner.router.startTransition ../../node_modules/.bun/@tanstack+react-router@1.168.25+21ccd8898788a04d/node_modules/@tanstack/react-router/dist/esm/Transitioner.js:23:2
 > ../../node_modules/.bun/@tanstack+router-core@1.168.17/node_modules/@tanstack/router-core/dist/esm/router.js:526:9
 > RouterCore.load ../../node_modules/.bun/@tanstack+router-core@1.168.17/node_modules/@tanstack/router-core/dist/esm/router.js:525:17
 > RouterCore.commitLocation ../../node_modules/.bun/@tanstack+router-core@1.168.17/node_modules/@tanstack/router-core/dist/esm/router.js:387:40
 > RouterCore.buildAndCommitLocation ../../node_modules/.bun/@tanstack+router-core@1.168.17/node_modules/@tanstack/router-core/dist/esm/router.js:433:30

10:30:18 AM [vite] (client) [Unhandled rejection] Error: Maximum update depth exceeded. This can happen when a component repeatedly calls setState inside componentWillUpdate or componentDidUpdate. React limits the number of nested updates to prevent infinite loops.
 > getRootForUpdatedFiber ../../node_modules/.bun/react-dom@19.2.5+3f10a4be4e334a9b/node_modules/react-dom/cjs/react-dom-client.development.js:4624:10
 > enqueueConcurrentHookUpdate ../../node_modules/.bun/react-dom@19.2.5+3f10a4be4e334a9b/node_modules/react-dom/cjs/react-dom-client.development.js:4584:13
 > dispatchSetStateInternal ../../node_modules/.bun/react-dom@19.2.5+3f10a4be4e334a9b/node_modules/react-dom/cjs/react-dom-client.development.js:9167:17
 > dispatchSetState ../../node_modules/.bun/react-dom@19.2.5+3f10a4be4e334a9b/node_modules/react-dom/cjs/react-dom-client.development.js:9127:6
 > Transitioner.router.startTransition ../../node_modules/.bun/@tanstack+react-router@1.168.25+21ccd8898788a04d/node_modules/@tanstack/react-router/dist/esm/Transitioner.js:23:2
 > ../../node_modules/.bun/@tanstack+router-core@1.168.17/node_modules/@tanstack/router-core/dist/esm/router.js:526:9
 > RouterCore.load ../../node_modules/.bun/@tanstack+router-core@1.168.17/node_modules/@tanstack/router-core/dist/esm/router.js:525:17
 > RouterCore.commitLocation ../../node_modules/.bun/@tanstack+router-core@1.168.17/node_modules/@tanstack/router-core/dist/esm/router.js:387:40
 > RouterCore.buildAndCommitLocation ../../node_modules/.bun/@tanstack+router-core@1.168.17/node_modules/@tanstack/router-core/dist/esm/router.js:433:30

10:30:18 AM [vite] (client) [Unhandled rejection] Error: Maximum update depth exceeded. This can happen when a component repeatedly calls setState inside componentWillUpdate or componentDidUpdate. React limits the number of nested updates to prevent infinite loops.
 > getRootForUpdatedFiber ../../node_modules/.bun/react-dom@19.2.5+3f10a4be4e334a9b/node_modules/react-dom/cjs/react-dom-client.development.js:4624:10
 > enqueueConcurrentHookUpdate ../../node_modules/.bun/react-dom@19.2.5+3f10a4be4e334a9b/node_modules/react-dom/cjs/react-dom-client.development.js:4584:13
 > dispatchSetStateInternal ../../node_modules/.bun/react-dom@19.2.5+3f10a4be4e334a9b/node_modules/react-dom/cjs/react-dom-client.development.js:9167:17
 > dispatchSetState ../../node_modules/.bun/react-dom@19.2.5+3f10a4be4e334a9b/node_modules/react-dom/cjs/react-dom-client.development.js:9127:6
 > Transitioner.router.startTransition ../../node_modules/.bun/@tanstack+react-router@1.168.25+21ccd8898788a04d/node_modules/@tanstack/react-router/dist/esm/Transitioner.js:23:2
 > ../../node_modules/.bun/@tanstack+router-core@1.168.17/node_modules/@tanstack/router-core/dist/esm/router.js:526:9
 > RouterCore.load ../../node_modules/.bun/@tanstack+router-core@1.168.17/node_modules/@tanstack/router-core/dist/esm/router.js:525:17
 > RouterCore.commitLocation ../../node_modules/.bun/@tanstack+router-core@1.168.17/node_modules/@tanstack/router-core/dist/esm/router.js:387:40
 > RouterCore.buildAndCommitLocation ../../node_modules/.bun/@tanstack+router-core@1.168.17/node_modules/@tanstack/router-core/dist/esm/router.js:433:30

10:30:18 AM [vite] (client) [Unhandled rejection] Error: Maximum update depth exceeded. This can happen when a component repeatedly calls setState inside componentWillUpdate or componentDidUpdate. React limits the number of nested updates to prevent infinite loops.
 > getRootForUpdatedFiber ../../node_modules/.bun/react-dom@19.2.5+3f10a4be4e334a9b/node_modules/react-dom/cjs/react-dom-client.development.js:4624:10
 > enqueueConcurrentHookUpdate ../../node_modules/.bun/react-dom@19.2.5+3f10a4be4e334a9b/node_modules/react-dom/cjs/react-dom-client.development.js:4584:13
 > dispatchSetStateInternal ../../node_modules/.bun/react-dom@19.2.5+3f10a4be4e334a9b/node_modules/react-dom/cjs/react-dom-client.development.js:9167:17
 > dispatchSetState ../../node_modules/.bun/react-dom@19.2.5+3f10a4be4e334a9b/node_modules/react-dom/cjs/react-dom-client.development.js:9127:6
 > Transitioner.router.startTransition ../../node_modules/.bun/@tanstack+react-router@1.168.25+21ccd8898788a04d/node_modules/@tanstack/react-router/dist/esm/Transitioner.js:23:2
 > ../../node_modules/.bun/@tanstack+router-core@1.168.17/node_modules/@tanstack/router-core/dist/esm/router.js:526:9
 > RouterCore.load ../../node_modules/.bun/@tanstack+router-core@1.168.17/node_modules/@tanstack/router-core/dist/esm/router.js:525:17
 > RouterCore.commitLocation ../../node_modules/.bun/@tanstack+router-core@1.168.17/node_modules/@tanstack/router-core/dist/esm/router.js:387:40
 > RouterCore.buildAndCommitLocation ../../node_modules/.bun/@tanstack+router-core@1.168.17/node_modules/@tanstack/router-core/dist/esm/router.js:433:30

10:30:18 AM [vite] (client) [Unhandled rejection] Error: Maximum update depth exceeded. This can happen when a component repeatedly calls setState inside componentWillUpdate or componentDidUpdate. React limits the number of nested updates to prevent infinite loops.
 > getRootForUpdatedFiber ../../node_modules/.bun/react-dom@19.2.5+3f10a4be4e334a9b/node_modules/react-dom/cjs/react-dom-client.development.js:4624:10
 > enqueueConcurrentHookUpdate ../../node_modules/.bun/react-dom@19.2.5+3f10a4be4e334a9b/node_modules/react-dom/cjs/react-dom-client.development.js:4584:13
 > dispatchSetStateInternal ../../node_modules/.bun/react-dom@19.2.5+3f10a4be4e334a9b/node_modules/react-dom/cjs/react-dom-client.development.js:9167:17
 > dispatchSetState ../../node_modules/.bun/react-dom@19.2.5+3f10a4be4e334a9b/node_modules/react-dom/cjs/react-dom-client.development.js:9127:6
 > Transitioner.router.startTransition ../../node_modules/.bun/@tanstack+react-router@1.168.25+21ccd8898788a04d/node_modules/@tanstack/react-router/dist/esm/Transitioner.js:23:2
 > ../../node_modules/.bun/@tanstack+router-core@1.168.17/node_modules/@tanstack/router-core/dist/esm/router.js:526:9
 > RouterCore.load ../../node_modules/.bun/@tanstack+router-core@1.168.17/node_modules/@tanstack/router-core/dist/esm/router.js:525:17
 > RouterCore.commitLocation ../../node_modules/.bun/@tanstack+router-core@1.168.17/node_modules/@tanstack/router-core/dist/esm/router.js:387:40
 > RouterCore.buildAndCommitLocation ../../node_modules/.bun/@tanstack+router-core@1.168.17/node_modules/@tanstack/router-core/dist/esm/router.js:433:30

10:30:18 AM [vite] (client) [Unhandled rejection] Error: Maximum update depth exceeded. This can happen when a component repeatedly calls setState inside componentWillUpdate or componentDidUpdate. React limits the number of nested updates to prevent infinite loops.
 > getRootForUpdatedFiber ../../node_modules/.bun/react-dom@19.2.5+3f10a4be4e334a9b/node_modules/react-dom/cjs/react-dom-client.development.js:4624:10
 > enqueueConcurrentHookUpdate ../../node_modules/.bun/react-dom@19.2.5+3f10a4be4e334a9b/node_modules/react-dom/cjs/react-dom-client.development.js:4584:13
 > dispatchSetStateInternal ../../node_modules/.bun/react-dom@19.2.5+3f10a4be4e334a9b/node_modules/react-dom/cjs/react-dom-client.development.js:9167:17
 > dispatchSetState ../../node_modules/.bun/react-dom@19.2.5+3f10a4be4e334a9b/node_modules/react-dom/cjs/react-dom-client.development.js:9127:6
 > Transitioner.router.startTransition ../../node_modules/.bun/@tanstack+react-router@1.168.25+21ccd8898788a04d/node_modules/@tanstack/react-router/dist/esm/Transitioner.js:23:2
 > ../../node_modules/.bun/@tanstack+router-core@1.168.17/node_modules/@tanstack/router-core/dist/esm/router.js:526:9
 > RouterCore.load ../../node_modules/.bun/@tanstack+router-core@1.168.17/node_modules/@tanstack/router-core/dist/esm/router.js:525:17
 > RouterCore.commitLocation ../../node_modules/.bun/@tanstack+router-core@1.168.17/node_modules/@tanstack/router-core/dist/esm/router.js:387:40
 > RouterCore.buildAndCommitLocation ../../node_modules/.bun/@tanstack+router-core@1.168.17/node_modules/@tanstack/router-core/dist/esm/router.js:433:30

10:30:18 AM [vite] (client) [Unhandled rejection] Error: Maximum update depth exceeded. This can happen when a component repeatedly calls setState inside componentWillUpdate or componentDidUpdate. React limits the number of nested updates to prevent infinite loops.
 > getRootForUpdatedFiber ../../node_modules/.bun/react-dom@19.2.5+3f10a4be4e334a9b/node_modules/react-dom/cjs/react-dom-client.development.js:4624:10
 > enqueueConcurrentHookUpdate ../../node_modules/.bun/react-dom@19.2.5+3f10a4be4e334a9b/node_modules/react-dom/cjs/react-dom-client.development.js:4584:13
 > dispatchSetStateInternal ../../node_modules/.bun/react-dom@19.2.5+3f10a4be4e334a9b/node_modules/react-dom/cjs/react-dom-client.development.js:9167:17
 > dispatchSetState ../../node_modules/.bun/react-dom@19.2.5+3f10a4be4e334a9b/node_modules/react-dom/cjs/react-dom-client.development.js:9127:6
 > Transitioner.router.startTransition ../../node_modules/.bun/@tanstack+react-router@1.168.25+21ccd8898788a04d/node_modules/@tanstack/react-router/dist/esm/Transitioner.js:23:2
 > ../../node_modules/.bun/@tanstack+router-core@1.168.17/node_modules/@tanstack/router-core/dist/esm/router.js:526:9
 > RouterCore.load ../../node_modules/.bun/@tanstack+router-core@1.168.17/node_modules/@tanstack/router-core/dist/esm/router.js:525:17
 > RouterCore.commitLocation ../../node_modules/.bun/@tanstack+router-core@1.168.17/node_modules/@tanstack/router-core/dist/esm/router.js:387:40
 > RouterCore.buildAndCommitLocation ../../node_modules/.bun/@tanstack+router-core@1.168.17/node_modules/@tanstack/router-core/dist/esm/router.js:433:30

10:30:18 AM [vite] (client) [Unhandled rejection] Error: Maximum update depth exceeded. This can happen when a component repeatedly calls setState inside componentWillUpdate or componentDidUpdate. React limits the number of nested updates to prevent infinite loops.
 > getRootForUpdatedFiber ../../node_modules/.bun/react-dom@19.2.5+3f10a4be4e334a9b/node_modules/react-dom/cjs/react-dom-client.development.js:4624:10
 > enqueueConcurrentHookUpdate ../../node_modules/.bun/react-dom@19.2.5+3f10a4be4e334a9b/node_modules/react-dom/cjs/react-dom-client.development.js:4584:13
 > dispatchSetStateInternal ../../node_modules/.bun/react-dom@19.2.5+3f10a4be4e334a9b/node_modules/react-dom/cjs/react-dom-client.development.js:9167:17
 > dispatchSetState ../../node_modules/.bun/react-dom@19.2.5+3f10a4be4e334a9b/node_modules/react-dom/cjs/react-dom-client.development.js:9127:6
 > Transitioner.router.startTransition ../../node_modules/.bun/@tanstack+react-router@1.168.25+21ccd8898788a04d/node_modules/@tanstack/react-router/dist/esm/Transitioner.js:23:2
 > ../../node_modules/.bun/@tanstack+router-core@1.168.17/node_modules/@tanstack/router-core/dist/esm/router.js:526:9
 > RouterCore.load ../../node_modules/.bun/@tanstack+router-core@1.168.17/node_modules/@tanstack/router-core/dist/esm/router.js:525:17
 > RouterCore.commitLocation ../../node_modules/.bun/@tanstack+router-core@1.168.17/node_modules/@tanstack/router-core/dist/esm/router.js:387:40
 > RouterCore.buildAndCommitLocation ../../node_modules/.bun/@tanstack+router-core@1.168.17/node_modules/@tanstack/router-core/dist/esm/router.js:433:30

10:30:18 AM [vite] (client) [Unhandled rejection] Error: Maximum update depth exceeded. This can happen when a component repeatedly calls setState inside componentWillUpdate or componentDidUpdate. React limits the number of nested updates to prevent infinite loops.
 > getRootForUpdatedFiber ../../node_modules/.bun/react-dom@19.2.5+3f10a4be4e334a9b/node_modules/react-dom/cjs/react-dom-client.development.js:4624:10
 > enqueueConcurrentHookUpdate ../../node_modules/.bun/react-dom@19.2.5+3f10a4be4e334a9b/node_modules/react-dom/cjs/react-dom-client.development.js:4584:13
 > dispatchSetStateInternal ../../node_modules/.bun/react-dom@19.2.5+3f10a4be4e334a9b/node_modules/react-dom/cjs/react-dom-client.development.js:9167:17
 > dispatchSetState ../../node_modules/.bun/react-dom@19.2.5+3f10a4be4e334a9b/node_modules/react-dom/cjs/react-dom-client.development.js:9127:6
 > Transitioner.router.startTransition ../../node_modules/.bun/@tanstack+react-router@1.168.25+21ccd8898788a04d/node_modules/@tanstack/react-router/dist/esm/Transitioner.js:23:2
 > ../../node_modules/.bun/@tanstack+router-core@1.168.17/node_modules/@tanstack/router-core/dist/esm/router.js:526:9
 > RouterCore.load ../../node_modules/.bun/@tanstack+router-core@1.168.17/node_modules/@tanstack/router-core/dist/esm/router.js:525:17
 > RouterCore.commitLocation ../../node_modules/.bun/@tanstack+router-core@1.168.17/node_modules/@tanstack/router-core/dist/esm/router.js:387:40
 > RouterCore.buildAndCommitLocation ../../node_modules/.bun/@tanstack+router-core@1.168.17/node_modules/@tanstack/router-core/dist/esm/router.js:433:30

10:30:18 AM [vite] (client) [Unhandled rejection] Error: Maximum update depth exceeded. This can happen when a component repeatedly calls setState inside componentWillUpdate or componentDidUpdate. React limits the number of nested updates to prevent infinite loops.
 > getRootForUpdatedFiber ../../node_modules/.bun/react-dom@19.2.5+3f10a4be4e334a9b/node_modules/react-dom/cjs/react-dom-client.development.js:4624:10
 > enqueueConcurrentHookUpdate ../../node_modules/.bun/react-dom@19.2.5+3f10a4be4e334a9b/node_modules/react-dom/cjs/react-dom-client.development.js:4584:13
 > dispatchSetStateInternal ../../node_modules/.bun/react-dom@19.2.5+3f10a4be4e334a9b/node_modules/react-dom/cjs/react-dom-client.development.js:9167:17
 > dispatchSetState ../../node_modules/.bun/react-dom@19.2.5+3f10a4be4e334a9b/node_modules/react-dom/cjs/react-dom-client.development.js:9127:6
 > Transitioner.router.startTransition ../../node_modules/.bun/@tanstack+react-router@1.168.25+21ccd8898788a04d/node_modules/@tanstack/react-router/dist/esm/Transitioner.js:23:2
 > ../../node_modules/.bun/@tanstack+router-core@1.168.17/node_modules/@tanstack/router-core/dist/esm/router.js:526:9
 > RouterCore.load ../../node_modules/.bun/@tanstack+router-core@1.168.17/node_modules/@tanstack/router-core/dist/esm/router.js:525:17
 > RouterCore.commitLocation ../../node_modules/.bun/@tanstack+router-core@1.168.17/node_modules/@tanstack/router-core/dist/esm/router.js:387:40
 > RouterCore.buildAndCommitLocation ../../node_modules/.bun/@tanstack+router-core@1.168.17/node_modules/@tanstack/router-core/dist/esm/router.js:433:30

10:30:18 AM [vite] (client) [Unhandled rejection] Error: Maximum update depth exceeded. This can happen when a component repeatedly calls setState inside componentWillUpdate or componentDidUpdate. React limits the number of nested updates to prevent infinite loops.
 > getRootForUpdatedFiber ../../node_modules/.bun/react-dom@19.2.5+3f10a4be4e334a9b/node_modules/react-dom/cjs/react-dom-client.development.js:4624:10
 > enqueueConcurrentHookUpdate ../../node_modules/.bun/react-dom@19.2.5+3f10a4be4e334a9b/node_modules/react-dom/cjs/react-dom-client.development.js:4584:13
 > dispatchSetStateInternal ../../node_modules/.bun/react-dom@19.2.5+3f10a4be4e334a9b/node_modules/react-dom/cjs/react-dom-client.development.js:9167:17
 > dispatchSetState ../../node_modules/.bun/react-dom@19.2.5+3f10a4be4e334a9b/node_modules/react-dom/cjs/react-dom-client.development.js:9127:6
 > Transitioner.router.startTransition ../../node_modules/.bun/@tanstack+react-router@1.168.25+21ccd8898788a04d/node_modules/@tanstack/react-router/dist/esm/Transitioner.js:23:2
 > ../../node_modules/.bun/@tanstack+router-core@1.168.17/node_modules/@tanstack/router-core/dist/esm/router.js:526:9
 > RouterCore.load ../../node_modules/.bun/@tanstack+router-core@1.168.17/node_modules/@tanstack/router-core/dist/esm/router.js:525:17
 > RouterCore.commitLocation ../../node_modules/.bun/@tanstack+router-core@1.168.17/node_modules/@tanstack/router-core/dist/esm/router.js:387:40
 > RouterCore.buildAndCommitLocation ../../node_modules/.bun/@tanstack+router-core@1.168.17/node_modules/@tanstack/router-core/dist/esm/router.js:433:30

10:30:18 AM [vite] (client) [Unhandled rejection] Error: Maximum update depth exceeded. This can happen when a component repeatedly calls setState inside componentWillUpdate or componentDidUpdate. React limits the number of nested updates to prevent infinite loops.
 > getRootForUpdatedFiber ../../node_modules/.bun/react-dom@19.2.5+3f10a4be4e334a9b/node_modules/react-dom/cjs/react-dom-client.development.js:4624:10
 > enqueueConcurrentHookUpdate ../../node_modules/.bun/react-dom@19.2.5+3f10a4be4e334a9b/node_modules/react-dom/cjs/react-dom-client.development.js:4584:13
 > dispatchSetStateInternal ../../node_modules/.bun/react-dom@19.2.5+3f10a4be4e334a9b/node_modules/react-dom/cjs/react-dom-client.development.js:9167:17
 > dispatchSetState ../../node_modules/.bun/react-dom@19.2.5+3f10a4be4e334a9b/node_modules/react-dom/cjs/react-dom-client.development.js:9127:6
 > Transitioner.router.startTransition ../../node_modules/.bun/@tanstack+react-router@1.168.25+21ccd8898788a04d/node_modules/@tanstack/react-router/dist/esm/Transitioner.js:23:2
 > ../../node_modules/.bun/@tanstack+router-core@1.168.17/node_modules/@tanstack/router-core/dist/esm/router.js:526:9
 > RouterCore.load ../../node_modules/.bun/@tanstack+router-core@1.168.17/node_modules/@tanstack/router-core/dist/esm/router.js:525:17
 > RouterCore.commitLocation ../../node_modules/.bun/@tanstack+router-core@1.168.17/node_modules/@tanstack/router-core/dist/esm/router.js:387:40
 > RouterCore.buildAndCommitLocation ../../node_modules/.bun/@tanstack+router-core@1.168.17/node_modules/@tanstack/router-core/dist/esm/router.js:433:30

10:30:18 AM [vite] (client) [Unhandled rejection] Error: Maximum update depth exceeded. This can happen when a component repeatedly calls setState inside componentWillUpdate or componentDidUpdate. React limits the number of nested updates to prevent infinite loops.
 > getRootForUpdatedFiber ../../node_modules/.bun/react-dom@19.2.5+3f10a4be4e334a9b/node_modules/react-dom/cjs/react-dom-client.development.js:4624:10
 > enqueueConcurrentHookUpdate ../../node_modules/.bun/react-dom@19.2.5+3f10a4be4e334a9b/node_modules/react-dom/cjs/react-dom-client.development.js:4584:13
 > dispatchSetStateInternal ../../node_modules/.bun/react-dom@19.2.5+3f10a4be4e334a9b/node_modules/react-dom/cjs/react-dom-client.development.js:9167:17
 > dispatchSetState ../../node_modules/.bun/react-dom@19.2.5+3f10a4be4e334a9b/node_modules/react-dom/cjs/react-dom-client.development.js:9127:6
 > Transitioner.router.startTransition ../../node_modules/.bun/@tanstack+react-router@1.168.25+21ccd8898788a04d/node_modules/@tanstack/react-router/dist/esm/Transitioner.js:23:2
 > ../../node_modules/.bun/@tanstack+router-core@1.168.17/node_modules/@tanstack/router-core/dist/esm/router.js:526:9
 > RouterCore.load ../../node_modules/.bun/@tanstack+router-core@1.168.17/node_modules/@tanstack/router-core/dist/esm/router.js:525:17
 > RouterCore.commitLocation ../../node_modules/.bun/@tanstack+router-core@1.168.17/node_modules/@tanstack/router-core/dist/esm/router.js:387:40
 > RouterCore.buildAndCommitLocation ../../node_modules/.bun/@tanstack+router-core@1.168.17/node_modules/@tanstack/router-core/dist/esm/router.js:433:30

10:30:19 AM [vite] (client) [console.warn] Sentry DSN not configured, skipping initialization
10:30:19 AM [vite] (client) [console.warn] Clerk: Clerk has been loaded with development keys. Development instances have strict usage limits and should not be used when deploying your application to production. Learn more: https://clerk.com/docs/deployments/overview
10:30:20 AM [vite] (client) [console.warn] Sentry DSN not configured, skipping initialization
10:30:21 AM [vite] (client) [console.warn] Clerk: Clerk has been loaded with development keys. Development instances have strict usage limits and should not be used when deploying your application to production. Learn more: https://clerk.com/docs/deployments/overview
10:30:21 AM [vite] (client) [console.warn] Sentry DSN not configured, skipping initialization
10:30:21 AM [vite] (client) [console.warn] Clerk: Clerk has been loaded with development keys. Development instances have strict usage limits and should not be used when deploying your application to production. Learn more: https://clerk.com/docs/deployments/overview
10:30:22 AM [vite] (client) [console.warn] Sentry DSN not configured, skipping initialization
10:30:23 AM [vite] (client) [console.warn] Clerk: Clerk has been loaded with development keys. Development instances have strict usage limits and should not be used when deploying your application to production. Learn more: https://clerk.com/docs/deployments/overview
10:30:24 AM [vite] (client) [console.warn] Sentry DSN not configured, skipping initialization
10:30:24 AM [vite] (client) [console.warn] Clerk: Clerk has been loaded with development keys. Development instances have strict usage limits and should not be used when deploying your application to production. Learn more: https://clerk.com/docs/deployments/overview
10:30:25 AM [vite] (client) [console.warn] Sentry DSN not configured, skipping initialization
10:30:25 AM [vite] (client) [console.warn] Clerk: Clerk has been loaded with development keys. Development instances have strict usage limits and should not be used when deploying your application to production. Learn more: https://clerk.com/docs/deployments/overview
10:30:26 AM [vite] (client) [console.warn] Sentry DSN not configured, skipping initialization
10:30:26 AM [vite] (client) [console.warn] Clerk: Clerk has been loaded with development keys. Development instances have strict usage limits and should not be used when deploying your application to production. Learn more: https://clerk.com/docs/deployments/overview
10:30:27 AM [vite] (client) [console.warn] Sentry DSN not configured, skipping initialization
10:30:27 AM [vite] (client) [console.warn] Clerk: Clerk has been loaded with development keys. Development instances have strict usage limits and should not be used when deploying your application to production. Learn more: https://clerk.com/docs/deployments/overview
10:30:29 AM [vite] (client) [console.warn] Sentry DSN not configured, skipping initialization
10:30:29 AM [vite] (client) [console.warn] Clerk: Clerk has been loaded with development keys. Development instances have strict usage limits and should not be used when deploying your application to production. Learn more: https://clerk.com/docs/deployments/overview
10:31:31 AM [vite] (client) page reload playwright-report/index.html
10:32:33 AM [vite] (client) [console.warn] Sentry DSN not configured, skipping initialization
10:32:33 AM [vite] (client) [console.warn] Clerk: Clerk has been loaded with development keys. Development instances have strict usage limits and should not be used when deploying your application to production. Learn more: https://clerk.com/docs/deployments/overview
10:32:34 AM [vite] (client) [Unhandled rejection] Error: Maximum update depth exceeded. This can happen when a component repeatedly calls setState inside componentWillUpdate or componentDidUpdate. React limits the number of nested updates to prevent infinite loops.
 > getRootForUpdatedFiber ../../node_modules/.bun/react-dom@19.2.5+3f10a4be4e334a9b/node_modules/react-dom/cjs/react-dom-client.development.js:4624:10
 > enqueueConcurrentHookUpdate ../../node_modules/.bun/react-dom@19.2.5+3f10a4be4e334a9b/node_modules/react-dom/cjs/react-dom-client.development.js:4584:13
 > dispatchSetStateInternal ../../node_modules/.bun/react-dom@19.2.5+3f10a4be4e334a9b/node_modules/react-dom/cjs/react-dom-client.development.js:9167:17
 > dispatchSetState ../../node_modules/.bun/react-dom@19.2.5+3f10a4be4e334a9b/node_modules/react-dom/cjs/react-dom-client.development.js:9127:6
 > Transitioner.router.startTransition ../../node_modules/.bun/@tanstack+react-router@1.168.25+21ccd8898788a04d/node_modules/@tanstack/react-router/dist/esm/Transitioner.js:23:2
 > ../../node_modules/.bun/@tanstack+router-core@1.168.17/node_modules/@tanstack/router-core/dist/esm/router.js:526:9
 > RouterCore.load ../../node_modules/.bun/@tanstack+router-core@1.168.17/node_modules/@tanstack/router-core/dist/esm/router.js:525:17
 > RouterCore.commitLocation ../../node_modules/.bun/@tanstack+router-core@1.168.17/node_modules/@tanstack/router-core/dist/esm/router.js:387:40
 > RouterCore.buildAndCommitLocation ../../node_modules/.bun/@tanstack+router-core@1.168.17/node_modules/@tanstack/router-core/dist/esm/router.js:433:30

10:32:34 AM [vite] (client) [Unhandled rejection] Error: Maximum update depth exceeded. This can happen when a component repeatedly calls setState inside componentWillUpdate or componentDidUpdate. React limits the number of nested updates to prevent infinite loops.
 > getRootForUpdatedFiber ../../node_modules/.bun/react-dom@19.2.5+3f10a4be4e334a9b/node_modules/react-dom/cjs/react-dom-client.development.js:4624:10
 > enqueueConcurrentHookUpdate ../../node_modules/.bun/react-dom@19.2.5+3f10a4be4e334a9b/node_modules/react-dom/cjs/react-dom-client.development.js:4584:13
 > dispatchSetStateInternal ../../node_modules/.bun/react-dom@19.2.5+3f10a4be4e334a9b/node_modules/react-dom/cjs/react-dom-client.development.js:9167:17
 > dispatchSetState ../../node_modules/.bun/react-dom@19.2.5+3f10a4be4e334a9b/node_modules/react-dom/cjs/react-dom-client.development.js:9127:6
 > Transitioner.router.startTransition ../../node_modules/.bun/@tanstack+react-router@1.168.25+21ccd8898788a04d/node_modules/@tanstack/react-router/dist/esm/Transitioner.js:23:2
 > ../../node_modules/.bun/@tanstack+router-core@1.168.17/node_modules/@tanstack/router-core/dist/esm/router.js:526:9
 > RouterCore.load ../../node_modules/.bun/@tanstack+router-core@1.168.17/node_modules/@tanstack/router-core/dist/esm/router.js:525:17
 > RouterCore.commitLocation ../../node_modules/.bun/@tanstack+router-core@1.168.17/node_modules/@tanstack/router-core/dist/esm/router.js:387:40
 > RouterCore.buildAndCommitLocation ../../node_modules/.bun/@tanstack+router-core@1.168.17/node_modules/@tanstack/router-core/dist/esm/router.js:433:30

10:32:34 AM [vite] (client) [Unhandled rejection] Error: Maximum update depth exceeded. This can happen when a component repeatedly calls setState inside componentWillUpdate or componentDidUpdate. React limits the number of nested updates to prevent infinite loops.
 > getRootForUpdatedFiber ../../node_modules/.bun/react-dom@19.2.5+3f10a4be4e334a9b/node_modules/react-dom/cjs/react-dom-client.development.js:4624:10
 > enqueueConcurrentHookUpdate ../../node_modules/.bun/react-dom@19.2.5+3f10a4be4e334a9b/node_modules/react-dom/cjs/react-dom-client.development.js:4584:13
 > dispatchSetStateInternal ../../node_modules/.bun/react-dom@19.2.5+3f10a4be4e334a9b/node_modules/react-dom/cjs/react-dom-client.development.js:9167:17
 > dispatchSetState ../../node_modules/.bun/react-dom@19.2.5+3f10a4be4e334a9b/node_modules/react-dom/cjs/react-dom-client.development.js:9127:6
 > Transitioner.router.startTransition ../../node_modules/.bun/@tanstack+react-router@1.168.25+21ccd8898788a04d/node_modules/@tanstack/react-router/dist/esm/Transitioner.js:23:2
 > ../../node_modules/.bun/@tanstack+router-core@1.168.17/node_modules/@tanstack/router-core/dist/esm/router.js:526:9
 > RouterCore.load ../../node_modules/.bun/@tanstack+router-core@1.168.17/node_modules/@tanstack/router-core/dist/esm/router.js:525:17
 > RouterCore.commitLocation ../../node_modules/.bun/@tanstack+router-core@1.168.17/node_modules/@tanstack/router-core/dist/esm/router.js:387:40
 > RouterCore.buildAndCommitLocation ../../node_modules/.bun/@tanstack+router-core@1.168.17/node_modules/@tanstack/router-core/dist/esm/router.js:433:30

10:32:34 AM [vite] (client) [Unhandled rejection] Error: Maximum update depth exceeded. This can happen when a component repeatedly calls setState inside componentWillUpdate or componentDidUpdate. React limits the number of nested updates to prevent infinite loops.
 > getRootForUpdatedFiber ../../node_modules/.bun/react-dom@19.2.5+3f10a4be4e334a9b/node_modules/react-dom/cjs/react-dom-client.development.js:4624:10
 > enqueueConcurrentHookUpdate ../../node_modules/.bun/react-dom@19.2.5+3f10a4be4e334a9b/node_modules/react-dom/cjs/react-dom-client.development.js:4584:13
 > dispatchSetStateInternal ../../node_modules/.bun/react-dom@19.2.5+3f10a4be4e334a9b/node_modules/react-dom/cjs/react-dom-client.development.js:9167:17
 > dispatchSetState ../../node_modules/.bun/react-dom@19.2.5+3f10a4be4e334a9b/node_modules/react-dom/cjs/react-dom-client.development.js:9127:6
 > Transitioner.router.startTransition ../../node_modules/.bun/@tanstack+react-router@1.168.25+21ccd8898788a04d/node_modules/@tanstack/react-router/dist/esm/Transitioner.js:23:2
 > ../../node_modules/.bun/@tanstack+router-core@1.168.17/node_modules/@tanstack/router-core/dist/esm/router.js:526:9
 > RouterCore.load ../../node_modules/.bun/@tanstack+router-core@1.168.17/node_modules/@tanstack/router-core/dist/esm/router.js:525:17
 > RouterCore.commitLocation ../../node_modules/.bun/@tanstack+router-core@1.168.17/node_modules/@tanstack/router-core/dist/esm/router.js:387:40
 > RouterCore.buildAndCommitLocation ../../node_modules/.bun/@tanstack+router-core@1.168.17/node_modules/@tanstack/router-core/dist/esm/router.js:433:30

10:32:34 AM [vite] (client) [Unhandled rejection] Error: Maximum update depth exceeded. This can happen when a component repeatedly calls setState inside componentWillUpdate or componentDidUpdate. React limits the number of nested updates to prevent infinite loops.
 > getRootForUpdatedFiber ../../node_modules/.bun/react-dom@19.2.5+3f10a4be4e334a9b/node_modules/react-dom/cjs/react-dom-client.development.js:4624:10
 > enqueueConcurrentHookUpdate ../../node_modules/.bun/react-dom@19.2.5+3f10a4be4e334a9b/node_modules/react-dom/cjs/react-dom-client.development.js:4584:13
 > dispatchSetStateInternal ../../node_modules/.bun/react-dom@19.2.5+3f10a4be4e334a9b/node_modules/react-dom/cjs/react-dom-client.development.js:9167:17
 > dispatchSetState ../../node_modules/.bun/react-dom@19.2.5+3f10a4be4e334a9b/node_modules/react-dom/cjs/react-dom-client.development.js:9127:6
 > Transitioner.router.startTransition ../../node_modules/.bun/@tanstack+react-router@1.168.25+21ccd8898788a04d/node_modules/@tanstack/react-router/dist/esm/Transitioner.js:23:2
 > ../../node_modules/.bun/@tanstack+router-core@1.168.17/node_modules/@tanstack/router-core/dist/esm/router.js:526:9
 > RouterCore.load ../../node_modules/.bun/@tanstack+router-core@1.168.17/node_modules/@tanstack/router-core/dist/esm/router.js:525:17
 > RouterCore.commitLocation ../../node_modules/.bun/@tanstack+router-core@1.168.17/node_modules/@tanstack/router-core/dist/esm/router.js:387:40
 > RouterCore.buildAndCommitLocation ../../node_modules/.bun/@tanstack+router-core@1.168.17/node_modules/@tanstack/router-core/dist/esm/router.js:433:30

10:32:34 AM [vite] (client) [Unhandled rejection] Error: Maximum update depth exceeded. This can happen when a component repeatedly calls setState inside componentWillUpdate or componentDidUpdate. React limits the number of nested updates to prevent infinite loops.
 > getRootForUpdatedFiber ../../node_modules/.bun/react-dom@19.2.5+3f10a4be4e334a9b/node_modules/react-dom/cjs/react-dom-client.development.js:4624:10
 > enqueueConcurrentHookUpdate ../../node_modules/.bun/react-dom@19.2.5+3f10a4be4e334a9b/node_modules/react-dom/cjs/react-dom-client.development.js:4584:13
 > dispatchSetStateInternal ../../node_modules/.bun/react-dom@19.2.5+3f10a4be4e334a9b/node_modules/react-dom/cjs/react-dom-client.development.js:9167:17
 > dispatchSetState ../../node_modules/.bun/react-dom@19.2.5+3f10a4be4e334a9b/node_modules/react-dom/cjs/react-dom-client.development.js:9127:6
 > Transitioner.router.startTransition ../../node_modules/.bun/@tanstack+react-router@1.168.25+21ccd8898788a04d/node_modules/@tanstack/react-router/dist/esm/Transitioner.js:23:2
 > ../../node_modules/.bun/@tanstack+router-core@1.168.17/node_modules/@tanstack/router-core/dist/esm/router.js:526:9
 > RouterCore.load ../../node_modules/.bun/@tanstack+router-core@1.168.17/node_modules/@tanstack/router-core/dist/esm/router.js:525:17
 > RouterCore.commitLocation ../../node_modules/.bun/@tanstack+router-core@1.168.17/node_modules/@tanstack/router-core/dist/esm/router.js:387:40
 > RouterCore.buildAndCommitLocation ../../node_modules/.bun/@tanstack+router-core@1.168.17/node_modules/@tanstack/router-core/dist/esm/router.js:433:30

10:32:34 AM [vite] (client) [Unhandled rejection] Error: Maximum update depth exceeded. This can happen when a component repeatedly calls setState inside componentWillUpdate or componentDidUpdate. React limits the number of nested updates to prevent infinite loops.
 > getRootForUpdatedFiber ../../node_modules/.bun/react-dom@19.2.5+3f10a4be4e334a9b/node_modules/react-dom/cjs/react-dom-client.development.js:4624:10
 > enqueueConcurrentHookUpdate ../../node_modules/.bun/react-dom@19.2.5+3f10a4be4e334a9b/node_modules/react-dom/cjs/react-dom-client.development.js:4584:13
 > dispatchSetStateInternal ../../node_modules/.bun/react-dom@19.2.5+3f10a4be4e334a9b/node_modules/react-dom/cjs/react-dom-client.development.js:9167:17
 > dispatchSetState ../../node_modules/.bun/react-dom@19.2.5+3f10a4be4e334a9b/node_modules/react-dom/cjs/react-dom-client.development.js:9127:6
 > Transitioner.router.startTransition ../../node_modules/.bun/@tanstack+react-router@1.168.25+21ccd8898788a04d/node_modules/@tanstack/react-router/dist/esm/Transitioner.js:23:2
 > ../../node_modules/.bun/@tanstack+router-core@1.168.17/node_modules/@tanstack/router-core/dist/esm/router.js:526:9
 > RouterCore.load ../../node_modules/.bun/@tanstack+router-core@1.168.17/node_modules/@tanstack/router-core/dist/esm/router.js:525:17
 > RouterCore.commitLocation ../../node_modules/.bun/@tanstack+router-core@1.168.17/node_modules/@tanstack/router-core/dist/esm/router.js:387:40
 > RouterCore.buildAndCommitLocation ../../node_modules/.bun/@tanstack+router-core@1.168.17/node_modules/@tanstack/router-core/dist/esm/router.js:433:30

10:32:34 AM [vite] (client) [Unhandled rejection] Error: Maximum update depth exceeded. This can happen when a component repeatedly calls setState inside componentWillUpdate or componentDidUpdate. React limits the number of nested updates to prevent infinite loops.
 > getRootForUpdatedFiber ../../node_modules/.bun/react-dom@19.2.5+3f10a4be4e334a9b/node_modules/react-dom/cjs/react-dom-client.development.js:4624:10
 > enqueueConcurrentHookUpdate ../../node_modules/.bun/react-dom@19.2.5+3f10a4be4e334a9b/node_modules/react-dom/cjs/react-dom-client.development.js:4584:13
 > dispatchSetStateInternal ../../node_modules/.bun/react-dom@19.2.5+3f10a4be4e334a9b/node_modules/react-dom/cjs/react-dom-client.development.js:9167:17
 > dispatchSetState ../../node_modules/.bun/react-dom@19.2.5+3f10a4be4e334a9b/node_modules/react-dom/cjs/react-dom-client.development.js:9127:6
 > Transitioner.router.startTransition ../../node_modules/.bun/@tanstack+react-router@1.168.25+21ccd8898788a04d/node_modules/@tanstack/react-router/dist/esm/Transitioner.js:23:2
 > ../../node_modules/.bun/@tanstack+router-core@1.168.17/node_modules/@tanstack/router-core/dist/esm/router.js:526:9
 > RouterCore.load ../../node_modules/.bun/@tanstack+router-core@1.168.17/node_modules/@tanstack/router-core/dist/esm/router.js:525:17
 > RouterCore.commitLocation ../../node_modules/.bun/@tanstack+router-core@1.168.17/node_modules/@tanstack/router-core/dist/esm/router.js:387:40
 > RouterCore.buildAndCommitLocation ../../node_modules/.bun/@tanstack+router-core@1.168.17/node_modules/@tanstack/router-core/dist/esm/router.js:433:30

10:32:34 AM [vite] (client) [Unhandled rejection] Error: Maximum update depth exceeded. This can happen when a component repeatedly calls setState inside componentWillUpdate or componentDidUpdate. React limits the number of nested updates to prevent infinite loops.
 > getRootForUpdatedFiber ../../node_modules/.bun/react-dom@19.2.5+3f10a4be4e334a9b/node_modules/react-dom/cjs/react-dom-client.development.js:4624:10
 > enqueueConcurrentHookUpdate ../../node_modules/.bun/react-dom@19.2.5+3f10a4be4e334a9b/node_modules/react-dom/cjs/react-dom-client.development.js:4584:13
 > dispatchSetStateInternal ../../node_modules/.bun/react-dom@19.2.5+3f10a4be4e334a9b/node_modules/react-dom/cjs/react-dom-client.development.js:9167:17
 > dispatchSetState ../../node_modules/.bun/react-dom@19.2.5+3f10a4be4e334a9b/node_modules/react-dom/cjs/react-dom-client.development.js:9127:6
 > Transitioner.router.startTransition ../../node_modules/.bun/@tanstack+react-router@1.168.25+21ccd8898788a04d/node_modules/@tanstack/react-router/dist/esm/Transitioner.js:23:2
 > ../../node_modules/.bun/@tanstack+router-core@1.168.17/node_modules/@tanstack/router-core/dist/esm/router.js:526:9
 > RouterCore.load ../../node_modules/.bun/@tanstack+router-core@1.168.17/node_modules/@tanstack/router-core/dist/esm/router.js:525:17
 > RouterCore.commitLocation ../../node_modules/.bun/@tanstack+router-core@1.168.17/node_modules/@tanstack/router-core/dist/esm/router.js:387:40
 > RouterCore.buildAndCommitLocation ../../node_modules/.bun/@tanstack+router-core@1.168.17/node_modules/@tanstack/router-core/dist/esm/router.js:433:30

10:32:34 AM [vite] (client) [Unhandled rejection] Error: Maximum update depth exceeded. This can happen when a component repeatedly calls setState inside componentWillUpdate or componentDidUpdate. React limits the number of nested updates to prevent infinite loops.
 > getRootForUpdatedFiber ../../node_modules/.bun/react-dom@19.2.5+3f10a4be4e334a9b/node_modules/react-dom/cjs/react-dom-client.development.js:4624:10
 > enqueueConcurrentHookUpdate ../../node_modules/.bun/react-dom@19.2.5+3f10a4be4e334a9b/node_modules/react-dom/cjs/react-dom-client.development.js:4584:13
 > dispatchSetStateInternal ../../node_modules/.bun/react-dom@19.2.5+3f10a4be4e334a9b/node_modules/react-dom/cjs/react-dom-client.development.js:9167:17
 > dispatchSetState ../../node_modules/.bun/react-dom@19.2.5+3f10a4be4e334a9b/node_modules/react-dom/cjs/react-dom-client.development.js:9127:6
 > Transitioner.router.startTransition ../../node_modules/.bun/@tanstack+react-router@1.168.25+21ccd8898788a04d/node_modules/@tanstack/react-router/dist/esm/Transitioner.js:23:2
 > ../../node_modules/.bun/@tanstack+router-core@1.168.17/node_modules/@tanstack/router-core/dist/esm/router.js:526:9
 > RouterCore.load ../../node_modules/.bun/@tanstack+router-core@1.168.17/node_modules/@tanstack/router-core/dist/esm/router.js:525:17
 > RouterCore.commitLocation ../../node_modules/.bun/@tanstack+router-core@1.168.17/node_modules/@tanstack/router-core/dist/esm/router.js:387:40
 > RouterCore.buildAndCommitLocation ../../node_modules/.bun/@tanstack+router-core@1.168.17/node_modules/@tanstack/router-core/dist/esm/router.js:433:30

10:32:34 AM [vite] (client) [Unhandled rejection] Error: Maximum update depth exceeded. This can happen when a component repeatedly calls setState inside componentWillUpdate or componentDidUpdate. React limits the number of nested updates to prevent infinite loops.
 > getRootForUpdatedFiber ../../node_modules/.bun/react-dom@19.2.5+3f10a4be4e334a9b/node_modules/react-dom/cjs/react-dom-client.development.js:4624:10
 > enqueueConcurrentHookUpdate ../../node_modules/.bun/react-dom@19.2.5+3f10a4be4e334a9b/node_modules/react-dom/cjs/react-dom-client.development.js:4584:13
 > dispatchSetStateInternal ../../node_modules/.bun/react-dom@19.2.5+3f10a4be4e334a9b/node_modules/react-dom/cjs/react-dom-client.development.js:9167:17
 > dispatchSetState ../../node_modules/.bun/react-dom@19.2.5+3f10a4be4e334a9b/node_modules/react-dom/cjs/react-dom-client.development.js:9127:6
 > Transitioner.router.startTransition ../../node_modules/.bun/@tanstack+react-router@1.168.25+21ccd8898788a04d/node_modules/@tanstack/react-router/dist/esm/Transitioner.js:23:2
 > ../../node_modules/.bun/@tanstack+router-core@1.168.17/node_modules/@tanstack/router-core/dist/esm/router.js:526:9
 > RouterCore.load ../../node_modules/.bun/@tanstack+router-core@1.168.17/node_modules/@tanstack/router-core/dist/esm/router.js:525:17
 > RouterCore.commitLocation ../../node_modules/.bun/@tanstack+router-core@1.168.17/node_modules/@tanstack/router-core/dist/esm/router.js:387:40
 > RouterCore.buildAndCommitLocation ../../node_modules/.bun/@tanstack+router-core@1.168.17/node_modules/@tanstack/router-core/dist/esm/router.js:433:30

10:32:34 AM [vite] (client) [Unhandled rejection] Error: Maximum update depth exceeded. This can happen when a component repeatedly calls setState inside componentWillUpdate or componentDidUpdate. React limits the number of nested updates to prevent infinite loops.
 > getRootForUpdatedFiber ../../node_modules/.bun/react-dom@19.2.5+3f10a4be4e334a9b/node_modules/react-dom/cjs/react-dom-client.development.js:4624:10
 > enqueueConcurrentHookUpdate ../../node_modules/.bun/react-dom@19.2.5+3f10a4be4e334a9b/node_modules/react-dom/cjs/react-dom-client.development.js:4584:13
 > dispatchSetStateInternal ../../node_modules/.bun/react-dom@19.2.5+3f10a4be4e334a9b/node_modules/react-dom/cjs/react-dom-client.development.js:9167:17
 > dispatchSetState ../../node_modules/.bun/react-dom@19.2.5+3f10a4be4e334a9b/node_modules/react-dom/cjs/react-dom-client.development.js:9127:6
 > Transitioner.router.startTransition ../../node_modules/.bun/@tanstack+react-router@1.168.25+21ccd8898788a04d/node_modules/@tanstack/react-router/dist/esm/Transitioner.js:23:2
 > ../../node_modules/.bun/@tanstack+router-core@1.168.17/node_modules/@tanstack/router-core/dist/esm/router.js:526:9
 > RouterCore.load ../../node_modules/.bun/@tanstack+router-core@1.168.17/node_modules/@tanstack/router-core/dist/esm/router.js:525:17
 > RouterCore.commitLocation ../../node_modules/.bun/@tanstack+router-core@1.168.17/node_modules/@tanstack/router-core/dist/esm/router.js:387:40
 > RouterCore.buildAndCommitLocation ../../node_modules/.bun/@tanstack+router-core@1.168.17/node_modules/@tanstack/router-core/dist/esm/router.js:433:30

10:32:34 AM [vite] (client) [Unhandled rejection] Error: Maximum update depth exceeded. This can happen when a component repeatedly calls setState inside componentWillUpdate or componentDidUpdate. React limits the number of nested updates to prevent infinite loops.
 > getRootForUpdatedFiber ../../node_modules/.bun/react-dom@19.2.5+3f10a4be4e334a9b/node_modules/react-dom/cjs/react-dom-client.development.js:4624:10
 > enqueueConcurrentHookUpdate ../../node_modules/.bun/react-dom@19.2.5+3f10a4be4e334a9b/node_modules/react-dom/cjs/react-dom-client.development.js:4584:13
 > dispatchSetStateInternal ../../node_modules/.bun/react-dom@19.2.5+3f10a4be4e334a9b/node_modules/react-dom/cjs/react-dom-client.development.js:9167:17
 > dispatchSetState ../../node_modules/.bun/react-dom@19.2.5+3f10a4be4e334a9b/node_modules/react-dom/cjs/react-dom-client.development.js:9127:6
 > Transitioner.router.startTransition ../../node_modules/.bun/@tanstack+react-router@1.168.25+21ccd8898788a04d/node_modules/@tanstack/react-router/dist/esm/Transitioner.js:23:2
 > ../../node_modules/.bun/@tanstack+router-core@1.168.17/node_modules/@tanstack/router-core/dist/esm/router.js:526:9
 > RouterCore.load ../../node_modules/.bun/@tanstack+router-core@1.168.17/node_modules/@tanstack/router-core/dist/esm/router.js:525:17
 > RouterCore.commitLocation ../../node_modules/.bun/@tanstack+router-core@1.168.17/node_modules/@tanstack/router-core/dist/esm/router.js:387:40
 > RouterCore.buildAndCommitLocation ../../node_modules/.bun/@tanstack+router-core@1.168.17/node_modules/@tanstack/router-core/dist/esm/router.js:433:30

10:32:34 AM [vite] (client) [Unhandled rejection] Error: Maximum update depth exceeded. This can happen when a component repeatedly calls setState inside componentWillUpdate or componentDidUpdate. React limits the number of nested updates to prevent infinite loops.
 > getRootForUpdatedFiber ../../node_modules/.bun/react-dom@19.2.5+3f10a4be4e334a9b/node_modules/react-dom/cjs/react-dom-client.development.js:4624:10
 > enqueueConcurrentHookUpdate ../../node_modules/.bun/react-dom@19.2.5+3f10a4be4e334a9b/node_modules/react-dom/cjs/react-dom-client.development.js:4584:13
 > dispatchSetStateInternal ../../node_modules/.bun/react-dom@19.2.5+3f10a4be4e334a9b/node_modules/react-dom/cjs/react-dom-client.development.js:9167:17
 > dispatchSetState ../../node_modules/.bun/react-dom@19.2.5+3f10a4be4e334a9b/node_modules/react-dom/cjs/react-dom-client.development.js:9127:6
 > Transitioner.router.startTransition ../../node_modules/.bun/@tanstack+react-router@1.168.25+21ccd8898788a04d/node_modules/@tanstack/react-router/dist/esm/Transitioner.js:23:2
 > ../../node_modules/.bun/@tanstack+router-core@1.168.17/node_modules/@tanstack/router-core/dist/esm/router.js:526:9
 > RouterCore.load ../../node_modules/.bun/@tanstack+router-core@1.168.17/node_modules/@tanstack/router-core/dist/esm/router.js:525:17
 > RouterCore.commitLocation ../../node_modules/.bun/@tanstack+router-core@1.168.17/node_modules/@tanstack/router-core/dist/esm/router.js:387:40
 > RouterCore.buildAndCommitLocation ../../node_modules/.bun/@tanstack+router-core@1.168.17/node_modules/@tanstack/router-core/dist/esm/router.js:433:30

10:32:34 AM [vite] (client) [Unhandled rejection] Error: Maximum update depth exceeded. This can happen when a component repeatedly calls setState inside componentWillUpdate or componentDidUpdate. React limits the number of nested updates to prevent infinite loops.
 > getRootForUpdatedFiber ../../node_modules/.bun/react-dom@19.2.5+3f10a4be4e334a9b/node_modules/react-dom/cjs/react-dom-client.development.js:4624:10
 > enqueueConcurrentHookUpdate ../../node_modules/.bun/react-dom@19.2.5+3f10a4be4e334a9b/node_modules/react-dom/cjs/react-dom-client.development.js:4584:13
 > dispatchSetStateInternal ../../node_modules/.bun/react-dom@19.2.5+3f10a4be4e334a9b/node_modules/react-dom/cjs/react-dom-client.development.js:9167:17
 > dispatchSetState ../../node_modules/.bun/react-dom@19.2.5+3f10a4be4e334a9b/node_modules/react-dom/cjs/react-dom-client.development.js:9127:6
 > Transitioner.router.startTransition ../../node_modules/.bun/@tanstack+react-router@1.168.25+21ccd8898788a04d/node_modules/@tanstack/react-router/dist/esm/Transitioner.js:23:2
 > ../../node_modules/.bun/@tanstack+router-core@1.168.17/node_modules/@tanstack/router-core/dist/esm/router.js:526:9
 > RouterCore.load ../../node_modules/.bun/@tanstack+router-core@1.168.17/node_modules/@tanstack/router-core/dist/esm/router.js:525:17
 > RouterCore.commitLocation ../../node_modules/.bun/@tanstack+router-core@1.168.17/node_modules/@tanstack/router-core/dist/esm/router.js:387:40
 > RouterCore.buildAndCommitLocation ../../node_modules/.bun/@tanstack+router-core@1.168.17/node_modules/@tanstack/router-core/dist/esm/router.js:433:30

10:32:34 AM [vite] (client) [Unhandled rejection] Error: Maximum update depth exceeded. This can happen when a component repeatedly calls setState inside componentWillUpdate or componentDidUpdate. React limits the number of nested updates to prevent infinite loops.
 > getRootForUpdatedFiber ../../node_modules/.bun/react-dom@19.2.5+3f10a4be4e334a9b/node_modules/react-dom/cjs/react-dom-client.development.js:4624:10
 > enqueueConcurrentHookUpdate ../../node_modules/.bun/react-dom@19.2.5+3f10a4be4e334a9b/node_modules/react-dom/cjs/react-dom-client.development.js:4584:13
 > dispatchSetStateInternal ../../node_modules/.bun/react-dom@19.2.5+3f10a4be4e334a9b/node_modules/react-dom/cjs/react-dom-client.development.js:9167:17
 > dispatchSetState ../../node_modules/.bun/react-dom@19.2.5+3f10a4be4e334a9b/node_modules/react-dom/cjs/react-dom-client.development.js:9127:6
 > Transitioner.router.startTransition ../../node_modules/.bun/@tanstack+react-router@1.168.25+21ccd8898788a04d/node_modules/@tanstack/react-router/dist/esm/Transitioner.js:23:2
 > ../../node_modules/.bun/@tanstack+router-core@1.168.17/node_modules/@tanstack/router-core/dist/esm/router.js:526:9
 > RouterCore.load ../../node_modules/.bun/@tanstack+router-core@1.168.17/node_modules/@tanstack/router-core/dist/esm/router.js:525:17
 > RouterCore.commitLocation ../../node_modules/.bun/@tanstack+router-core@1.168.17/node_modules/@tanstack/router-core/dist/esm/router.js:387:40
 > RouterCore.buildAndCommitLocation ../../node_modules/.bun/@tanstack+router-core@1.168.17/node_modules/@tanstack/router-core/dist/esm/router.js:433:30

10:32:34 AM [vite] (client) [Unhandled rejection] Error: Maximum update depth exceeded. This can happen when a component repeatedly calls setState inside componentWillUpdate or componentDidUpdate. React limits the number of nested updates to prevent infinite loops.
 > getRootForUpdatedFiber ../../node_modules/.bun/react-dom@19.2.5+3f10a4be4e334a9b/node_modules/react-dom/cjs/react-dom-client.development.js:4624:10
 > enqueueConcurrentHookUpdate ../../node_modules/.bun/react-dom@19.2.5+3f10a4be4e334a9b/node_modules/react-dom/cjs/react-dom-client.development.js:4584:13
 > dispatchSetStateInternal ../../node_modules/.bun/react-dom@19.2.5+3f10a4be4e334a9b/node_modules/react-dom/cjs/react-dom-client.development.js:9167:17
 > dispatchSetState ../../node_modules/.bun/react-dom@19.2.5+3f10a4be4e334a9b/node_modules/react-dom/cjs/react-dom-client.development.js:9127:6
 > Transitioner.router.startTransition ../../node_modules/.bun/@tanstack+react-router@1.168.25+21ccd8898788a04d/node_modules/@tanstack/react-router/dist/esm/Transitioner.js:23:2
 > ../../node_modules/.bun/@tanstack+router-core@1.168.17/node_modules/@tanstack/router-core/dist/esm/router.js:526:9
 > RouterCore.load ../../node_modules/.bun/@tanstack+router-core@1.168.17/node_modules/@tanstack/router-core/dist/esm/router.js:525:17
 > RouterCore.commitLocation ../../node_modules/.bun/@tanstack+router-core@1.168.17/node_modules/@tanstack/router-core/dist/esm/router.js:387:40
 > RouterCore.buildAndCommitLocation ../../node_modules/.bun/@tanstack+router-core@1.168.17/node_modules/@tanstack/router-core/dist/esm/router.js:433:30

10:32:34 AM [vite] (client) [Unhandled rejection] Error: Maximum update depth exceeded. This can happen when a component repeatedly calls setState inside componentWillUpdate or componentDidUpdate. React limits the number of nested updates to prevent infinite loops.
 > getRootForUpdatedFiber ../../node_modules/.bun/react-dom@19.2.5+3f10a4be4e334a9b/node_modules/react-dom/cjs/react-dom-client.development.js:4624:10
 > enqueueConcurrentHookUpdate ../../node_modules/.bun/react-dom@19.2.5+3f10a4be4e334a9b/node_modules/react-dom/cjs/react-dom-client.development.js:4584:13
 > dispatchSetStateInternal ../../node_modules/.bun/react-dom@19.2.5+3f10a4be4e334a9b/node_modules/react-dom/cjs/react-dom-client.development.js:9167:17
 > dispatchSetState ../../node_modules/.bun/react-dom@19.2.5+3f10a4be4e334a9b/node_modules/react-dom/cjs/react-dom-client.development.js:9127:6
 > Transitioner.router.startTransition ../../node_modules/.bun/@tanstack+react-router@1.168.25+21ccd8898788a04d/node_modules/@tanstack/react-router/dist/esm/Transitioner.js:23:2
 > ../../node_modules/.bun/@tanstack+router-core@1.168.17/node_modules/@tanstack/router-core/dist/esm/router.js:526:9
 > RouterCore.load ../../node_modules/.bun/@tanstack+router-core@1.168.17/node_modules/@tanstack/router-core/dist/esm/router.js:525:17
 > RouterCore.commitLocation ../../node_modules/.bun/@tanstack+router-core@1.168.17/node_modules/@tanstack/router-core/dist/esm/router.js:387:40
 > RouterCore.buildAndCommitLocation ../../node_modules/.bun/@tanstack+router-core@1.168.17/node_modules/@tanstack/router-core/dist/esm/router.js:433:30

10:32:34 AM [vite] (client) [Unhandled rejection] Error: Maximum update depth exceeded. This can happen when a component repeatedly calls setState inside componentWillUpdate or componentDidUpdate. React limits the number of nested updates to prevent infinite loops.
 > getRootForUpdatedFiber ../../node_modules/.bun/react-dom@19.2.5+3f10a4be4e334a9b/node_modules/react-dom/cjs/react-dom-client.development.js:4624:10
 > enqueueConcurrentHookUpdate ../../node_modules/.bun/react-dom@19.2.5+3f10a4be4e334a9b/node_modules/react-dom/cjs/react-dom-client.development.js:4584:13
 > dispatchSetStateInternal ../../node_modules/.bun/react-dom@19.2.5+3f10a4be4e334a9b/node_modules/react-dom/cjs/react-dom-client.development.js:9167:17
 > dispatchSetState ../../node_modules/.bun/react-dom@19.2.5+3f10a4be4e334a9b/node_modules/react-dom/cjs/react-dom-client.development.js:9127:6
 > Transitioner.router.startTransition ../../node_modules/.bun/@tanstack+react-router@1.168.25+21ccd8898788a04d/node_modules/@tanstack/react-router/dist/esm/Transitioner.js:23:2
 > ../../node_modules/.bun/@tanstack+router-core@1.168.17/node_modules/@tanstack/router-core/dist/esm/router.js:526:9
 > RouterCore.load ../../node_modules/.bun/@tanstack+router-core@1.168.17/node_modules/@tanstack/router-core/dist/esm/router.js:525:17
 > RouterCore.commitLocation ../../node_modules/.bun/@tanstack+router-core@1.168.17/node_modules/@tanstack/router-core/dist/esm/router.js:387:40
 > RouterCore.buildAndCommitLocation ../../node_modules/.bun/@tanstack+router-core@1.168.17/node_modules/@tanstack/router-core/dist/esm/router.js:433:30

10:32:34 AM [vite] (client) [Unhandled rejection] Error: Maximum update depth exceeded. This can happen when a component repeatedly calls setState inside componentWillUpdate or componentDidUpdate. React limits the number of nested updates to prevent infinite loops.
 > getRootForUpdatedFiber ../../node_modules/.bun/react-dom@19.2.5+3f10a4be4e334a9b/node_modules/react-dom/cjs/react-dom-client.development.js:4624:10
 > enqueueConcurrentHookUpdate ../../node_modules/.bun/react-dom@19.2.5+3f10a4be4e334a9b/node_modules/react-dom/cjs/react-dom-client.development.js:4584:13
 > dispatchSetStateInternal ../../node_modules/.bun/react-dom@19.2.5+3f10a4be4e334a9b/node_modules/react-dom/cjs/react-dom-client.development.js:9167:17
 > dispatchSetState ../../node_modules/.bun/react-dom@19.2.5+3f10a4be4e334a9b/node_modules/react-dom/cjs/react-dom-client.development.js:9127:6
 > Transitioner.router.startTransition ../../node_modules/.bun/@tanstack+react-router@1.168.25+21ccd8898788a04d/node_modules/@tanstack/react-router/dist/esm/Transitioner.js:23:2
 > ../../node_modules/.bun/@tanstack+router-core@1.168.17/node_modules/@tanstack/router-core/dist/esm/router.js:526:9
 > RouterCore.load ../../node_modules/.bun/@tanstack+router-core@1.168.17/node_modules/@tanstack/router-core/dist/esm/router.js:525:17
 > RouterCore.commitLocation ../../node_modules/.bun/@tanstack+router-core@1.168.17/node_modules/@tanstack/router-core/dist/esm/router.js:387:40
 > RouterCore.buildAndCommitLocation ../../node_modules/.bun/@tanstack+router-core@1.168.17/node_modules/@tanstack/router-core/dist/esm/router.js:433:30

10:32:34 AM [vite] (client) [Unhandled rejection] Error: Maximum update depth exceeded. This can happen when a component repeatedly calls setState inside componentWillUpdate or componentDidUpdate. React limits the number of nested updates to prevent infinite loops.
 > getRootForUpdatedFiber ../../node_modules/.bun/react-dom@19.2.5+3f10a4be4e334a9b/node_modules/react-dom/cjs/react-dom-client.development.js:4624:10
 > enqueueConcurrentHookUpdate ../../node_modules/.bun/react-dom@19.2.5+3f10a4be4e334a9b/node_modules/react-dom/cjs/react-dom-client.development.js:4584:13
 > dispatchSetStateInternal ../../node_modules/.bun/react-dom@19.2.5+3f10a4be4e334a9b/node_modules/react-dom/cjs/react-dom-client.development.js:9167:17
 > dispatchSetState ../../node_modules/.bun/react-dom@19.2.5+3f10a4be4e334a9b/node_modules/react-dom/cjs/react-dom-client.development.js:9127:6
 > Transitioner.router.startTransition ../../node_modules/.bun/@tanstack+react-router@1.168.25+21ccd8898788a04d/node_modules/@tanstack/react-router/dist/esm/Transitioner.js:23:2
 > ../../node_modules/.bun/@tanstack+router-core@1.168.17/node_modules/@tanstack/router-core/dist/esm/router.js:526:9
 > RouterCore.load ../../node_modules/.bun/@tanstack+router-core@1.168.17/node_modules/@tanstack/router-core/dist/esm/router.js:525:17
 > RouterCore.commitLocation ../../node_modules/.bun/@tanstack+router-core@1.168.17/node_modules/@tanstack/router-core/dist/esm/router.js:387:40
 > RouterCore.buildAndCommitLocation ../../node_modules/.bun/@tanstack+router-core@1.168.17/node_modules/@tanstack/router-core/dist/esm/router.js:433:30

10:32:34 AM [vite] (client) [Unhandled rejection] Error: Maximum update depth exceeded. This can happen when a component repeatedly calls setState inside componentWillUpdate or componentDidUpdate. React limits the number of nested updates to prevent infinite loops.
 > getRootForUpdatedFiber ../../node_modules/.bun/react-dom@19.2.5+3f10a4be4e334a9b/node_modules/react-dom/cjs/react-dom-client.development.js:4624:10
 > enqueueConcurrentHookUpdate ../../node_modules/.bun/react-dom@19.2.5+3f10a4be4e334a9b/node_modules/react-dom/cjs/react-dom-client.development.js:4584:13
 > dispatchSetStateInternal ../../node_modules/.bun/react-dom@19.2.5+3f10a4be4e334a9b/node_modules/react-dom/cjs/react-dom-client.development.js:9167:17
 > dispatchSetState ../../node_modules/.bun/react-dom@19.2.5+3f10a4be4e334a9b/node_modules/react-dom/cjs/react-dom-client.development.js:9127:6
 > Transitioner.router.startTransition ../../node_modules/.bun/@tanstack+react-router@1.168.25+21ccd8898788a04d/node_modules/@tanstack/react-router/dist/esm/Transitioner.js:23:2
 > ../../node_modules/.bun/@tanstack+router-core@1.168.17/node_modules/@tanstack/router-core/dist/esm/router.js:526:9
 > RouterCore.load ../../node_modules/.bun/@tanstack+router-core@1.168.17/node_modules/@tanstack/router-core/dist/esm/router.js:525:17
 > RouterCore.commitLocation ../../node_modules/.bun/@tanstack+router-core@1.168.17/node_modules/@tanstack/router-core/dist/esm/router.js:387:40
 > RouterCore.buildAndCommitLocation ../../node_modules/.bun/@tanstack+router-core@1.168.17/node_modules/@tanstack/router-core/dist/esm/router.js:433:30

10:32:34 AM [vite] (client) [Unhandled rejection] Error: Maximum update depth exceeded. This can happen when a component repeatedly calls setState inside componentWillUpdate or componentDidUpdate. React limits the number of nested updates to prevent infinite loops.
 > getRootForUpdatedFiber ../../node_modules/.bun/react-dom@19.2.5+3f10a4be4e334a9b/node_modules/react-dom/cjs/react-dom-client.development.js:4624:10
 > enqueueConcurrentHookUpdate ../../node_modules/.bun/react-dom@19.2.5+3f10a4be4e334a9b/node_modules/react-dom/cjs/react-dom-client.development.js:4584:13
 > dispatchSetStateInternal ../../node_modules/.bun/react-dom@19.2.5+3f10a4be4e334a9b/node_modules/react-dom/cjs/react-dom-client.development.js:9167:17
 > dispatchSetState ../../node_modules/.bun/react-dom@19.2.5+3f10a4be4e334a9b/node_modules/react-dom/cjs/react-dom-client.development.js:9127:6
 > Transitioner.router.startTransition ../../node_modules/.bun/@tanstack+react-router@1.168.25+21ccd8898788a04d/node_modules/@tanstack/react-router/dist/esm/Transitioner.js:23:2
 > ../../node_modules/.bun/@tanstack+router-core@1.168.17/node_modules/@tanstack/router-core/dist/esm/router.js:526:9
 > RouterCore.load ../../node_modules/.bun/@tanstack+router-core@1.168.17/node_modules/@tanstack/router-core/dist/esm/router.js:525:17
 > RouterCore.commitLocation ../../node_modules/.bun/@tanstack+router-core@1.168.17/node_modules/@tanstack/router-core/dist/esm/router.js:387:40
 > RouterCore.buildAndCommitLocation ../../node_modules/.bun/@tanstack+router-core@1.168.17/node_modules/@tanstack/router-core/dist/esm/router.js:433:30

10:32:34 AM [vite] (client) [Unhandled rejection] Error: Maximum update depth exceeded. This can happen when a component repeatedly calls setState inside componentWillUpdate or componentDidUpdate. React limits the number of nested updates to prevent infinite loops.
 > getRootForUpdatedFiber ../../node_modules/.bun/react-dom@19.2.5+3f10a4be4e334a9b/node_modules/react-dom/cjs/react-dom-client.development.js:4624:10
 > enqueueConcurrentHookUpdate ../../node_modules/.bun/react-dom@19.2.5+3f10a4be4e334a9b/node_modules/react-dom/cjs/react-dom-client.development.js:4584:13
 > dispatchSetStateInternal ../../node_modules/.bun/react-dom@19.2.5+3f10a4be4e334a9b/node_modules/react-dom/cjs/react-dom-client.development.js:9167:17
 > dispatchSetState ../../node_modules/.bun/react-dom@19.2.5+3f10a4be4e334a9b/node_modules/react-dom/cjs/react-dom-client.development.js:9127:6
 > Transitioner.router.startTransition ../../node_modules/.bun/@tanstack+react-router@1.168.25+21ccd8898788a04d/node_modules/@tanstack/react-router/dist/esm/Transitioner.js:23:2
 > ../../node_modules/.bun/@tanstack+router-core@1.168.17/node_modules/@tanstack/router-core/dist/esm/router.js:526:9
 > RouterCore.load ../../node_modules/.bun/@tanstack+router-core@1.168.17/node_modules/@tanstack/router-core/dist/esm/router.js:525:17
 > RouterCore.commitLocation ../../node_modules/.bun/@tanstack+router-core@1.168.17/node_modules/@tanstack/router-core/dist/esm/router.js:387:40
 > RouterCore.buildAndCommitLocation ../../node_modules/.bun/@tanstack+router-core@1.168.17/node_modules/@tanstack/router-core/dist/esm/router.js:433:30

10:32:34 AM [vite] (client) [Unhandled rejection] Error: Maximum update depth exceeded. This can happen when a component repeatedly calls setState inside componentWillUpdate or componentDidUpdate. React limits the number of nested updates to prevent infinite loops.
 > getRootForUpdatedFiber ../../node_modules/.bun/react-dom@19.2.5+3f10a4be4e334a9b/node_modules/react-dom/cjs/react-dom-client.development.js:4624:10
 > enqueueConcurrentHookUpdate ../../node_modules/.bun/react-dom@19.2.5+3f10a4be4e334a9b/node_modules/react-dom/cjs/react-dom-client.development.js:4584:13
 > dispatchSetStateInternal ../../node_modules/.bun/react-dom@19.2.5+3f10a4be4e334a9b/node_modules/react-dom/cjs/react-dom-client.development.js:9167:17
 > dispatchSetState ../../node_modules/.bun/react-dom@19.2.5+3f10a4be4e334a9b/node_modules/react-dom/cjs/react-dom-client.development.js:9127:6
 > Transitioner.router.startTransition ../../node_modules/.bun/@tanstack+react-router@1.168.25+21ccd8898788a04d/node_modules/@tanstack/react-router/dist/esm/Transitioner.js:23:2
 > ../../node_modules/.bun/@tanstack+router-core@1.168.17/node_modules/@tanstack/router-core/dist/esm/router.js:526:9
 > RouterCore.load ../../node_modules/.bun/@tanstack+router-core@1.168.17/node_modules/@tanstack/router-core/dist/esm/router.js:525:17
 > RouterCore.commitLocation ../../node_modules/.bun/@tanstack+router-core@1.168.17/node_modules/@tanstack/router-core/dist/esm/router.js:387:40
 > RouterCore.buildAndCommitLocation ../../node_modules/.bun/@tanstack+router-core@1.168.17/node_modules/@tanstack/router-core/dist/esm/router.js:433:30

10:32:34 AM [vite] (client) [Unhandled rejection] Error: Maximum update depth exceeded. This can happen when a component repeatedly calls setState inside componentWillUpdate or componentDidUpdate. React limits the number of nested updates to prevent infinite loops.
 > getRootForUpdatedFiber ../../node_modules/.bun/react-dom@19.2.5+3f10a4be4e334a9b/node_modules/react-dom/cjs/react-dom-client.development.js:4624:10
 > enqueueConcurrentHookUpdate ../../node_modules/.bun/react-dom@19.2.5+3f10a4be4e334a9b/node_modules/react-dom/cjs/react-dom-client.development.js:4584:13
 > dispatchSetStateInternal ../../node_modules/.bun/react-dom@19.2.5+3f10a4be4e334a9b/node_modules/react-dom/cjs/react-dom-client.development.js:9167:17
 > dispatchSetState ../../node_modules/.bun/react-dom@19.2.5+3f10a4be4e334a9b/node_modules/react-dom/cjs/react-dom-client.development.js:9127:6
 > Transitioner.router.startTransition ../../node_modules/.bun/@tanstack+react-router@1.168.25+21ccd8898788a04d/node_modules/@tanstack/react-router/dist/esm/Transitioner.js:23:2
 > ../../node_modules/.bun/@tanstack+router-core@1.168.17/node_modules/@tanstack/router-core/dist/esm/router.js:526:9
 > RouterCore.load ../../node_modules/.bun/@tanstack+router-core@1.168.17/node_modules/@tanstack/router-core/dist/esm/router.js:525:17
 > RouterCore.commitLocation ../../node_modules/.bun/@tanstack+router-core@1.168.17/node_modules/@tanstack/router-core/dist/esm/router.js:387:40
 > RouterCore.buildAndCommitLocation ../../node_modules/.bun/@tanstack+router-core@1.168.17/node_modules/@tanstack/router-core/dist/esm/router.js:433:30

10:32:34 AM [vite] (client) [Unhandled rejection] Error: Maximum update depth exceeded. This can happen when a component repeatedly calls setState inside componentWillUpdate or componentDidUpdate. React limits the number of nested updates to prevent infinite loops.
 > getRootForUpdatedFiber ../../node_modules/.bun/react-dom@19.2.5+3f10a4be4e334a9b/node_modules/react-dom/cjs/react-dom-client.development.js:4624:10
 > enqueueConcurrentHookUpdate ../../node_modules/.bun/react-dom@19.2.5+3f10a4be4e334a9b/node_modules/react-dom/cjs/react-dom-client.development.js:4584:13
 > dispatchSetStateInternal ../../node_modules/.bun/react-dom@19.2.5+3f10a4be4e334a9b/node_modules/react-dom/cjs/react-dom-client.development.js:9167:17
 > dispatchSetState ../../node_modules/.bun/react-dom@19.2.5+3f10a4be4e334a9b/node_modules/react-dom/cjs/react-dom-client.development.js:9127:6
 > Transitioner.router.startTransition ../../node_modules/.bun/@tanstack+react-router@1.168.25+21ccd8898788a04d/node_modules/@tanstack/react-router/dist/esm/Transitioner.js:23:2
 > ../../node_modules/.bun/@tanstack+router-core@1.168.17/node_modules/@tanstack/router-core/dist/esm/router.js:526:9
 > RouterCore.load ../../node_modules/.bun/@tanstack+router-core@1.168.17/node_modules/@tanstack/router-core/dist/esm/router.js:525:17
 > RouterCore.commitLocation ../../node_modules/.bun/@tanstack+router-core@1.168.17/node_modules/@tanstack/router-core/dist/esm/router.js:387:40
 > RouterCore.buildAndCommitLocation ../../node_modules/.bun/@tanstack+router-core@1.168.17/node_modules/@tanstack/router-core/dist/esm/router.js:433:30

10:32:34 AM [vite] (client) [Unhandled rejection] Error: Maximum update depth exceeded. This can happen when a component repeatedly calls setState inside componentWillUpdate or componentDidUpdate. React limits the number of nested updates to prevent infinite loops.
 > getRootForUpdatedFiber ../../node_modules/.bun/react-dom@19.2.5+3f10a4be4e334a9b/node_modules/react-dom/cjs/react-dom-client.development.js:4624:10
 > enqueueConcurrentHookUpdate ../../node_modules/.bun/react-dom@19.2.5+3f10a4be4e334a9b/node_modules/react-dom/cjs/react-dom-client.development.js:4584:13
 > dispatchSetStateInternal ../../node_modules/.bun/react-dom@19.2.5+3f10a4be4e334a9b/node_modules/react-dom/cjs/react-dom-client.development.js:9167:17
 > dispatchSetState ../../node_modules/.bun/react-dom@19.2.5+3f10a4be4e334a9b/node_modules/react-dom/cjs/react-dom-client.development.js:9127:6
 > Transitioner.router.startTransition ../../node_modules/.bun/@tanstack+react-router@1.168.25+21ccd8898788a04d/node_modules/@tanstack/react-router/dist/esm/Transitioner.js:23:2
 > ../../node_modules/.bun/@tanstack+router-core@1.168.17/node_modules/@tanstack/router-core/dist/esm/router.js:526:9
 > RouterCore.load ../../node_modules/.bun/@tanstack+router-core@1.168.17/node_modules/@tanstack/router-core/dist/esm/router.js:525:17
 > RouterCore.commitLocation ../../node_modules/.bun/@tanstack+router-core@1.168.17/node_modules/@tanstack/router-core/dist/esm/router.js:387:40
 > RouterCore.buildAndCommitLocation ../../node_modules/.bun/@tanstack+router-core@1.168.17/node_modules/@tanstack/router-core/dist/esm/router.js:433:30

10:32:34 AM [vite] (client) [Unhandled rejection] Error: Maximum update depth exceeded. This can happen when a component repeatedly calls setState inside componentWillUpdate or componentDidUpdate. React limits the number of nested updates to prevent infinite loops.
 > getRootForUpdatedFiber ../../node_modules/.bun/react-dom@19.2.5+3f10a4be4e334a9b/node_modules/react-dom/cjs/react-dom-client.development.js:4624:10
 > enqueueConcurrentHookUpdate ../../node_modules/.bun/react-dom@19.2.5+3f10a4be4e334a9b/node_modules/react-dom/cjs/react-dom-client.development.js:4584:13
 > dispatchSetStateInternal ../../node_modules/.bun/react-dom@19.2.5+3f10a4be4e334a9b/node_modules/react-dom/cjs/react-dom-client.development.js:9167:17
 > dispatchSetState ../../node_modules/.bun/react-dom@19.2.5+3f10a4be4e334a9b/node_modules/react-dom/cjs/react-dom-client.development.js:9127:6
 > Transitioner.router.startTransition ../../node_modules/.bun/@tanstack+react-router@1.168.25+21ccd8898788a04d/node_modules/@tanstack/react-router/dist/esm/Transitioner.js:23:2
 > ../../node_modules/.bun/@tanstack+router-core@1.168.17/node_modules/@tanstack/router-core/dist/esm/router.js:526:9
 > RouterCore.load ../../node_modules/.bun/@tanstack+router-core@1.168.17/node_modules/@tanstack/router-core/dist/esm/router.js:525:17
 > RouterCore.commitLocation ../../node_modules/.bun/@tanstack+router-core@1.168.17/node_modules/@tanstack/router-core/dist/esm/router.js:387:40
 > RouterCore.buildAndCommitLocation ../../node_modules/.bun/@tanstack+router-core@1.168.17/node_modules/@tanstack/router-core/dist/esm/router.js:433:30

10:32:34 AM [vite] (client) [Unhandled rejection] Error: Maximum update depth exceeded. This can happen when a component repeatedly calls setState inside componentWillUpdate or componentDidUpdate. React limits the number of nested updates to prevent infinite loops.
 > getRootForUpdatedFiber ../../node_modules/.bun/react-dom@19.2.5+3f10a4be4e334a9b/node_modules/react-dom/cjs/react-dom-client.development.js:4624:10
 > enqueueConcurrentHookUpdate ../../node_modules/.bun/react-dom@19.2.5+3f10a4be4e334a9b/node_modules/react-dom/cjs/react-dom-client.development.js:4584:13
 > dispatchSetStateInternal ../../node_modules/.bun/react-dom@19.2.5+3f10a4be4e334a9b/node_modules/react-dom/cjs/react-dom-client.development.js:9167:17
 > dispatchSetState ../../node_modules/.bun/react-dom@19.2.5+3f10a4be4e334a9b/node_modules/react-dom/cjs/react-dom-client.development.js:9127:6
 > Transitioner.router.startTransition ../../node_modules/.bun/@tanstack+react-router@1.168.25+21ccd8898788a04d/node_modules/@tanstack/react-router/dist/esm/Transitioner.js:23:2
 > ../../node_modules/.bun/@tanstack+router-core@1.168.17/node_modules/@tanstack/router-core/dist/esm/router.js:526:9
 > RouterCore.load ../../node_modules/.bun/@tanstack+router-core@1.168.17/node_modules/@tanstack/router-core/dist/esm/router.js:525:17
 > RouterCore.commitLocation ../../node_modules/.bun/@tanstack+router-core@1.168.17/node_modules/@tanstack/router-core/dist/esm/router.js:387:40
 > RouterCore.buildAndCommitLocation ../../node_modules/.bun/@tanstack+router-core@1.168.17/node_modules/@tanstack/router-core/dist/esm/router.js:433:30

10:32:34 AM [vite] (client) [Unhandled rejection] Error: Maximum update depth exceeded. This can happen when a component repeatedly calls setState inside componentWillUpdate or componentDidUpdate. React limits the number of nested updates to prevent infinite loops.
 > getRootForUpdatedFiber ../../node_modules/.bun/react-dom@19.2.5+3f10a4be4e334a9b/node_modules/react-dom/cjs/react-dom-client.development.js:4624:10
 > enqueueConcurrentHookUpdate ../../node_modules/.bun/react-dom@19.2.5+3f10a4be4e334a9b/node_modules/react-dom/cjs/react-dom-client.development.js:4584:13
 > dispatchSetStateInternal ../../node_modules/.bun/react-dom@19.2.5+3f10a4be4e334a9b/node_modules/react-dom/cjs/react-dom-client.development.js:9167:17
 > dispatchSetState ../../node_modules/.bun/react-dom@19.2.5+3f10a4be4e334a9b/node_modules/react-dom/cjs/react-dom-client.development.js:9127:6
 > Transitioner.router.startTransition ../../node_modules/.bun/@tanstack+react-router@1.168.25+21ccd8898788a04d/node_modules/@tanstack/react-router/dist/esm/Transitioner.js:23:2
 > ../../node_modules/.bun/@tanstack+router-core@1.168.17/node_modules/@tanstack/router-core/dist/esm/router.js:526:9
 > RouterCore.load ../../node_modules/.bun/@tanstack+router-core@1.168.17/node_modules/@tanstack/router-core/dist/esm/router.js:525:17
 > RouterCore.commitLocation ../../node_modules/.bun/@tanstack+router-core@1.168.17/node_modules/@tanstack/router-core/dist/esm/router.js:387:40
 > RouterCore.buildAndCommitLocation ../../node_modules/.bun/@tanstack+router-core@1.168.17/node_modules/@tanstack/router-core/dist/esm/router.js:433:30

10:32:34 AM [vite] (client) [Unhandled rejection] Error: Maximum update depth exceeded. This can happen when a component repeatedly calls setState inside componentWillUpdate or componentDidUpdate. React limits the number of nested updates to prevent infinite loops.
 > getRootForUpdatedFiber ../../node_modules/.bun/react-dom@19.2.5+3f10a4be4e334a9b/node_modules/react-dom/cjs/react-dom-client.development.js:4624:10
 > enqueueConcurrentHookUpdate ../../node_modules/.bun/react-dom@19.2.5+3f10a4be4e334a9b/node_modules/react-dom/cjs/react-dom-client.development.js:4584:13
 > dispatchSetStateInternal ../../node_modules/.bun/react-dom@19.2.5+3f10a4be4e334a9b/node_modules/react-dom/cjs/react-dom-client.development.js:9167:17
 > dispatchSetState ../../node_modules/.bun/react-dom@19.2.5+3f10a4be4e334a9b/node_modules/react-dom/cjs/react-dom-client.development.js:9127:6
 > Transitioner.router.startTransition ../../node_modules/.bun/@tanstack+react-router@1.168.25+21ccd8898788a04d/node_modules/@tanstack/react-router/dist/esm/Transitioner.js:23:2
 > ../../node_modules/.bun/@tanstack+router-core@1.168.17/node_modules/@tanstack/router-core/dist/esm/router.js:526:9
 > RouterCore.load ../../node_modules/.bun/@tanstack+router-core@1.168.17/node_modules/@tanstack/router-core/dist/esm/router.js:525:17
 > RouterCore.commitLocation ../../node_modules/.bun/@tanstack+router-core@1.168.17/node_modules/@tanstack/router-core/dist/esm/router.js:387:40
 > RouterCore.buildAndCommitLocation ../../node_modules/.bun/@tanstack+router-core@1.168.17/node_modules/@tanstack/router-core/dist/esm/router.js:433:30

10:32:34 AM [vite] (client) [Unhandled rejection] Error: Maximum update depth exceeded. This can happen when a component repeatedly calls setState inside componentWillUpdate or componentDidUpdate. React limits the number of nested updates to prevent infinite loops.
 > getRootForUpdatedFiber ../../node_modules/.bun/react-dom@19.2.5+3f10a4be4e334a9b/node_modules/react-dom/cjs/react-dom-client.development.js:4624:10
 > enqueueConcurrentHookUpdate ../../node_modules/.bun/react-dom@19.2.5+3f10a4be4e334a9b/node_modules/react-dom/cjs/react-dom-client.development.js:4584:13
 > dispatchSetStateInternal ../../node_modules/.bun/react-dom@19.2.5+3f10a4be4e334a9b/node_modules/react-dom/cjs/react-dom-client.development.js:9167:17
 > dispatchSetState ../../node_modules/.bun/react-dom@19.2.5+3f10a4be4e334a9b/node_modules/react-dom/cjs/react-dom-client.development.js:9127:6
 > Transitioner.router.startTransition ../../node_modules/.bun/@tanstack+react-router@1.168.25+21ccd8898788a04d/node_modules/@tanstack/react-router/dist/esm/Transitioner.js:23:2
 > ../../node_modules/.bun/@tanstack+router-core@1.168.17/node_modules/@tanstack/router-core/dist/esm/router.js:526:9
 > RouterCore.load ../../node_modules/.bun/@tanstack+router-core@1.168.17/node_modules/@tanstack/router-core/dist/esm/router.js:525:17
 > RouterCore.commitLocation ../../node_modules/.bun/@tanstack+router-core@1.168.17/node_modules/@tanstack/router-core/dist/esm/router.js:387:40
 > RouterCore.buildAndCommitLocation ../../node_modules/.bun/@tanstack+router-core@1.168.17/node_modules/@tanstack/router-core/dist/esm/router.js:433:30

10:32:34 AM [vite] (client) [Unhandled rejection] Error: Maximum update depth exceeded. This can happen when a component repeatedly calls setState inside componentWillUpdate or componentDidUpdate. React limits the number of nested updates to prevent infinite loops.
 > getRootForUpdatedFiber ../../node_modules/.bun/react-dom@19.2.5+3f10a4be4e334a9b/node_modules/react-dom/cjs/react-dom-client.development.js:4624:10
 > enqueueConcurrentHookUpdate ../../node_modules/.bun/react-dom@19.2.5+3f10a4be4e334a9b/node_modules/react-dom/cjs/react-dom-client.development.js:4584:13
 > dispatchSetStateInternal ../../node_modules/.bun/react-dom@19.2.5+3f10a4be4e334a9b/node_modules/react-dom/cjs/react-dom-client.development.js:9167:17
 > dispatchSetState ../../node_modules/.bun/react-dom@19.2.5+3f10a4be4e334a9b/node_modules/react-dom/cjs/react-dom-client.development.js:9127:6
 > Transitioner.router.startTransition ../../node_modules/.bun/@tanstack+react-router@1.168.25+21ccd8898788a04d/node_modules/@tanstack/react-router/dist/esm/Transitioner.js:23:2
 > ../../node_modules/.bun/@tanstack+router-core@1.168.17/node_modules/@tanstack/router-core/dist/esm/router.js:526:9
 > RouterCore.load ../../node_modules/.bun/@tanstack+router-core@1.168.17/node_modules/@tanstack/router-core/dist/esm/router.js:525:17
 > RouterCore.commitLocation ../../node_modules/.bun/@tanstack+router-core@1.168.17/node_modules/@tanstack/router-core/dist/esm/router.js:387:40
 > RouterCore.buildAndCommitLocation ../../node_modules/.bun/@tanstack+router-core@1.168.17/node_modules/@tanstack/router-core/dist/esm/router.js:433:30

10:32:34 AM [vite] (client) [Unhandled rejection] Error: Maximum update depth exceeded. This can happen when a component repeatedly calls setState inside componentWillUpdate or componentDidUpdate. React limits the number of nested updates to prevent infinite loops.
 > getRootForUpdatedFiber ../../node_modules/.bun/react-dom@19.2.5+3f10a4be4e334a9b/node_modules/react-dom/cjs/react-dom-client.development.js:4624:10
 > enqueueConcurrentHookUpdate ../../node_modules/.bun/react-dom@19.2.5+3f10a4be4e334a9b/node_modules/react-dom/cjs/react-dom-client.development.js:4584:13
 > dispatchSetStateInternal ../../node_modules/.bun/react-dom@19.2.5+3f10a4be4e334a9b/node_modules/react-dom/cjs/react-dom-client.development.js:9167:17
 > dispatchSetState ../../node_modules/.bun/react-dom@19.2.5+3f10a4be4e334a9b/node_modules/react-dom/cjs/react-dom-client.development.js:9127:6
 > Transitioner.router.startTransition ../../node_modules/.bun/@tanstack+react-router@1.168.25+21ccd8898788a04d/node_modules/@tanstack/react-router/dist/esm/Transitioner.js:23:2
 > ../../node_modules/.bun/@tanstack+router-core@1.168.17/node_modules/@tanstack/router-core/dist/esm/router.js:526:9
 > RouterCore.load ../../node_modules/.bun/@tanstack+router-core@1.168.17/node_modules/@tanstack/router-core/dist/esm/router.js:525:17
 > RouterCore.commitLocation ../../node_modules/.bun/@tanstack+router-core@1.168.17/node_modules/@tanstack/router-core/dist/esm/router.js:387:40
 > RouterCore.buildAndCommitLocation ../../node_modules/.bun/@tanstack+router-core@1.168.17/node_modules/@tanstack/router-core/dist/esm/router.js:433:30

10:32:34 AM [vite] (client) [Unhandled rejection] Error: Maximum update depth exceeded. This can happen when a component repeatedly calls setState inside componentWillUpdate or componentDidUpdate. React limits the number of nested updates to prevent infinite loops.
 > getRootForUpdatedFiber ../../node_modules/.bun/react-dom@19.2.5+3f10a4be4e334a9b/node_modules/react-dom/cjs/react-dom-client.development.js:4624:10
 > enqueueConcurrentHookUpdate ../../node_modules/.bun/react-dom@19.2.5+3f10a4be4e334a9b/node_modules/react-dom/cjs/react-dom-client.development.js:4584:13
 > dispatchSetStateInternal ../../node_modules/.bun/react-dom@19.2.5+3f10a4be4e334a9b/node_modules/react-dom/cjs/react-dom-client.development.js:9167:17
 > dispatchSetState ../../node_modules/.bun/react-dom@19.2.5+3f10a4be4e334a9b/node_modules/react-dom/cjs/react-dom-client.development.js:9127:6
 > Transitioner.router.startTransition ../../node_modules/.bun/@tanstack+react-router@1.168.25+21ccd8898788a04d/node_modules/@tanstack/react-router/dist/esm/Transitioner.js:23:2
 > ../../node_modules/.bun/@tanstack+router-core@1.168.17/node_modules/@tanstack/router-core/dist/esm/router.js:526:9
 > RouterCore.load ../../node_modules/.bun/@tanstack+router-core@1.168.17/node_modules/@tanstack/router-core/dist/esm/router.js:525:17
 > RouterCore.commitLocation ../../node_modules/.bun/@tanstack+router-core@1.168.17/node_modules/@tanstack/router-core/dist/esm/router.js:387:40
 > RouterCore.buildAndCommitLocation ../../node_modules/.bun/@tanstack+router-core@1.168.17/node_modules/@tanstack/router-core/dist/esm/router.js:433:30

10:32:34 AM [vite] (client) [Unhandled rejection] Error: Maximum update depth exceeded. This can happen when a component repeatedly calls setState inside componentWillUpdate or componentDidUpdate. React limits the number of nested updates to prevent infinite loops.
 > getRootForUpdatedFiber ../../node_modules/.bun/react-dom@19.2.5+3f10a4be4e334a9b/node_modules/react-dom/cjs/react-dom-client.development.js:4624:10
 > enqueueConcurrentHookUpdate ../../node_modules/.bun/react-dom@19.2.5+3f10a4be4e334a9b/node_modules/react-dom/cjs/react-dom-client.development.js:4584:13
 > dispatchSetStateInternal ../../node_modules/.bun/react-dom@19.2.5+3f10a4be4e334a9b/node_modules/react-dom/cjs/react-dom-client.development.js:9167:17
 > dispatchSetState ../../node_modules/.bun/react-dom@19.2.5+3f10a4be4e334a9b/node_modules/react-dom/cjs/react-dom-client.development.js:9127:6
 > Transitioner.router.startTransition ../../node_modules/.bun/@tanstack+react-router@1.168.25+21ccd8898788a04d/node_modules/@tanstack/react-router/dist/esm/Transitioner.js:23:2
 > ../../node_modules/.bun/@tanstack+router-core@1.168.17/node_modules/@tanstack/router-core/dist/esm/router.js:526:9
 > RouterCore.load ../../node_modules/.bun/@tanstack+router-core@1.168.17/node_modules/@tanstack/router-core/dist/esm/router.js:525:17
 > RouterCore.commitLocation ../../node_modules/.bun/@tanstack+router-core@1.168.17/node_modules/@tanstack/router-core/dist/esm/router.js:387:40
 > RouterCore.buildAndCommitLocation ../../node_modules/.bun/@tanstack+router-core@1.168.17/node_modules/@tanstack/router-core/dist/esm/router.js:433:30

10:32:34 AM [vite] (client) [Unhandled rejection] Error: Maximum update depth exceeded. This can happen when a component repeatedly calls setState inside componentWillUpdate or componentDidUpdate. React limits the number of nested updates to prevent infinite loops.
 > getRootForUpdatedFiber ../../node_modules/.bun/react-dom@19.2.5+3f10a4be4e334a9b/node_modules/react-dom/cjs/react-dom-client.development.js:4624:10
 > enqueueConcurrentHookUpdate ../../node_modules/.bun/react-dom@19.2.5+3f10a4be4e334a9b/node_modules/react-dom/cjs/react-dom-client.development.js:4584:13
 > dispatchSetStateInternal ../../node_modules/.bun/react-dom@19.2.5+3f10a4be4e334a9b/node_modules/react-dom/cjs/react-dom-client.development.js:9167:17
 > dispatchSetState ../../node_modules/.bun/react-dom@19.2.5+3f10a4be4e334a9b/node_modules/react-dom/cjs/react-dom-client.development.js:9127:6
 > Transitioner.router.startTransition ../../node_modules/.bun/@tanstack+react-router@1.168.25+21ccd8898788a04d/node_modules/@tanstack/react-router/dist/esm/Transitioner.js:23:2
 > ../../node_modules/.bun/@tanstack+router-core@1.168.17/node_modules/@tanstack/router-core/dist/esm/router.js:526:9
 > RouterCore.load ../../node_modules/.bun/@tanstack+router-core@1.168.17/node_modules/@tanstack/router-core/dist/esm/router.js:525:17
 > RouterCore.commitLocation ../../node_modules/.bun/@tanstack+router-core@1.168.17/node_modules/@tanstack/router-core/dist/esm/router.js:387:40
 > RouterCore.buildAndCommitLocation ../../node_modules/.bun/@tanstack+router-core@1.168.17/node_modules/@tanstack/router-core/dist/esm/router.js:433:30

10:32:34 AM [vite] (client) [Unhandled rejection] Error: Maximum update depth exceeded. This can happen when a component repeatedly calls setState inside componentWillUpdate or componentDidUpdate. React limits the number of nested updates to prevent infinite loops.
 > getRootForUpdatedFiber ../../node_modules/.bun/react-dom@19.2.5+3f10a4be4e334a9b/node_modules/react-dom/cjs/react-dom-client.development.js:4624:10
 > enqueueConcurrentHookUpdate ../../node_modules/.bun/react-dom@19.2.5+3f10a4be4e334a9b/node_modules/react-dom/cjs/react-dom-client.development.js:4584:13
 > dispatchSetStateInternal ../../node_modules/.bun/react-dom@19.2.5+3f10a4be4e334a9b/node_modules/react-dom/cjs/react-dom-client.development.js:9167:17
 > dispatchSetState ../../node_modules/.bun/react-dom@19.2.5+3f10a4be4e334a9b/node_modules/react-dom/cjs/react-dom-client.development.js:9127:6
 > Transitioner.router.startTransition ../../node_modules/.bun/@tanstack+react-router@1.168.25+21ccd8898788a04d/node_modules/@tanstack/react-router/dist/esm/Transitioner.js:23:2
 > ../../node_modules/.bun/@tanstack+router-core@1.168.17/node_modules/@tanstack/router-core/dist/esm/router.js:526:9
 > RouterCore.load ../../node_modules/.bun/@tanstack+router-core@1.168.17/node_modules/@tanstack/router-core/dist/esm/router.js:525:17
 > RouterCore.commitLocation ../../node_modules/.bun/@tanstack+router-core@1.168.17/node_modules/@tanstack/router-core/dist/esm/router.js:387:40
 > RouterCore.buildAndCommitLocation ../../node_modules/.bun/@tanstack+router-core@1.168.17/node_modules/@tanstack/router-core/dist/esm/router.js:433:30

10:32:34 AM [vite] (client) [Unhandled rejection] Error: Maximum update depth exceeded. This can happen when a component repeatedly calls setState inside componentWillUpdate or componentDidUpdate. React limits the number of nested updates to prevent infinite loops.
 > getRootForUpdatedFiber ../../node_modules/.bun/react-dom@19.2.5+3f10a4be4e334a9b/node_modules/react-dom/cjs/react-dom-client.development.js:4624:10
 > enqueueConcurrentHookUpdate ../../node_modules/.bun/react-dom@19.2.5+3f10a4be4e334a9b/node_modules/react-dom/cjs/react-dom-client.development.js:4584:13
 > dispatchSetStateInternal ../../node_modules/.bun/react-dom@19.2.5+3f10a4be4e334a9b/node_modules/react-dom/cjs/react-dom-client.development.js:9167:17
 > dispatchSetState ../../node_modules/.bun/react-dom@19.2.5+3f10a4be4e334a9b/node_modules/react-dom/cjs/react-dom-client.development.js:9127:6
 > Transitioner.router.startTransition ../../node_modules/.bun/@tanstack+react-router@1.168.25+21ccd8898788a04d/node_modules/@tanstack/react-router/dist/esm/Transitioner.js:23:2
 > ../../node_modules/.bun/@tanstack+router-core@1.168.17/node_modules/@tanstack/router-core/dist/esm/router.js:526:9
 > RouterCore.load ../../node_modules/.bun/@tanstack+router-core@1.168.17/node_modules/@tanstack/router-core/dist/esm/router.js:525:17
 > RouterCore.commitLocation ../../node_modules/.bun/@tanstack+router-core@1.168.17/node_modules/@tanstack/router-core/dist/esm/router.js:387:40
 > RouterCore.buildAndCommitLocation ../../node_modules/.bun/@tanstack+router-core@1.168.17/node_modules/@tanstack/router-core/dist/esm/router.js:433:30

10:32:34 AM [vite] (client) [Unhandled rejection] Error: Maximum update depth exceeded. This can happen when a component repeatedly calls setState inside componentWillUpdate or componentDidUpdate. React limits the number of nested updates to prevent infinite loops.
 > getRootForUpdatedFiber ../../node_modules/.bun/react-dom@19.2.5+3f10a4be4e334a9b/node_modules/react-dom/cjs/react-dom-client.development.js:4624:10
 > enqueueConcurrentHookUpdate ../../node_modules/.bun/react-dom@19.2.5+3f10a4be4e334a9b/node_modules/react-dom/cjs/react-dom-client.development.js:4584:13
 > dispatchSetStateInternal ../../node_modules/.bun/react-dom@19.2.5+3f10a4be4e334a9b/node_modules/react-dom/cjs/react-dom-client.development.js:9167:17
 > dispatchSetState ../../node_modules/.bun/react-dom@19.2.5+3f10a4be4e334a9b/node_modules/react-dom/cjs/react-dom-client.development.js:9127:6
 > Transitioner.router.startTransition ../../node_modules/.bun/@tanstack+react-router@1.168.25+21ccd8898788a04d/node_modules/@tanstack/react-router/dist/esm/Transitioner.js:23:2
 > ../../node_modules/.bun/@tanstack+router-core@1.168.17/node_modules/@tanstack/router-core/dist/esm/router.js:526:9
 > RouterCore.load ../../node_modules/.bun/@tanstack+router-core@1.168.17/node_modules/@tanstack/router-core/dist/esm/router.js:525:17
 > RouterCore.commitLocation ../../node_modules/.bun/@tanstack+router-core@1.168.17/node_modules/@tanstack/router-core/dist/esm/router.js:387:40
 > RouterCore.buildAndCommitLocation ../../node_modules/.bun/@tanstack+router-core@1.168.17/node_modules/@tanstack/router-core/dist/esm/router.js:433:30

10:32:34 AM [vite] (client) [Unhandled rejection] Error: Maximum update depth exceeded. This can happen when a component repeatedly calls setState inside componentWillUpdate or componentDidUpdate. React limits the number of nested updates to prevent infinite loops.
 > getRootForUpdatedFiber ../../node_modules/.bun/react-dom@19.2.5+3f10a4be4e334a9b/node_modules/react-dom/cjs/react-dom-client.development.js:4624:10
 > enqueueConcurrentHookUpdate ../../node_modules/.bun/react-dom@19.2.5+3f10a4be4e334a9b/node_modules/react-dom/cjs/react-dom-client.development.js:4584:13
 > dispatchSetStateInternal ../../node_modules/.bun/react-dom@19.2.5+3f10a4be4e334a9b/node_modules/react-dom/cjs/react-dom-client.development.js:9167:17
 > dispatchSetState ../../node_modules/.bun/react-dom@19.2.5+3f10a4be4e334a9b/node_modules/react-dom/cjs/react-dom-client.development.js:9127:6
 > Transitioner.router.startTransition ../../node_modules/.bun/@tanstack+react-router@1.168.25+21ccd8898788a04d/node_modules/@tanstack/react-router/dist/esm/Transitioner.js:23:2
 > ../../node_modules/.bun/@tanstack+router-core@1.168.17/node_modules/@tanstack/router-core/dist/esm/router.js:526:9
 > RouterCore.load ../../node_modules/.bun/@tanstack+router-core@1.168.17/node_modules/@tanstack/router-core/dist/esm/router.js:525:17
 > RouterCore.commitLocation ../../node_modules/.bun/@tanstack+router-core@1.168.17/node_modules/@tanstack/router-core/dist/esm/router.js:387:40
 > RouterCore.buildAndCommitLocation ../../node_modules/.bun/@tanstack+router-core@1.168.17/node_modules/@tanstack/router-core/dist/esm/router.js:433:30

10:32:34 AM [vite] (client) [Unhandled rejection] Error: Maximum update depth exceeded. This can happen when a component repeatedly calls setState inside componentWillUpdate or componentDidUpdate. React limits the number of nested updates to prevent infinite loops.
 > getRootForUpdatedFiber ../../node_modules/.bun/react-dom@19.2.5+3f10a4be4e334a9b/node_modules/react-dom/cjs/react-dom-client.development.js:4624:10
 > enqueueConcurrentHookUpdate ../../node_modules/.bun/react-dom@19.2.5+3f10a4be4e334a9b/node_modules/react-dom/cjs/react-dom-client.development.js:4584:13
 > dispatchSetStateInternal ../../node_modules/.bun/react-dom@19.2.5+3f10a4be4e334a9b/node_modules/react-dom/cjs/react-dom-client.development.js:9167:17
 > dispatchSetState ../../node_modules/.bun/react-dom@19.2.5+3f10a4be4e334a9b/node_modules/react-dom/cjs/react-dom-client.development.js:9127:6
 > Transitioner.router.startTransition ../../node_modules/.bun/@tanstack+react-router@1.168.25+21ccd8898788a04d/node_modules/@tanstack/react-router/dist/esm/Transitioner.js:23:2
 > ../../node_modules/.bun/@tanstack+router-core@1.168.17/node_modules/@tanstack/router-core/dist/esm/router.js:526:9
 > RouterCore.load ../../node_modules/.bun/@tanstack+router-core@1.168.17/node_modules/@tanstack/router-core/dist/esm/router.js:525:17
 > RouterCore.commitLocation ../../node_modules/.bun/@tanstack+router-core@1.168.17/node_modules/@tanstack/router-core/dist/esm/router.js:387:40
 > RouterCore.buildAndCommitLocation ../../node_modules/.bun/@tanstack+router-core@1.168.17/node_modules/@tanstack/router-core/dist/esm/router.js:433:30

10:32:34 AM [vite] (client) [Unhandled rejection] Error: Maximum update depth exceeded. This can happen when a component repeatedly calls setState inside componentWillUpdate or componentDidUpdate. React limits the number of nested updates to prevent infinite loops.
 > getRootForUpdatedFiber ../../node_modules/.bun/react-dom@19.2.5+3f10a4be4e334a9b/node_modules/react-dom/cjs/react-dom-client.development.js:4624:10
 > enqueueConcurrentHookUpdate ../../node_modules/.bun/react-dom@19.2.5+3f10a4be4e334a9b/node_modules/react-dom/cjs/react-dom-client.development.js:4584:13
 > dispatchSetStateInternal ../../node_modules/.bun/react-dom@19.2.5+3f10a4be4e334a9b/node_modules/react-dom/cjs/react-dom-client.development.js:9167:17
 > dispatchSetState ../../node_modules/.bun/react-dom@19.2.5+3f10a4be4e334a9b/node_modules/react-dom/cjs/react-dom-client.development.js:9127:6
 > Transitioner.router.startTransition ../../node_modules/.bun/@tanstack+react-router@1.168.25+21ccd8898788a04d/node_modules/@tanstack/react-router/dist/esm/Transitioner.js:23:2
 > ../../node_modules/.bun/@tanstack+router-core@1.168.17/node_modules/@tanstack/router-core/dist/esm/router.js:526:9
 > RouterCore.load ../../node_modules/.bun/@tanstack+router-core@1.168.17/node_modules/@tanstack/router-core/dist/esm/router.js:525:17
 > RouterCore.commitLocation ../../node_modules/.bun/@tanstack+router-core@1.168.17/node_modules/@tanstack/router-core/dist/esm/router.js:387:40
 > RouterCore.buildAndCommitLocation ../../node_modules/.bun/@tanstack+router-core@1.168.17/node_modules/@tanstack/router-core/dist/esm/router.js:433:30

10:32:34 AM [vite] (client) [Unhandled rejection] Error: Maximum update depth exceeded. This can happen when a component repeatedly calls setState inside componentWillUpdate or componentDidUpdate. React limits the number of nested updates to prevent infinite loops.
 > getRootForUpdatedFiber ../../node_modules/.bun/react-dom@19.2.5+3f10a4be4e334a9b/node_modules/react-dom/cjs/react-dom-client.development.js:4624:10
 > enqueueConcurrentHookUpdate ../../node_modules/.bun/react-dom@19.2.5+3f10a4be4e334a9b/node_modules/react-dom/cjs/react-dom-client.development.js:4584:13
 > dispatchSetStateInternal ../../node_modules/.bun/react-dom@19.2.5+3f10a4be4e334a9b/node_modules/react-dom/cjs/react-dom-client.development.js:9167:17
 > dispatchSetState ../../node_modules/.bun/react-dom@19.2.5+3f10a4be4e334a9b/node_modules/react-dom/cjs/react-dom-client.development.js:9127:6
 > Transitioner.router.startTransition ../../node_modules/.bun/@tanstack+react-router@1.168.25+21ccd8898788a04d/node_modules/@tanstack/react-router/dist/esm/Transitioner.js:23:2
 > ../../node_modules/.bun/@tanstack+router-core@1.168.17/node_modules/@tanstack/router-core/dist/esm/router.js:526:9
 > RouterCore.load ../../node_modules/.bun/@tanstack+router-core@1.168.17/node_modules/@tanstack/router-core/dist/esm/router.js:525:17
 > RouterCore.commitLocation ../../node_modules/.bun/@tanstack+router-core@1.168.17/node_modules/@tanstack/router-core/dist/esm/router.js:387:40
 > RouterCore.buildAndCommitLocation ../../node_modules/.bun/@tanstack+router-core@1.168.17/node_modules/@tanstack/router-core/dist/esm/router.js:433:30

10:32:34 AM [vite] (client) [Unhandled rejection] Error: Maximum update depth exceeded. This can happen when a component repeatedly calls setState inside componentWillUpdate or componentDidUpdate. React limits the number of nested updates to prevent infinite loops.
 > getRootForUpdatedFiber ../../node_modules/.bun/react-dom@19.2.5+3f10a4be4e334a9b/node_modules/react-dom/cjs/react-dom-client.development.js:4624:10
 > enqueueConcurrentHookUpdate ../../node_modules/.bun/react-dom@19.2.5+3f10a4be4e334a9b/node_modules/react-dom/cjs/react-dom-client.development.js:4584:13
 > dispatchSetStateInternal ../../node_modules/.bun/react-dom@19.2.5+3f10a4be4e334a9b/node_modules/react-dom/cjs/react-dom-client.development.js:9167:17
 > dispatchSetState ../../node_modules/.bun/react-dom@19.2.5+3f10a4be4e334a9b/node_modules/react-dom/cjs/react-dom-client.development.js:9127:6
 > Transitioner.router.startTransition ../../node_modules/.bun/@tanstack+react-router@1.168.25+21ccd8898788a04d/node_modules/@tanstack/react-router/dist/esm/Transitioner.js:23:2
 > ../../node_modules/.bun/@tanstack+router-core@1.168.17/node_modules/@tanstack/router-core/dist/esm/router.js:526:9
 > RouterCore.load ../../node_modules/.bun/@tanstack+router-core@1.168.17/node_modules/@tanstack/router-core/dist/esm/router.js:525:17
 > RouterCore.commitLocation ../../node_modules/.bun/@tanstack+router-core@1.168.17/node_modules/@tanstack/router-core/dist/esm/router.js:387:40
 > RouterCore.buildAndCommitLocation ../../node_modules/.bun/@tanstack+router-core@1.168.17/node_modules/@tanstack/router-core/dist/esm/router.js:433:30

10:32:34 AM [vite] (client) [Unhandled rejection] Error: Maximum update depth exceeded. This can happen when a component repeatedly calls setState inside componentWillUpdate or componentDidUpdate. React limits the number of nested updates to prevent infinite loops.
 > getRootForUpdatedFiber ../../node_modules/.bun/react-dom@19.2.5+3f10a4be4e334a9b/node_modules/react-dom/cjs/react-dom-client.development.js:4624:10
 > enqueueConcurrentHookUpdate ../../node_modules/.bun/react-dom@19.2.5+3f10a4be4e334a9b/node_modules/react-dom/cjs/react-dom-client.development.js:4584:13
 > dispatchSetStateInternal ../../node_modules/.bun/react-dom@19.2.5+3f10a4be4e334a9b/node_modules/react-dom/cjs/react-dom-client.development.js:9167:17
 > dispatchSetState ../../node_modules/.bun/react-dom@19.2.5+3f10a4be4e334a9b/node_modules/react-dom/cjs/react-dom-client.development.js:9127:6
 > Transitioner.router.startTransition ../../node_modules/.bun/@tanstack+react-router@1.168.25+21ccd8898788a04d/node_modules/@tanstack/react-router/dist/esm/Transitioner.js:23:2
 > ../../node_modules/.bun/@tanstack+router-core@1.168.17/node_modules/@tanstack/router-core/dist/esm/router.js:526:9
 > RouterCore.load ../../node_modules/.bun/@tanstack+router-core@1.168.17/node_modules/@tanstack/router-core/dist/esm/router.js:525:17
 > RouterCore.commitLocation ../../node_modules/.bun/@tanstack+router-core@1.168.17/node_modules/@tanstack/router-core/dist/esm/router.js:387:40
 > RouterCore.buildAndCommitLocation ../../node_modules/.bun/@tanstack+router-core@1.168.17/node_modules/@tanstack/router-core/dist/esm/router.js:433:30

10:32:34 AM [vite] (client) [Unhandled rejection] Error: Maximum update depth exceeded. This can happen when a component repeatedly calls setState inside componentWillUpdate or componentDidUpdate. React limits the number of nested updates to prevent infinite loops.
 > getRootForUpdatedFiber ../../node_modules/.bun/react-dom@19.2.5+3f10a4be4e334a9b/node_modules/react-dom/cjs/react-dom-client.development.js:4624:10
 > enqueueConcurrentHookUpdate ../../node_modules/.bun/react-dom@19.2.5+3f10a4be4e334a9b/node_modules/react-dom/cjs/react-dom-client.development.js:4584:13
 > dispatchSetStateInternal ../../node_modules/.bun/react-dom@19.2.5+3f10a4be4e334a9b/node_modules/react-dom/cjs/react-dom-client.development.js:9167:17
 > dispatchSetState ../../node_modules/.bun/react-dom@19.2.5+3f10a4be4e334a9b/node_modules/react-dom/cjs/react-dom-client.development.js:9127:6
 > Transitioner.router.startTransition ../../node_modules/.bun/@tanstack+react-router@1.168.25+21ccd8898788a04d/node_modules/@tanstack/react-router/dist/esm/Transitioner.js:23:2
 > ../../node_modules/.bun/@tanstack+router-core@1.168.17/node_modules/@tanstack/router-core/dist/esm/router.js:526:9
 > RouterCore.load ../../node_modules/.bun/@tanstack+router-core@1.168.17/node_modules/@tanstack/router-core/dist/esm/router.js:525:17
 > RouterCore.commitLocation ../../node_modules/.bun/@tanstack+router-core@1.168.17/node_modules/@tanstack/router-core/dist/esm/router.js:387:40
 > RouterCore.buildAndCommitLocation ../../node_modules/.bun/@tanstack+router-core@1.168.17/node_modules/@tanstack/router-core/dist/esm/router.js:433:30

10:32:34 AM [vite] (client) [Unhandled rejection] Error: Maximum update depth exceeded. This can happen when a component repeatedly calls setState inside componentWillUpdate or componentDidUpdate. React limits the number of nested updates to prevent infinite loops.
 > getRootForUpdatedFiber ../../node_modules/.bun/react-dom@19.2.5+3f10a4be4e334a9b/node_modules/react-dom/cjs/react-dom-client.development.js:4624:10
 > enqueueConcurrentHookUpdate ../../node_modules/.bun/react-dom@19.2.5+3f10a4be4e334a9b/node_modules/react-dom/cjs/react-dom-client.development.js:4584:13
 > dispatchSetStateInternal ../../node_modules/.bun/react-dom@19.2.5+3f10a4be4e334a9b/node_modules/react-dom/cjs/react-dom-client.development.js:9167:17
 > dispatchSetState ../../node_modules/.bun/react-dom@19.2.5+3f10a4be4e334a9b/node_modules/react-dom/cjs/react-dom-client.development.js:9127:6
 > Transitioner.router.startTransition ../../node_modules/.bun/@tanstack+react-router@1.168.25+21ccd8898788a04d/node_modules/@tanstack/react-router/dist/esm/Transitioner.js:23:2
 > ../../node_modules/.bun/@tanstack+router-core@1.168.17/node_modules/@tanstack/router-core/dist/esm/router.js:526:9
 > RouterCore.load ../../node_modules/.bun/@tanstack+router-core@1.168.17/node_modules/@tanstack/router-core/dist/esm/router.js:525:17
 > RouterCore.commitLocation ../../node_modules/.bun/@tanstack+router-core@1.168.17/node_modules/@tanstack/router-core/dist/esm/router.js:387:40
 > RouterCore.buildAndCommitLocation ../../node_modules/.bun/@tanstack+router-core@1.168.17/node_modules/@tanstack/router-core/dist/esm/router.js:433:30

10:32:34 AM [vite] (client) [Unhandled rejection] Error: Maximum update depth exceeded. This can happen when a component repeatedly calls setState inside componentWillUpdate or componentDidUpdate. React limits the number of nested updates to prevent infinite loops.
 > getRootForUpdatedFiber ../../node_modules/.bun/react-dom@19.2.5+3f10a4be4e334a9b/node_modules/react-dom/cjs/react-dom-client.development.js:4624:10
 > enqueueConcurrentHookUpdate ../../node_modules/.bun/react-dom@19.2.5+3f10a4be4e334a9b/node_modules/react-dom/cjs/react-dom-client.development.js:4584:13
 > dispatchSetStateInternal ../../node_modules/.bun/react-dom@19.2.5+3f10a4be4e334a9b/node_modules/react-dom/cjs/react-dom-client.development.js:9167:17
 > dispatchSetState ../../node_modules/.bun/react-dom@19.2.5+3f10a4be4e334a9b/node_modules/react-dom/cjs/react-dom-client.development.js:9127:6
 > Transitioner.router.startTransition ../../node_modules/.bun/@tanstack+react-router@1.168.25+21ccd8898788a04d/node_modules/@tanstack/react-router/dist/esm/Transitioner.js:23:2
 > ../../node_modules/.bun/@tanstack+router-core@1.168.17/node_modules/@tanstack/router-core/dist/esm/router.js:526:9
 > RouterCore.load ../../node_modules/.bun/@tanstack+router-core@1.168.17/node_modules/@tanstack/router-core/dist/esm/router.js:525:17
 > RouterCore.commitLocation ../../node_modules/.bun/@tanstack+router-core@1.168.17/node_modules/@tanstack/router-core/dist/esm/router.js:387:40
 > RouterCore.buildAndCommitLocation ../../node_modules/.bun/@tanstack+router-core@1.168.17/node_modules/@tanstack/router-core/dist/esm/router.js:433:30

10:32:34 AM [vite] (client) [Unhandled rejection] Error: Maximum update depth exceeded. This can happen when a component repeatedly calls setState inside componentWillUpdate or componentDidUpdate. React limits the number of nested updates to prevent infinite loops.
 > getRootForUpdatedFiber ../../node_modules/.bun/react-dom@19.2.5+3f10a4be4e334a9b/node_modules/react-dom/cjs/react-dom-client.development.js:4624:10
 > enqueueConcurrentHookUpdate ../../node_modules/.bun/react-dom@19.2.5+3f10a4be4e334a9b/node_modules/react-dom/cjs/react-dom-client.development.js:4584:13
 > dispatchSetStateInternal ../../node_modules/.bun/react-dom@19.2.5+3f10a4be4e334a9b/node_modules/react-dom/cjs/react-dom-client.development.js:9167:17
 > dispatchSetState ../../node_modules/.bun/react-dom@19.2.5+3f10a4be4e334a9b/node_modules/react-dom/cjs/react-dom-client.development.js:9127:6
 > Transitioner.router.startTransition ../../node_modules/.bun/@tanstack+react-router@1.168.25+21ccd8898788a04d/node_modules/@tanstack/react-router/dist/esm/Transitioner.js:23:2
 > ../../node_modules/.bun/@tanstack+router-core@1.168.17/node_modules/@tanstack/router-core/dist/esm/router.js:526:9
 > RouterCore.load ../../node_modules/.bun/@tanstack+router-core@1.168.17/node_modules/@tanstack/router-core/dist/esm/router.js:525:17
 > RouterCore.commitLocation ../../node_modules/.bun/@tanstack+router-core@1.168.17/node_modules/@tanstack/router-core/dist/esm/router.js:387:40
 > RouterCore.buildAndCommitLocation ../../node_modules/.bun/@tanstack+router-core@1.168.17/node_modules/@tanstack/router-core/dist/esm/router.js:433:30

10:32:34 AM [vite] (client) [Unhandled rejection] Error: Maximum update depth exceeded. This can happen when a component repeatedly calls setState inside componentWillUpdate or componentDidUpdate. React limits the number of nested updates to prevent infinite loops.
 > getRootForUpdatedFiber ../../node_modules/.bun/react-dom@19.2.5+3f10a4be4e334a9b/node_modules/react-dom/cjs/react-dom-client.development.js:4624:10
 > enqueueConcurrentHookUpdate ../../node_modules/.bun/react-dom@19.2.5+3f10a4be4e334a9b/node_modules/react-dom/cjs/react-dom-client.development.js:4584:13
 > dispatchSetStateInternal ../../node_modules/.bun/react-dom@19.2.5+3f10a4be4e334a9b/node_modules/react-dom/cjs/react-dom-client.development.js:9167:17
 > dispatchSetState ../../node_modules/.bun/react-dom@19.2.5+3f10a4be4e334a9b/node_modules/react-dom/cjs/react-dom-client.development.js:9127:6
 > Transitioner.router.startTransition ../../node_modules/.bun/@tanstack+react-router@1.168.25+21ccd8898788a04d/node_modules/@tanstack/react-router/dist/esm/Transitioner.js:23:2
 > ../../node_modules/.bun/@tanstack+router-core@1.168.17/node_modules/@tanstack/router-core/dist/esm/router.js:526:9
 > RouterCore.load ../../node_modules/.bun/@tanstack+router-core@1.168.17/node_modules/@tanstack/router-core/dist/esm/router.js:525:17
 > RouterCore.commitLocation ../../node_modules/.bun/@tanstack+router-core@1.168.17/node_modules/@tanstack/router-core/dist/esm/router.js:387:40
 > RouterCore.buildAndCommitLocation ../../node_modules/.bun/@tanstack+router-core@1.168.17/node_modules/@tanstack/router-core/dist/esm/router.js:433:30

10:32:36 AM [vite] (client) [console.warn] Sentry DSN not configured, skipping initialization
10:32:36 AM [vite] (client) [console.warn] Clerk: Clerk has been loaded with development keys. Development instances have strict usage limits and should not be used when deploying your application to production. Learn more: https://clerk.com/docs/deployments/overview
10:32:37 AM [vite] (client) [console.warn] Sentry DSN not configured, skipping initialization
10:32:37 AM [vite] (client) [console.warn] Clerk: Clerk has been loaded with development keys. Development instances have strict usage limits and should not be used when deploying your application to production. Learn more: https://clerk.com/docs/deployments/overview
10:32:38 AM [vite] (client) page reload playwright-report/index.html
10:32:51 AM [vite] (client) [console.warn] Sentry DSN not configured, skipping initialization
10:32:51 AM [vite] (client) [console.warn] Clerk: Clerk has been loaded with development keys. Development instances have strict usage limits and should not be used when deploying your application to production. Learn more: https://clerk.com/docs/deployments/overview
